,bpm,harmony_position,key_confidence,loudness_db,onset_strength,flatness,zcr,centroid_mean,centroid_std,rolloff_mean,rolloff_std,rms_p10,rms_p50,rms_p90,mfcc_1_mean,mfcc_1_std,mfcc_2_mean,mfcc_2_std,mfcc_3_mean,mfcc_3_std,mfcc_4_mean,mfcc_4_std,mfcc_5_mean,mfcc_5_std,mfcc_6_mean,mfcc_6_std,mfcc_7_mean,mfcc_7_std,mfcc_8_mean,mfcc_8_std,mfcc_9_mean,mfcc_9_std,mfcc_10_mean,mfcc_10_std,mfcc_11_mean,mfcc_11_std,mfcc_12_mean,mfcc_12_std,contrast_0,contrast_1,contrast_2,contrast_3,contrast_4,contrast_5,contrast_6
4eVR.mp3,129.19921875,2.0,0.8326089082843989,-12.149728775024414,1.1924256086349487,0.0332383699715137,0.0952720918480766,2414.5667815149063,688.0559192411773,5437.501138529591,1456.6995072046516,-16.166778564453125,-10.49575424194336,-7.924050331115723,85.57938385009766,24.06515121459961,3.728912115097046,16.366741180419922,22.02633285522461,10.67690372467041,5.220551490783691,9.348343849182127,12.928780555725098,8.816136360168457,2.155525922775269,10.175172805786133,10.746343612670898,7.40936803817749,-0.5029169917106628,8.046238899230957,10.636573791503906,7.097718238830566,1.3566555976867676,7.546520709991455,3.7401719093322754,6.9614691734313965,-0.1225636899471283,6.771803855895996,18.214528597327625,13.050314897248647,16.73257866129987,17.21136095607289,17.089650368721156,16.6178397207384,48.36787827227893
ALWAYS BE WITH YOU XD.mp3,135.99917763157896,10.0,0.3791947114458946,-12.189340591430664,1.2986258268356323,0.0523416958749294,0.1366517081117858,2770.710987496037,708.8894123432849,5610.49829574727,1384.4348842914578,-13.929792404174805,-8.893509864807129,-7.003320455551148,64.22920227050781,24.63152313232422,-13.826201438903809,17.404539108276367,35.478355407714844,18.40798759460449,9.962103843688965,12.63995361328125,12.47607135772705,9.972006797790527,6.256692409515381,8.636112213134766,13.218964576721191,8.3878812789917,-0.2445258498191833,9.143168449401855,10.661934852600098,7.945654392242432,3.764101982116699,7.896780014038086,2.3486669063568115,7.274028778076172,-2.286536693572998,7.356289386749268,20.958600420100684,14.78217091476171,16.14164912135089,16.16144790333017,17.041390550770053,17.559515328482227,48.89628758846994
3 min 29 sec.mp3,103.359375,3.0,0.7347091432943573,-11.746356010437012,1.2052559852600098,0.041932325810194,0.1219079640896709,2639.746832116505,602.6801414464264,5515.737327258282,1230.6123178514526,-12.856112480163574,-9.558185577392578,-7.320414781570435,71.32372283935547,22.50906753540039,-10.754190444946287,19.277475357055664,30.96200942993164,14.434823036193848,10.877338409423828,12.040986061096191,10.919319152832031,9.610217094421388,-0.982025682926178,7.899435043334961,5.046009063720703,8.908109664916992,1.8945144414901731,7.911480903625488,0.9239329099655152,7.522905349731445,-2.1040987968444824,7.490011692047119,2.856487989425659,6.663778781890869,-3.740494966506958,7.319740772247314,19.04750431737816,14.97760558111582,17.50204264614246,16.595268921678244,17.136436425456157,16.646428844914748,47.76350823947735
99.9.mp3,112.34714673913044,7.0,0.4542267000262133,-12.75281810760498,1.1958887577056885,0.0492803230881691,0.1486534324243263,2859.798466356923,533.8804700463521,5612.4543892320735,1208.188359462793,-14.765607261657715,-10.364398002624512,-8.301398277282715,60.68326950073242,21.141197204589844,-19.201173782348636,25.812536239624023,36.3054084777832,17.96889305114746,3.3257429599761963,12.104292869567873,3.7605347633361816,14.543912887573242,5.471055507659912,9.63802719116211,9.875557899475098,10.414084434509276,-0.5897209048271179,7.739590644836426,10.991129875183104,7.63262939453125,0.2119100987911224,8.163016319274902,-1.5558072328567505,6.509446620941162,-4.4248948097229,7.546725273132324,19.827247737577704,13.895828990427416,16.17619259112691,16.88468839098106,16.778418632816706,18.05015704121717,48.36657183433211
Aimer「Zankyosanka」MUSIC VIDEO（Demon Slayer：Kimetsu no Yaiba Entertainment District Arc Theme Song）.mp3,112.34714673913044,5.0,0.6969047156527423,-12.355801582336426,1.1317955255508425,0.0314360149204731,0.1033781689859245,2439.1336839212377,459.33765451701015,5274.770957668546,1110.43881960894,-14.730375289916992,-11.520442008972168,-9.555619049072266,85.48050689697266,16.19327163696289,-10.817666053771973,11.939860343933104,22.567853927612305,9.723198890686035,10.090240478515623,7.338850498199463,8.396448135375977,7.528853893280029,1.739731788635254,5.92135763168335,6.656834125518799,6.00017786026001,6.05021858215332,6.521934509277344,7.427746295928955,5.875892639160156,-0.0842098668217659,5.806656837463379,6.301592826843262,5.857910633087158,0.8182806372642517,6.391716003417969,19.20555487193524,13.435515393319262,17.03717746246627,16.87057825475804,17.09519208794829,16.734757510492127,47.33917555880652
Aino-Reunion.mp3,123.046875,2.0,0.3489976767291678,-9.729113578796388,1.3922120332717896,0.0272442735731601,0.1119885880488559,2471.5392145068504,534.4138956636342,5134.560990767045,987.8937416241788,-11.889546966552734,-8.492258071899414,-6.6303003311157225,80.8723373413086,20.285783767700195,-9.21273422241211,14.997407913208008,35.274261474609375,12.992520332336426,0.9179825186729432,10.85369110107422,12.399587631225586,9.422391891479492,1.4554054737091064,9.285045623779297,3.314923048019409,8.24670124053955,3.320049524307251,8.335014343261719,4.502749919891357,7.6138153076171875,-3.446894407272339,7.069321155548096,3.3292315006256104,7.03330659866333,-1.4185309410095217,7.392364978790283,19.26725646943214,15.460196667791202,18.810209752273384,18.15435139408617,17.918622109077624,17.901398380009084,49.08761408260746
AIZO.mp3,95.703125,0.0,0.777704283293559,-11.163140296936035,1.2561049461364746,0.0521775595843791,0.1367068278913897,2772.5637870400114,684.3089883976149,5789.570043070849,1356.9846586318206,-15.433555030822754,-9.094295501708984,-7.434923839569092,74.1580581665039,24.83149719238281,-10.322580337524414,17.688703536987305,21.13643455505371,14.884526252746582,1.2878351211547852,11.731234550476074,9.19829559326172,9.871282577514648,2.055288076400757,8.49533462524414,4.582698345184326,8.56949520111084,1.7443585395812988,8.48922348022461,6.706619739532471,7.905374050140381,-0.0104810567572712,7.768800258636475,3.581855297088623,7.720930099487305,-3.8598804473876953,7.65554141998291,18.48781481979436,13.480128126482615,16.373320292531922,16.28537864916303,16.91353115403546,16.647871398219557,48.20642061483344
ANSWER.mp3,135.99917763157896,7.0,0.5509379726506707,-10.395543098449709,1.1875418424606323,0.0447154678404331,0.148220672509126,2726.034936853533,514.2004641075608,5315.177809027405,1131.765393174236,-12.907906913757325,-9.05467176437378,-7.216559028625487,71.07691192626953,22.122323989868164,-33.285945892333984,34.78107452392578,23.147634506225582,16.033740997314453,0.134851187467575,10.90915870666504,10.245328903198242,13.723362922668455,2.909510374069214,8.262277603149414,8.334552764892578,10.105789184570312,5.120450496673584,7.59302282333374,8.525875091552734,7.90448522567749,2.798797845840454,7.384110927581787,7.21432638168335,6.605905055999756,1.5651957988739014,7.558198928833008,18.926402467842596,13.031661664221993,15.9545380898333,16.26125504542839,16.53300756000871,17.122384814950774,48.15638345547664
1991.mp3,123.046875,10.0,0.7661698164513034,-18.66742515563965,1.3893064260482788,0.0225201603025198,0.0769951671474522,1945.644107465644,951.357366201584,4178.828871906272,2277.363523479457,-27.793103790283205,-15.82565212249756,-8.392254257202149,103.5929718017578,48.83290863037109,2.7725446224212646,26.907346725463867,-1.1329389810562134,19.84736442565918,1.513147473335266,15.856553077697754,1.6903270483016968,14.47743320465088,-8.528656959533691,13.544766426086426,-2.441422700881958,13.121768951416016,-7.0486555099487305,12.73674201965332,-2.954354286193848,12.538341522216797,-9.170525550842283,11.357958793640137,-2.9906997680664062,10.23922348022461,-5.8954668045043945,10.29091453552246,20.484023691777928,16.866398941161062,20.189330705802877,19.7817584545455,20.6397394396958,18.260874011742327,47.48429791432459
Access×Koutai.mp3,143.5546875,5.0,0.3025126036619547,-11.801345825195312,1.1784794330596924,0.0312568433582782,0.1153728718746538,2515.9941501396006,727.9824737766038,5353.803226387716,1447.4808981145643,-15.1657901763916,-9.857396125793455,-7.893559074401855,81.15957641601562,26.764877319335938,-5.85278844833374,17.83781623840332,28.99663734436035,12.610797882080078,8.688460350036621,9.598261833190918,7.526551723480225,7.195345878601074,0.9620517492294312,8.310373306274414,6.448477745056152,7.181453227996826,1.4615644216537476,8.130870819091797,3.139462471008301,8.600582122802734,-0.4488269686698913,7.859357833862305,5.525239944458008,7.616800308227539,0.0785963833332061,7.150975704193115,19.76822879297816,14.99422895445298,17.457160739705657,17.154805880256546,17.384004980794337,17.13835445380056,47.40103958894232
Accomplices.mp3,112.34714673913044,9.0,0.5270280112672248,-11.1516752243042,1.384281873703003,0.0243904776871204,0.0947252598125217,2430.7398927862246,666.883259280256,5322.352899397184,1325.3962088595742,-14.925541877746582,-10.031371116638184,-7.465670585632324,78.84567260742188,23.95121955871582,0.3583499491214752,23.12162971496582,36.1026725769043,19.47598648071289,1.9659744501113887,14.111732482910156,10.768636703491213,14.443936347961426,2.330979347229004,11.198247909545898,10.39664077758789,9.397921562194824,-1.929662823677063,11.228775024414062,8.27111530303955,9.094858169555664,1.8830856084823608,8.356670379638672,2.363121271133423,9.509272575378418,-0.2482537180185318,7.900129795074463,19.390337307952983,14.48175339097968,18.272786384235214,18.37594784838329,17.87080745073043,17.795029059773945,49.733633865168684
Aiueongaku.mp3,135.99917763157896,3.0,0.7883822292339022,-11.09508991241455,1.402929663658142,0.050740547478199,0.1543060238826738,3096.8175773254648,702.825531628598,6390.403446351813,1135.3227699363674,-13.903762435913086,-10.053711891174316,-7.866911506652832,59.770652770996094,24.37396049499512,-3.312976598739624,19.83795547485352,23.964111328125,15.689045906066896,-0.3292754888534546,14.1018648147583,8.502533912658691,10.671635627746582,-0.8051300644874573,11.354525566101074,8.292330741882324,9.510077476501465,-0.044920090585947,9.707077026367188,5.484910488128662,8.736865997314453,0.4930038452148437,7.988688945770264,3.944972276687622,7.302119255065918,-2.467491865158081,7.62316083908081,20.286537648017564,14.674134593336731,17.262564546041144,17.759726089935786,17.495582264581913,17.309900771707678,49.24085031338563
99.mp3,95.703125,2.0,0.6878634519751209,-13.869688987731934,1.217161774635315,0.058323498815298,0.1435295666140943,2733.6660494860603,657.2152276772247,5327.554342780315,1399.6141519887217,-17.791504287719725,-11.079990863800049,-8.485976028442382,64.95227813720703,23.735877990722656,-19.31473731994629,21.34148979187012,37.459266662597656,17.343778610229492,3.520435571670532,12.856141090393066,3.450249195098877,9.920577049255373,5.154675483703613,8.975423812866211,8.08215045928955,8.786799430847168,3.54386305809021,8.731311798095703,9.190173149108888,8.065305709838867,-2.084782600402832,8.270033836364746,7.010804176330566,7.8213582038879395,-3.2663397789001465,7.464976787567139,18.61850175150652,13.755807270249887,17.374928488891197,17.157233123631205,17.06537955399382,18.54086934022464,48.69738039472201
AliA ⧸  あまのじゃく【Official  Lyric Video】.mp3,112.34714673913044,2.0,0.5473770987735589,-12.913983345031738,1.3651708364486694,0.0368047468364238,0.1313629768668831,2732.406320258919,549.9333981215552,5756.600390625,1199.3010975679929,-16.362663650512694,-10.80538558959961,-8.17160701751709,69.36785888671875,24.57734489440918,-13.93131160736084,17.41053581237793,22.083984375,14.263266563415527,4.668559074401856,11.211606979370115,13.501355171203612,12.222657203674316,5.041436672210693,8.809934616088867,7.321519374847412,11.490958213806152,5.908333778381348,9.660861015319824,5.120005130767822,8.970624923706055,-0.1698223352432251,9.88165283203125,5.071996688842773,8.650903701782227,0.0009770063916221,9.015393257141112,18.193069561956797,14.211098344074536,17.627603270031408,17.980789668185363,18.764996421421788,18.248831454553507,49.19528937612441
Ai Higuchi - Akuma No Ko (Lyrics⧸Lirik) ｜ Attack On Titan Season 4 Part 2 Ending Full Song.mp3,117.45383522727272,5.0,0.6824848117983838,-16.254249572753906,1.2375574111938477,0.0136947883293032,0.0939895885934586,2129.5938190035254,792.6480516202982,4337.739307884847,1732.90040343624,-27.304287528991697,-12.057071208953856,-8.467694664001463,93.73434448242188,32.6746940612793,-8.536545753479004,19.05156517028809,13.12495231628418,18.917869567871094,0.8902251124382019,12.40575122833252,2.495213270187378,14.385053634643556,6.587214469909668,11.279677391052246,-1.0474865436553955,11.33804416656494,1.7738516330718994,10.655559539794922,11.408443450927734,9.939970970153809,-0.634798526763916,11.71192741394043,7.30916166305542,10.560728073120115,1.0155154466629028,11.061596870422363,19.750369950230017,15.014278759368027,21.219815359074097,20.975164555880053,20.708434421724714,21.06523288548741,48.173618079975846
ALPHA.mp3,129.19921875,10.0,0.6728052454680431,-11.177526473999023,1.2610437870025637,0.0514926984906196,0.1283023954515214,2891.6202647817386,564.9312705784292,6268.869437183043,1083.1872413330657,-13.24675817489624,-10.182432651519775,-8.172669792175292,70.93128967285156,19.392200469970703,-3.1484670639038086,15.76508903503418,19.42326545715332,11.080679893493652,1.7025386095046997,12.4517822265625,5.8789381980896,9.235763549804688,-1.7594835758209229,9.309386253356934,6.061676025390625,8.835073471069336,-2.142922163009644,8.665176391601562,5.806774616241455,7.946596145629883,-0.5905945301055908,7.061940670013428,3.1265134811401367,7.155768871307373,-0.1418279111385345,6.978429317474365,20.31381119685305,13.52839115408256,16.653846107567592,16.161764913926685,16.513415102508926,16.105899905742856,47.56769129695209
Abura.mp3,123.046875,6.0,0.8528586255728842,-11.541908264160156,1.2317126989364624,0.0265122465789318,0.0892276105182926,2335.9374063057726,563.2550599561383,5233.9674923780485,1218.501488679052,-14.238608360290526,-9.22108507156372,-7.783149766921997,86.77075958251953,21.75053596496582,1.3494418859481812,13.336315155029297,28.57900619506836,12.658992767333984,11.356135368347168,10.876970291137695,12.25831127166748,8.841753005981445,3.0162160396575928,7.18013334274292,14.381869316101074,6.5475029945373535,6.606414794921875,7.184276103973389,6.65622091293335,7.076714038848877,-1.5350333452224731,6.922310829162598,6.88446044921875,5.848922729492188,0.4605364799499511,6.226916313171387,19.07128400017717,13.77853821616882,16.447729991840095,16.546018354713752,17.861433145425515,16.35674676919728,47.58295298372194
Alones.mp3,123.046875,0.0,0.6714464181790543,-11.374999046325684,1.206084966659546,0.0351372882723808,0.1453551834324682,2809.933809558317,539.7121684216316,5606.990802199053,964.6339073084796,-15.911749839782711,-9.822054862976074,-7.792648983001709,63.60384368896485,19.59886932373047,-11.658053398132324,17.724224090576172,38.74856185913086,16.740161895751953,5.183600902557373,12.123446464538574,17.546445846557617,10.165088653564451,-2.0913634300231934,10.607338905334473,4.854592323303223,7.988918781280518,1.092473387718201,8.288256645202637,2.004119396209717,7.780166625976562,-3.816509962081909,6.849257946014404,3.021866798400879,7.231550693511963,-1.2914676666259766,7.532674312591553,20.38994812795342,14.956352928574852,19.214089898877923,18.584770005359687,18.55830926230701,17.91408701239583,49.879632610631695
AliA ⧸ かくれんぼ【Official Music Video】.mp3,89.10290948275862,3.0,0.8231725054100181,-13.1871976852417,1.236484169960022,0.0545307546854019,0.1280719661537874,2655.539374516033,606.5643147290643,5487.576336822789,1361.1912217267288,-16.46910285949707,-10.39454698562622,-8.51509428024292,69.53997802734375,21.4550838470459,-14.915361404418944,14.819531440734863,25.95283889770508,11.283418655395508,8.435688018798828,8.113767623901367,9.346378326416016,9.718575477600098,6.397036552429199,8.15361499786377,6.818349361419678,8.781557083129883,3.0399889945983887,8.0927095413208,6.428040504455566,7.717737674713135,-6.178039073944092,7.270867347717285,5.81652307510376,8.411442756652832,-0.3987156450748443,7.920089721679687,18.875813294352543,14.328808880598242,18.44031422099667,18.956935007492927,18.21924588813194,18.48413143240904,48.65806938506541
Aimer 『誰か、海を。』MUSIC VIDEO（FULL ver.）.mp3,143.5546875,11.0,0.85766534395301,-19.96492958068848,1.134607195854187,0.0104450834915041,0.0844384329142275,1796.1844667702508,793.6468370916979,3567.88618330544,1786.8297634385956,-28.51047706604004,-16.699050903320312,-13.539310455322266,122.82318115234376,33.98540496826172,-12.168431282043455,23.63624763488769,12.044321060180664,20.144296646118164,-9.362120628356934,16.12179183959961,-1.8896691799163816,14.623117446899414,0.2860014140605926,10.323115348815918,-7.608425140380859,14.497445106506348,0.6956222653388977,10.40871810913086,-1.0404709577560425,12.049009323120115,-2.5247809886932373,9.924941062927246,-2.194415330886841,9.801630020141602,-5.295525074005127,10.403337478637695,17.863476799612204,17.500123801695903,20.595904393510107,20.99436605348659,20.522531414615457,19.89717910614304,47.959980807627325
As I longed for.mp3,143.5546875,5.0,0.7428307866331058,-13.307402610778809,1.5407339334487915,0.0498481579124927,0.1213022506622703,2751.253412367682,834.6864807943095,5932.71908752008,1636.6354244107608,-17.403186798095703,-10.942249298095703,-7.456244945526123,73.01423645019531,27.52640724182129,0.5465720295906067,20.62559127807617,18.5522518157959,15.911300659179688,0.6114239692687988,13.35472297668457,7.28889274597168,12.31927490234375,2.257776498794556,10.488813400268556,5.53590726852417,10.126219749450684,-0.8696388006210327,9.00241470336914,6.998362064361572,8.841845512390137,-1.4456992149353027,8.502551078796387,2.1539835929870605,8.536165237426758,-0.7564830780029297,8.051131248474121,19.40237436797469,14.457774771068264,17.897598835525045,18.045618722925543,17.64978587687871,16.951895408039412,47.08156915791189
BURN.mp3,117.45383522727272,9.0,0.6787300945035923,-9.893959045410156,1.2311391830444336,0.0369429737329483,0.1164794008734274,2610.8135212057823,763.8185367601202,5471.950437875882,1353.1489001242242,-10.31882619857788,-7.883978605270386,-6.644157981872558,79.5074691772461,23.48668670654297,-6.961036682128906,18.89433479309082,27.32194709777832,12.904756546020508,6.966526031494141,11.42831802368164,15.120779037475586,9.56903839111328,11.134235382080078,8.63708782196045,8.536002159118652,8.286273956298828,6.28784704208374,7.740461826324463,5.974550247192383,8.064393043518066,-0.5651335120201111,6.572051525115967,2.189481258392334,7.044857501983643,-3.051066875457764,6.59745979309082,18.235519328613005,14.610069758878645,17.16239478521527,17.310624461575138,16.693097931283585,16.59419261109845,47.992998976445584
BAD DREAM.mp3,92.28515625,0.0,0.6024403499745444,-14.13243579864502,1.5804164409637451,0.0178013425320386,0.0840024036744113,1866.1913634394948,873.8285962881531,3779.550987212256,1969.688263094927,-18.945681381225587,-11.497808456420898,-6.982969474792481,109.40660095214844,51.55106735229492,-23.80265045166016,46.43595504760742,17.094804763793945,24.063962936401367,6.184347152709961,18.891441345214844,-2.916223526000977,23.443063735961918,0.8361092805862427,14.92697048187256,4.623239040374756,13.723393440246582,-7.761630535125732,15.626052856445312,8.37384033203125,12.684266090393066,-0.5165414214134216,10.442819595336914,-1.7554302215576172,10.701254844665527,1.2425440549850464,9.17247200012207,20.407801814854565,16.45275024895836,20.260411125494173,18.98757613778905,19.126267703277712,21.483519018365765,49.04724436690309
BOW AND ARROW.mp3,89.10290948275862,3.0,0.7612409191795361,-13.263982772827148,1.5673846006393433,0.0354161188006401,0.1042831453158033,2578.472600235304,749.8358943058524,5797.292829517583,1658.2000272147038,-16.28306827545166,-11.739531993865969,-7.565580749511718,80.9599380493164,28.169713973999023,-1.256506323814392,22.69831657409668,7.670559883117676,16.58505630493164,4.2055535316467285,14.309855461120604,9.059371948242188,11.237818717956545,-3.2739462852478027,11.84383487701416,3.519026041030884,9.91532039642334,-1.846556067466736,9.463305473327637,2.2433364391326904,8.815037727355957,-2.8276243209838867,8.935155868530273,3.410536050796509,8.529001235961914,-2.4584760665893555,8.798474311828613,20.906083709531583,14.516595298928031,17.14722757348332,17.409695436992173,18.10485635491725,17.108275853256295,48.11712486848794
Anarchy.mp3,135.99917763157896,1.0,0.5977531116605821,-14.97480583190918,1.3429195880889893,0.0278278887271881,0.0829652308104123,2316.9158168879712,752.684290866619,5172.888612353112,1671.784803828137,-21.82923793792725,-12.615782737731934,-7.952521800994873,81.3149185180664,30.285064697265625,-2.9329750537872314,18.989154815673828,25.971837997436523,16.3555965423584,12.381806373596191,12.084197998046877,14.041120529174805,12.244556427001951,2.906883001327514,10.51073169708252,8.7042875289917,9.98756980895996,2.8160858154296875,9.678929328918455,7.120768070220947,8.94347858428955,-0.3197826147079468,8.36239242553711,4.8077826499938965,8.254142761230469,-3.7025861740112314,7.87990140914917,21.206349509925136,15.363395001466372,18.198531860434397,18.004348388109225,18.5438875467142,17.027006188744046,48.08021384951912
BELONG.mp3,112.34714673913044,2.0,0.8117038910921585,-11.441485404968262,1.0781280994415283,0.0323387533426284,0.1043272928434537,2533.0226558407994,623.060270826537,5676.321976911596,1379.9773933136216,-12.724262237548828,-9.58484935760498,-7.713251829147339,82.8766860961914,21.64875221252441,1.5970871448516846,15.082364082336426,20.79245948791504,11.275297164916992,1.5644845962524414,12.608543395996094,9.813508987426758,7.662302494049072,1.2138601541519165,7.558080196380615,11.647597312927246,6.601157188415527,3.821460723876953,6.575966835021973,9.828187942504885,6.506439685821533,5.146978855133057,5.749794006347656,8.252461433410645,5.748777389526367,-1.1131936311721802,6.397156238555908,19.44205290025483,13.076731269098302,17.913490197875397,16.979456190640867,17.058587964275826,15.964248564232104,49.39094316407399
BLUE ENCOUNT 『ポラリス』Music Video【アニメ『僕のヒーローアカデミア』第4期オープニングテーマ】.mp3,95.703125,10.0,0.8115761122412726,-11.23573398590088,1.2260836362838743,0.0401943065226078,0.1285484097427232,2637.9759573793267,592.3599165035546,5335.660744069007,1123.7064300418729,-12.36282196044922,-9.403281211853027,-8.007827663421631,70.93683624267578,23.827619552612305,-11.066112518310549,15.870323181152344,38.95581817626953,13.697434425354004,6.266346454620361,10.853294372558594,11.364541053771973,9.902606964111328,4.385925769805908,8.70590591430664,5.712090969085693,6.660031795501709,1.0954073667526243,8.56076717376709,5.421618461608887,7.495822429656982,0.4804195463657379,6.721506118774414,1.5631979703903198,7.057355880737305,-1.70159912109375,6.413946628570557,19.17958957649552,14.4790406221099,17.121954113024664,17.270042144770542,17.33348347422993,18.04640190898199,48.42928709293911
Ao To Natsu.mp3,92.28515625,4.0,0.8981492656132698,-9.18261432647705,1.120131492614746,0.0334200002253055,0.1296898890155579,2665.225650004071,618.5060705155628,5400.8905432705205,1211.0794176025645,-10.824387836456298,-8.042422771453857,-6.909757661819458,74.6679458618164,24.835186004638672,-14.619729042053224,16.08729362487793,31.249292373657227,14.993518829345703,2.0712578296661377,8.970458984375,7.077601909637451,8.992512702941895,0.9214707016944884,7.763577938079834,6.477764129638672,7.047367095947266,-0.0940908566117286,7.724495887756348,5.561452388763428,6.984785556793213,-1.5515305995941162,6.646014213562012,4.350793838500977,7.262132167816162,-3.658942699432373,6.329906463623047,19.5302789206494,14.40114050031822,18.059400257196828,18.204897034471784,18.60073052428841,18.153708773957582,49.367367805344585
BLIZZARD (Smoked Silver Version).mp3,135.99917763157896,2.0,0.7564831248231445,-12.425674438476562,1.233229398727417,0.021569836884737,0.0876394717185576,2127.305045332605,661.1479407045455,4451.45406679976,1433.7831156863003,-15.2039137840271,-10.853088855743408,-8.581390571594238,95.9215316772461,28.20754051208496,-11.505441665649414,16.45798683166504,20.2806396484375,15.878966331481934,1.4147872924804688,10.844515800476074,13.909753799438477,9.498186111450195,8.292840957641602,8.750271797180176,4.204290390014648,8.541119575500488,4.249811172485352,7.815585136413574,5.063156127929688,8.216961860656738,3.350795269012451,8.379961967468262,5.0839033126831055,7.335088729858398,0.9932388067245485,7.200287818908691,19.95059536830658,15.295814905381752,17.831930322340572,17.796163996086495,17.699725336469708,17.948101032966473,46.389516625652135
Aoi.mp3,161.4990234375,9.0,0.868305487526644,-11.211280822753906,1.1666518449783323,0.0228353757411241,0.100910528779689,2334.716824872545,684.0202557572644,4898.736364775972,1587.9036365472468,-16.97557830810547,-8.187886238098145,-6.297051429748535,90.56633758544922,28.76788330078125,-11.111676216125488,18.057024002075195,23.412158966064453,20.748685836791992,-0.9372447729110718,13.602538108825684,-1.3082746267318726,10.448102951049805,-0.3136162757873535,11.010049819946287,5.24169921875,11.152016639709473,-3.935081005096436,10.359695434570312,2.634851217269897,8.916642189025879,-1.1009892225265503,6.868905067443848,3.8157124519348153,7.8007307052612305,-0.1677094995975494,7.012708187103272,21.953450888568003,15.22669115839624,19.01670851812924,18.407624118393965,17.87030540146075,18.03073473036972,47.92043961762013
BOY.mp3,112.34714673913044,0.0,0.7630094978998828,-14.172139167785645,1.312840223312378,0.0350299961864948,0.0979968394535113,2395.9146843988974,658.9855735120846,5245.535138863131,1385.4918230397514,-19.72271156311035,-12.102728366851808,-8.045134544372559,84.98638153076172,25.264724731445312,-4.422570705413818,19.6450309753418,19.0366268157959,14.001670837402344,7.171151161193848,12.533096313476562,7.863058567047119,11.152034759521484,0.5874066948890686,9.083975791931152,3.772050857543945,9.119885444641112,-3.3697526454925537,8.252391815185547,3.03909969329834,8.390411376953125,-3.081394910812378,7.840569972991943,1.8858084678649905,8.07693862915039,-1.5300418138504028,8.255226135253906,18.272369236241516,15.155492427475671,17.998157720426274,17.52703387453786,17.60466223128562,16.85979994068124,47.51376455751504
BUG.mp3,92.28515625,10.0,0.7029722064351678,-11.616644859313965,1.2956207990646362,0.0517997629940509,0.1147822591307864,2740.935175268849,695.3165434511836,5901.495331554878,1456.2591535418842,-14.442845344543455,-9.48962688446045,-7.744535064697265,69.50800323486328,25.51125717163086,-8.801688194274902,18.47478675842285,21.84925842285156,15.92620849609375,7.959349155426025,12.072607040405272,9.099937438964844,9.543174743652344,2.253725051879883,8.85016918182373,11.71837329864502,8.70728874206543,2.574036836624145,8.158239364624023,7.730687141418457,7.896418571472168,0.7361370921134949,7.8005828857421875,4.445528507232666,7.11276912689209,-1.1526439189910889,6.933051586151123,17.64174831257986,13.046743634362432,16.021651997091528,16.014356970676175,15.734461868679322,15.634734539061728,47.09175474740327
BLOODY STREAM.mp3,129.19921875,10.0,0.8058834046961889,-11.072599411010742,1.230138897895813,0.0598239973187446,0.1362830628740026,2723.4683553427644,768.109988802858,5663.01479907746,1609.675857468937,-11.422315788269042,-9.3174409866333,-8.400028133392334,74.46411895751953,27.66058921813965,-12.40054988861084,19.264209747314453,19.155879974365234,13.53223991394043,8.315364837646484,10.87925148010254,7.895894050598144,9.236326217651367,0.7208139300346375,7.845823764801025,6.355007648468018,7.1371235847473145,1.879627585411072,7.488774299621582,6.312635898590088,7.376876354217529,1.110390305519104,6.785778045654297,3.0012688636779785,6.288171768188477,-2.84971022605896,6.6133341789245605,17.309346819334362,14.428500111687738,17.68006523764473,17.580571303762316,17.50520980946986,16.584636629804603,47.02598971241915
"BUMP OF CHICKEN「Hello,world!」.mp3",107.666015625,9.0,0.7282368809509191,-13.909409523010254,1.1636590957641602,0.0601861961185932,0.1288766833945644,2646.396427137309,867.1994812479586,5330.185483332734,1483.2777161675745,-14.414081573486328,-9.66824197769165,-6.763176918029785,70.39361572265625,25.72527313232422,-6.617036819458008,13.746337890625,39.55823516845703,16.75902557373047,5.703245162963867,10.950396537780762,7.773882865905762,9.546616554260254,7.5689826011657715,8.621236801147461,5.651727199554443,7.049187183380127,0.4163483679294586,7.544567584991455,6.661740779876709,7.888682842254639,-1.248955011367798,6.601874828338623,3.1472818851470947,6.513359546661377,-1.7368662357330322,7.042171478271484,19.87723118304412,14.290092570851575,17.15014473251279,16.73230837904758,17.052160512011433,17.638080952668595,47.60261865815345
"Ao no Waltz - Eve ( slowed + reverb ) ｜ Josee, The Tiger and the Fish ED.mp3",99.38401442307692,8.0,0.8247537374338563,-18.66336441040039,1.152092456817627,0.0104340184479951,0.0810394469509563,1799.005990966428,615.6831130255428,3642.6198759977046,1477.6508339378518,-25.791017723083492,-16.948062896728516,-12.571389484405517,117.63665771484376,30.14137840270996,-11.043926239013672,22.85054016113281,19.4580192565918,16.085773468017578,13.602401733398438,11.236090660095217,3.187589406967163,11.505584716796877,-0.9508075714111328,11.303037643432615,-1.3448923826217651,12.325207710266112,-4.204563140869141,9.397862434387209,5.575371265411377,10.075020790100098,-3.5067896842956543,9.136590003967283,1.4100911617279053,8.417722702026367,-4.83466386795044,8.160006523132324,20.817866973299317,16.520863219615045,20.214786723359083,20.158243686132067,21.28575850705769,21.30742490252181,49.98195301987758
BUMP OF CHICKEN「Sleep Walking Orchestra」.mp3,129.19921875,7.0,0.8570220120270091,-16.22410011291504,1.2843165397644043,0.0385903492569923,0.0741261095435021,2052.3980883465188,795.2006763670651,4563.5483476976615,1853.9464697821768,-29.0653167724608,-11.924403667449951,-8.31207971572876,94.27423858642578,34.776859283447266,6.248750686645508,17.864349365234375,26.77885055541992,14.345104217529297,7.379686832427978,11.203716278076172,13.730486869812012,10.112820625305176,7.172030448913574,9.435895919799805,8.534655570983887,9.283026695251465,3.133009672164917,8.384967803955078,9.868804931640623,8.831884384155273,1.6830825805664062,7.164463520050049,6.168367862701416,7.1738600730896,-0.8134145140647888,8.150076866149902,20.51569355378081,14.92511612790574,17.716396796314523,18.31180447914865,17.688073911062325,17.496576295441198,47.66997038129514
BUMP OF CHICKEN「SOUVENIR」.mp3,161.4990234375,3.0,0.5506568705707611,-14.3383150100708,1.344524621963501,0.0623506680130958,0.0888780216537517,2550.9640704588232,747.0948077644156,5796.764541253811,1519.8159581400198,-14.596927165985107,-10.0820894241333,-7.656495046615601,66.76141357421875,25.051025390625,13.119659423828123,14.55002498626709,33.74969482421875,17.52028465270996,10.52925968170166,10.929695129394531,11.023503303527832,9.941170692443848,5.876828670501709,8.597299575805664,10.83405303955078,7.347896575927734,7.33882474899292,8.345890998840332,5.511653423309326,7.542613506317139,5.351981163024902,6.678704261779785,3.846347570419312,6.559292793273926,2.086800336837769,6.67798376083374,21.519243687836603,14.855247176920782,17.02979177877239,16.692784830514604,16.57914865094929,15.9402994578514,43.9474333338295
BUMP OF CHICKEN「ray」.mp3,129.19921875,10.0,0.7598913092424916,-14.61685276031494,1.1635587215423584,0.0366103090345859,0.105006669750418,2336.625383678586,671.2955232397543,4812.52932953347,1431.710176873154,-22.5086727142334,-12.114021301269531,-7.561948394775391,83.337158203125,24.29989242553711,-13.43005657196045,17.373079299926758,32.27720642089844,14.433846473693848,5.267045974731445,10.664852142333984,2.814894676208496,10.899144172668455,2.970110416412353,9.862281799316406,7.028686046600342,8.906791687011719,4.338010311126709,8.107386589050293,8.091547966003418,9.601638793945312,-0.7381971478462219,8.089550018310547,3.4967048168182373,8.463979721069336,0.6751309633255005,7.3534345626831055,20.888230901977053,15.309055680603612,19.01685796658371,18.88007451529175,18.238125820682665,18.39823651909239,47.09044174126215
Bonobo - 'Dark Will Fall' ft. Jacob Lusk ｜ Lazarus (Adult Swim Original Series Soundtrack).mp3,123.046875,3.0,0.7091885469583297,-16.962316513061523,0.935457170009613,0.0056474762968719,0.0626092819940476,1174.7888000062387,472.21157091221664,2167.071533203125,1063.639159674852,-22.222794151306157,-13.8222975730896,-10.241132354736326,169.2664794921875,37.33288192749024,-37.24237823486328,24.7979736328125,12.930001258850098,22.89804077148437,-3.355672597885132,13.414921760559082,-5.280724048614502,14.613636016845703,-7.529885292053223,15.097893714904783,-6.9550886154174805,17.015121459960938,-7.787359714508057,12.409005165100098,-1.6356538534164429,11.588011741638184,-1.4661526679992676,10.10558032989502,-0.1035152897238731,11.358506202697754,-6.485559940338135,8.708891868591309,23.25793096243926,19.1874579850307,21.219630883524964,20.927205462199755,20.656966769040498,21.39443463752517,49.31989196885977
Bakeneko.mp3,117.45383522727272,9.0,0.4576571382016035,-13.46384620666504,1.705190896987915,0.0283313170075416,0.097432549996546,2265.919156553892,983.2277267717868,4614.280125158668,1945.9171958789495,-19.5964879989624,-11.385953426361084,-5.468852949142456,88.34968566894531,39.21045303344727,-11.599187850952148,26.70057487487793,27.83125114440918,20.08694267272949,15.895919799804688,17.870498657226562,1.595929503440857,17.021812438964844,5.267756938934326,12.68970775604248,5.1694440841674805,10.884513854980469,-5.159020900726318,13.427667617797852,10.825060844421388,11.557639122009276,-1.6478511095046997,10.166936874389648,0.570590615272522,9.137882232666016,2.514899969100952,9.340828895568848,22.27938582948859,15.59126124250568,19.036313283151248,18.012075964072203,18.51608374513282,20.56588979197335,47.49761110782303
BURNOUT SYNDROMES - Hikariare.mp3,117.45383522727272,1.0,0.8141158251093593,-18.48660087585449,1.1110221147537231,0.0767900720238685,0.1285345347791814,2379.916709113219,787.8781566830397,4613.885938288914,1549.5642957540638,-39.76792144775391,-10.162206649780272,-8.233977317810059,71.02887725830078,29.178173065185547,-23.416061401367188,17.609771728515625,27.94786071777344,19.38199615478516,2.912421464920044,20.71119499206543,6.812521934509277,12.41416358947754,2.429884672164917,10.024287223815918,9.54070281982422,10.066658020019531,1.136992335319519,9.304327011108398,6.783873081207275,9.88637924194336,0.4760780930519104,7.41780424118042,-0.6706749796867371,7.760918140411377,2.139151096343994,7.642644882202148,18.86885130787863,14.70958973349805,19.031175512559987,18.498531855347125,17.811842163811114,18.879958286944085,46.63211400617317
CRAZY NOISY BIZARRE TOWN.mp3,135.99917763157896,2.0,0.7959091491572633,-13.016417503356934,1.1659555435180664,0.0753504857420921,0.1682570921606876,2946.792740529457,668.3407254655831,6050.542236874572,1267.058276354262,-13.829024314880373,-10.20175552368164,-9.010286617279052,65.02787017822266,22.15954971313477,-12.728930473327637,16.279638290405273,17.527660369873047,12.225665092468262,-2.958705425262451,10.426074028015137,5.206412315368652,8.358680725097656,-2.4221253395080566,8.483386039733887,5.053931713104248,7.145105838775635,-5.447915554046631,7.651345729827881,3.555122137069702,8.064131736755371,-1.779256820678711,6.425955772399902,3.11382794380188,6.81217098236084,-3.5068371295928955,6.291417121887207,19.755465261826068,13.976812496332588,16.796660787095213,17.55951943484612,17.956551177440303,17.398520519825645,47.90092231048049
Bakemono.mp3,107.666015625,11.0,0.3521816772017103,-11.119232177734377,1.1803820133209229,0.0524604357779026,0.1495646268530997,2879.34269298922,736.6099381568591,5839.718786851415,1470.5138833965775,-15.790406799316406,-8.909046173095703,-7.273068046569824,67.4447021484375,28.300405502319336,-15.412924766540527,21.42278861999512,30.02968406677246,16.509706497192383,2.870793581008911,14.10881805419922,8.779160499572754,10.75365924835205,-0.4987313151359558,8.359949111938477,4.893732070922852,8.612383842468262,0.3616279363632202,8.799203872680664,6.972215175628662,8.2719144821167,1.5673015117645264,7.3698530197143555,4.337883949279785,7.676546573638916,-0.0999326705932617,7.276065349578857,19.62776309617751,13.466220294959117,16.212688052200836,16.663354161114857,16.533488720346387,17.09323496063597,49.7004887187858
Blood Flow.mp3,135.99917763157896,8.0,0.716478997892955,-12.533876419067385,1.604811191558838,0.0375200659036636,0.1046990614016123,2550.3699062449405,1089.2225658782545,5450.753624134366,2080.451220153865,-17.444707107543945,-10.294627666473389,-6.846440505981444,83.0931396484375,42.35866928100586,-0.2642330527305603,25.940956115722656,18.10821533203125,20.771440505981445,2.3861587047576904,18.56429672241211,11.068645477294922,14.572739601135254,3.1751179695129395,11.485422134399414,-5.553295135498047,14.157812118530272,3.569007396697998,10.460037231445312,-1.1944235563278198,12.682113647460938,-1.2184041738510132,9.283550262451172,-4.440906524658203,12.140908241271973,-1.7168079614639282,9.09964084625244,19.95130734104218,16.68112152733787,19.197956455439236,18.86740529910974,18.97415812062237,17.256105613123456,45.9060059297512
Blue Motion.mp3,92.28515625,5.0,0.6543193466194863,-10.905736923217772,1.2175323963165283,0.0215246640145778,0.1013390102166758,2357.96210563567,784.3919846340997,5100.9276084878975,1550.3718006750307,-13.051971817016602,-9.408857345581056,-7.042413902282714,86.01705169677734,28.33624649047852,-5.6077494621276855,17.950029373168945,41.64385986328125,14.113173484802246,14.330814361572266,10.477551460266112,13.525240898132324,10.319476127624512,2.194580078125,7.977475643157959,14.959545135498049,7.860949993133545,-9.399672508239746,8.59733772277832,0.9953493475914,7.527927875518799,-3.665646314620972,6.4893574714660645,4.779032707214356,6.759751319885254,-7.109055995941162,6.821067333221436,19.343238074887925,15.9239918009974,18.503787718329143,16.8586289990637,18.21092729333421,17.89381388949474,51.871690213929504
Chained ⧸ Tatsuya Kitani × natori.mp3,117.45383522727272,8.0,0.7639132527164247,-20.26411437988281,1.2931417226791382,0.0903934091329574,0.1288282144456023,2805.3336660104096,1112.463344814007,6248.023495868989,2098.25329227357,-23.91602230072021,-14.62055253982544,-11.519213676452637,69.5263900756836,29.132179260253903,4.46365213394165,18.657215118408203,17.867216110229492,16.093454360961914,14.237914085388184,12.685669898986816,-1.0231155157089231,12.753642082214355,2.515700578689575,9.853610038757324,4.689812183380127,9.066177368164062,0.283842384815216,10.281455993652344,7.415438652038574,8.96363639831543,-1.887839913368225,7.679620265960693,2.3017969131469727,8.932076454162598,-1.3908798694610596,7.717714309692383,20.35545213848096,14.415891921790674,17.898724916498647,17.86502390642694,17.71592128857145,17.179799497328396,45.310712638449054
Creepy Nuts×Ayase×幾田りら ⧸ ばかまじめ 『あの夜を覚えてる』Special Video.mp3,92.28515625,11.0,0.660898858390464,-13.957947731018066,1.5297975540161133,0.0672252625226974,0.1099960160515795,2361.776064597348,839.7938129053991,4851.927282657713,1746.8352164623986,-15.903663635253906,-10.224159240722656,-8.081984519958494,81.61100769042969,31.060392379760746,-8.1657133102417,22.30289459228516,35.813358306884766,19.324403762817383,4.883153915405273,13.501415252685549,-0.0201610419899225,14.603124618530272,6.034816741943359,10.292842864990234,5.164120197296143,10.567727088928224,0.2460907101631164,9.476550102233888,4.186980247497559,9.547810554504396,-2.2199184894561768,8.18215560913086,4.50511646270752,8.178832054138184,-1.1192671060562134,8.290983200073242,18.84968099772262,14.720104874180292,18.025377223859007,17.539994879013182,17.402747403804195,18.505041848142632,46.51822142051493
BURNOUT SYNDROMES - Highscoregirl.mp3,123.046875,2.0,0.7492739029297458,-19.298519134521484,1.180957913398743,0.0852052867412567,0.1317057723821772,2637.728820521749,884.0004070771364,5345.079167033999,1721.2669897431203,-31.4992073059082,-12.135672569274902,-10.197458267211914,60.38431930541992,28.95300674438477,-11.933573722839355,18.17397689819336,24.030611038208008,18.37437629699707,1.4815294742584229,11.849173545837402,12.405591011047363,10.711471557617188,3.6022849082946777,9.9631986618042,5.10256290435791,8.705554008483887,-0.3176611959934234,8.727296829223633,8.66651725769043,8.647040367126465,2.1416471004486084,8.235944747924805,1.7588884830474854,7.145181655883789,0.4136583805084228,8.197965621948242,19.266182876442365,13.983046940206314,17.378896419063572,17.381629643188962,17.323198531672695,18.220297769933445,46.71068223530949
Childlike Adults.mp3,99.38401442307692,5.0,0.3574132870981453,-12.14064121246338,1.381714105606079,0.0476236678659915,0.1424709094760374,3038.690928143816,789.5827266009678,6357.317782710866,1222.6974531399803,-16.03825092315674,-9.136595726013184,-6.884192228317261,61.07563781738281,24.275848388671875,2.438563108444214,19.467660903930664,27.45840835571289,15.809945106506348,4.529764175415039,13.828960418701172,12.025396347045898,10.962118148803713,1.6714558601379397,9.39857006072998,4.105037689208984,11.980209350585938,1.9057635068893437,7.735316753387451,4.12749719619751,8.88304328918457,-3.572660207748413,7.91580057144165,-3.3047125339508057,9.057367324829102,-2.260148048400879,7.585297107696533,18.3270676809696,14.546473342919672,17.277347713893768,17.583973949444108,17.576264488054907,16.52314283078998,47.66712480770102
Chinozo 'グッバイ宣言' feat.FloweR.mp3,112.34714673913044,0.0,0.532252145554923,-16.069828033447266,1.4311877489089966,0.047565534710884,0.1144684612570695,2404.5778820546616,708.8746963395091,4932.212321231134,1379.266314632293,-17.815102767944335,-12.283348083496094,-9.94007225036621,80.68611145019531,28.51383781433105,-9.682635307312012,17.362218856811523,28.88437271118164,18.638856887817383,1.9360839128494265,13.337408065795898,7.720578193664551,11.049365997314451,5.1862568855285645,9.033966064453123,-3.309423923492432,9.933457374572754,1.8406442403793333,9.916125297546388,3.3906264305114746,8.784912109375,3.7402400970458975,9.419318199157717,1.911714553833008,8.755269050598145,2.790757656097412,8.161014556884766,18.598933675028164,14.201369193175458,18.20152130550741,18.15587802681622,18.4097595012121,19.23403111485756,47.28301462218421
Battle Queens ｜ Official Skins Theme 2020 (ft. Shihori Nakane) - League of Legends.mp3,112.34714673913044,9.0,0.8797051695607159,-16.244342803955078,1.152069330215454,0.0522326156497001,0.1205628655487115,2563.3841667529086,891.4656580454426,5421.338230567642,1931.757754768921,-22.87568912506104,-12.668354988098145,-9.44934015274048,77.8827896118164,32.73269271850586,0.1413341164588928,16.579490661621094,24.32291984558105,17.437501907348633,2.79244327545166,9.07649040222168,8.285419464111328,10.023235321044922,2.6445813179016118,8.744033813476562,4.587230682373047,9.034960746765137,0.1330989301204681,8.891741752624512,4.525636196136475,10.00830078125,-4.254451274871826,7.628530979156494,4.949008464813232,8.133243560791016,-2.029326200485229,7.009964466094971,20.62955316912512,14.279842491060428,18.08243443923511,18.282371045925395,17.938979005127685,17.54888436050604,47.50120788329651
CASANOVA POSSE.mp3,95.703125,3.0,0.8282645176267319,-10.8682222366333,1.174170732498169,0.0571887344121933,0.1370523264140135,2843.765888131556,685.2487141931922,5952.481613490412,1243.648392071126,-12.498879623413083,-8.91869068145752,-7.019247913360595,69.81498718261719,22.74365234375,-7.754763603210449,16.7316837310791,22.87069129943848,12.175321578979492,4.164532661437988,9.650554656982422,12.782472610473633,9.143033981323242,5.939675807952881,8.033467292785645,6.799079895019531,7.280049800872803,-0.5259402990341187,7.526920318603516,1.4980344772338867,8.026617050170898,-2.889892339706421,6.716032028198242,3.574871778488159,7.241790294647217,-0.7015946507453918,6.594742298126221,19.51546185438185,13.881244896108294,16.523858700143265,16.851993122759072,16.941102635344553,16.770315809727293,48.36975598299872
DECO＊27 - テレパシ feat. 初音ミク.mp3,103.359375,4.0,0.4531420905632579,-14.755226135253906,1.4504916667938232,0.0573548376560211,0.1397315808808778,2974.2947062832422,671.9114940162092,6164.763220032649,1231.10366811753,-18.762584686279297,-12.87484073638916,-9.784276008605955,60.90201568603516,23.042238235473636,-9.098806381225586,16.792314529418945,22.44291305541992,15.04093074798584,7.022298336029053,11.565423011779783,15.764657020568848,10.941039085388184,7.887630939483643,9.570887565612791,6.941638946533203,9.522894859313965,6.922840595245361,7.882081985473633,5.586453437805176,8.285005569458008,0.7499378323554993,7.880048751831055,4.69874906539917,7.070937156677246,-2.907866239547729,7.067098140716553,20.056595385079454,13.766738381446403,16.991310212750438,17.23427379688261,16.642904222105855,16.46291358592179,46.049153475818464
DOWN BY LAW.mp3,117.45383522727272,1.0,0.7613275611190593,-13.093816757202148,1.6130530834197998,0.0488027967512607,0.1289574498410163,2940.2809960761165,768.9891493216193,6453.167370538026,1486.79977689085,-17.631242370605467,-9.51618194580078,-7.029905796051025,66.79856872558594,26.837499618530277,-0.7936005592346191,21.681894302368164,13.964973449707031,16.45695686340332,7.172025203704834,14.170246124267578,2.5954604148864746,13.38096046447754,6.153859615325928,10.77431583404541,6.608039855957031,10.764025688171388,1.0585285425186155,9.775053024291992,13.974183082580566,11.671993255615234,-2.3816730976104736,8.453401565551758,2.0833044052124023,8.365174293518066,-2.202824354171753,8.531411170959473,19.243190994027177,14.75931393652103,18.063134525046667,17.530121086948526,17.465232471920466,17.75540807945972,47.00683125598537
Chameleon Lens.mp3,95.703125,9.0,0.7031814718906988,-12.686667442321776,1.3924684524536133,0.0448198989033699,0.1064821114835733,2484.375746040097,824.6994289456115,5471.7165180616485,1922.055060809888,-18.628364944458006,-9.360637664794922,-6.19996280670166,82.5665512084961,31.81084632873535,1.014751434326172,20.69926643371582,17.972679138183594,17.503215789794922,4.099438667297363,11.38076877593994,7.39857816696167,10.38258171081543,6.1215667724609375,10.327207565307615,7.612765789031982,8.513728141784668,0.2670429944992065,8.92284107208252,6.950043201446533,9.414345741271973,1.3219646215438845,8.045172691345215,6.866589069366455,8.464119911193848,0.3425914347171783,8.082605361938477,20.50204139193309,14.31329378711354,17.049946065759276,17.54847101873626,18.35452609204291,17.737269884947143,47.15307530250327
Dream lantern.mp3,117.45383522727272,9.0,0.8716053705372623,-18.365095138549805,1.157259225845337,0.0471859760582447,0.1179093744489508,2225.453300122409,1009.9301698835824,4543.600786209443,1849.470019081108,-25.97244644165039,-14.904131889343262,-8.733177185058594,96.2163543701172,41.53677749633789,-13.709409713745115,19.03231239318848,23.479467391967773,13.599453926086426,-1.4835785627365112,11.752781867980955,-2.682101011276245,19.429094314575195,-3.919079542160034,10.750009536743164,1.114117980003357,12.163637161254885,0.8576180338859558,8.414741516113281,0.8316372632980347,8.761507034301758,-7.485260963439941,7.625524044036865,0.47026526927948,7.309836387634277,-6.698521137237549,7.795451641082764,19.877924159208035,16.042479768977106,19.24420824225356,19.725264623140827,19.752375693902543,20.12166866066396,47.7545472279608
D.D.D.D..mp3,123.046875,10.0,0.5460579684826616,-10.905068397521973,1.588420271873474,0.0246683433651924,0.0854946297534702,2848.6127813848625,816.0782015884093,6251.204690662956,1697.7864611324187,-16.481731033325197,-8.45880126953125,-6.7742267608642575,54.80962371826172,28.503273010253903,-0.2881127297878265,27.41741943359375,23.64744758605957,16.444135665893555,11.300263404846191,16.792837142944336,10.447433471679688,15.76262378692627,10.001355171203612,10.414204597473145,10.29665756225586,12.543947219848633,11.224563598632812,9.198708534240724,13.53805160522461,9.720892906188965,4.280722141265869,10.063762664794922,9.416598320007324,7.952988624572754,-0.2650647759437561,8.728863716125488,21.585338440102483,14.505957288201298,19.02700157912364,17.912140952159415,17.674421794554423,17.99800059460149,47.47049504346003
Cry Baby.mp3,99.38401442307692,8.0,0.5825124853222162,-12.241755485534668,1.1246682405471802,0.0384827628731727,0.1016455298599769,2541.246797390061,582.6763450155975,5728.468159596713,1352.1694716355305,-15.55949764251709,-9.745129585266112,-8.180503463745117,79.31025695800781,21.30919075012207,-3.4152634143829346,18.369911193847656,19.236310958862305,12.678324699401855,9.10624885559082,15.425617218017578,10.923598289489746,11.101733207702637,3.732720851898194,10.510139465332031,8.181802749633789,9.835908889770508,0.2739773392677307,9.144347190856934,7.006268501281738,9.098228454589844,-2.1861395835876465,7.473581314086914,1.238479495048523,8.032146453857422,-3.160879373550415,8.000288009643555,18.475342300555397,14.528863951295438,17.93886378218772,18.49869505290048,18.169390242280308,16.77815217298683,47.90869827873353
DUNK.mp3,135.99917763157896,9.0,0.6213306647785108,-12.348871231079102,1.2051827907562256,0.0609811730682849,0.1464302200898128,2968.191817660057,581.1674184881947,6168.5614823667,1158.099426559016,-14.887130165100098,-11.37224578857422,-8.73813953399658,62.10172271728516,18.145353317260746,-14.811685562133787,14.695147514343262,22.86415100097656,12.491252899169922,9.98847770690918,10.49782657623291,11.147029876708984,9.152976036071776,3.23518967628479,8.149048805236816,11.654709815979004,7.619929313659668,4.355827331542969,8.2463960647583,8.069087028503418,7.091488361358643,2.875518798828125,6.357398986816406,4.582773685455322,6.518791675567627,-0.707554280757904,6.434491157531738,16.91516535082403,13.31578855140803,16.04906002106473,16.120420099742454,16.27867458091704,15.753756731047144,47.15308585439974
Dandelion.mp3,117.45383522727272,3.0,0.6921954560607019,-14.162345886230469,1.3652552366256714,0.0130881117656826,0.0685479121688378,1897.2154973867791,821.2721045083424,4205.488361296107,1912.325880215698,-19.23267879486084,-12.29017162322998,-7.010982131958008,108.70104217529295,36.56689834594727,14.945249557495115,23.411773681640625,21.020984649658203,17.458354949951172,11.236178398132324,15.01833438873291,6.131759643554688,14.875800132751465,-0.6702384352684021,12.200182914733888,7.755438327789307,11.016375541687012,-7.312265872955322,11.130545616149902,8.296671867370605,10.213096618652344,-0.3880140781402588,7.474365234375,-0.1351144015789032,9.438028335571287,-1.8932068347930908,8.725564002990723,20.473629670080754,16.273873666391207,18.69882462979795,18.44926178964236,18.74740346894165,18.051749375487777,47.0813066059098
ENDROLL.mp3,135.99917763157896,4.0,0.7740201538155539,-15.602203369140623,1.1705501079559326,0.0212624054402112,0.0751837753668064,1752.4664375132522,895.0390611133774,3739.9182854629134,2077.5147304899424,-22.04445533752441,-13.195876598358154,-8.187368202209472,118.32349395751952,40.0659408569336,6.056656360626221,19.576601028442383,18.28883171081543,14.057527542114258,15.401803016662598,13.384922981262209,-1.3298718929290771,10.97476291656494,1.029076337814331,12.17602252960205,1.2277164459228516,15.220998764038086,-5.734957695007324,11.258356094360352,6.1975507736206055,11.346868515014648,-3.874042510986328,9.32744598388672,-4.624433517456055,8.842544555664062,-1.797358512878418,9.159138679504396,20.0923256891385,17.09096076540452,21.227342155129914,21.79267513814248,21.740528806569337,21.79463903254877,46.75117114374409
Delete.mp3,95.703125,1.0,0.7211870367795892,-10.57906436920166,1.1351643800735474,0.0434529930353164,0.1285233022093183,2748.1580205808527,495.4478161155448,5776.097658397471,989.7381023343096,-11.92821922302246,-9.113776206970217,-7.302080726623535,69.41862487792969,17.15869140625,-6.493429660797119,11.991199493408203,33.22330856323242,11.755773544311523,7.167134761810303,9.209271430969238,13.911423683166504,10.645310401916504,0.8602725267410278,7.256927490234375,10.900310516357422,7.425518035888672,5.745445728302002,7.452596187591553,8.189159393310547,7.870273113250732,-2.01883602142334,6.538553714752197,3.673028945922852,6.815730571746826,1.8122864961624143,6.304598808288574,19.801689104122808,14.089229532095766,17.635410949606467,16.67418844456398,16.883056793978504,16.326605523250706,48.74721870021578
FAKE LAND.mp3,143.5546875,10.0,0.7789469289379191,-11.952116012573242,1.6195285320281982,0.0460584834218025,0.1557995763435687,2749.598463250229,796.9232296745859,5300.272795282694,1658.3572827325434,-14.631150817871092,-9.985761165618896,-7.940428876876831,75.0552749633789,30.267412185668945,-28.41823005676269,28.38349914550781,11.38122272491455,16.03705406188965,-5.164063453674316,14.560704231262209,-2.954298973083496,15.639575958251951,-2.6399779319763184,13.250835418701172,0.8190780282020569,11.493590354919434,-5.997067928314209,11.910408020019531,-0.8647297620773315,11.459555625915527,-3.032559633255005,9.724102973937988,1.6894758939743042,9.132627487182615,1.368038773536682,9.014959335327148,18.88485546237217,14.131045390312623,17.6656688260721,17.503841633853295,18.81231379796447,19.0086719499693,47.308014191024434
Dear.mp3,143.5546875,2.0,0.5436771862085806,-11.45311164855957,1.1579110622406006,0.0298204608261585,0.0988956752769749,2242.5595534469644,587.0566696813902,4749.605581647399,1483.8389538575589,-12.730786514282226,-9.51552963256836,-7.943471240997314,98.08841705322266,25.28240776062012,-4.259282112121582,16.9272518157959,19.15989112854004,12.283299446105955,-0.6989402174949646,9.112593650817873,-5.2759623527526855,10.242939949035645,8.17279052734375,9.35662841796875,6.156024932861328,8.137458801269531,-1.4043982028961182,8.48184585571289,5.788577079772949,8.89486312866211,-5.690865993499756,7.779524803161621,4.0505571365356445,8.425007820129395,-2.4259321689605717,8.061984062194824,18.95872352472178,14.335158548112416,18.406815486974605,19.21862447422377,18.117258083900687,19.477236138973392,47.862057415161495
Ender Ember.mp3,129.19921875,4.0,0.7557226311303461,-14.529901504516602,1.133921504020691,0.0570673309266567,0.1435852285351412,2983.8950159808105,973.141965145302,6371.194404056675,2041.2863407680547,-19.06808681488037,-11.5558762550354,-9.164165115356443,69.44544219970703,35.60980987548828,-3.974864482879639,18.399526596069336,19.96385955810547,13.228087425231934,11.1729154586792,9.50940227508545,2.914990186691284,9.493773460388184,1.996352314949036,8.689082145690918,4.723609447479248,9.12507438659668,3.993443727493286,8.834134101867676,2.767242193222046,11.328765869140623,-0.0681029930710792,8.337117195129395,1.0521854162216189,8.374216079711914,-2.015368223190308,7.997764587402344,18.927982250477108,14.103308134294265,16.615479753438652,16.610093685428577,16.78740060592284,16.790556400710333,46.38727934834719
EGOIST『絶体絶命』Music Video（スマートフォンゲーム「アズールレーン」簡体字版リリース4周年記念主題歌）.mp3,135.99917763157896,2.0,0.6964993198618695,-14.709490776062012,1.1713643074035645,0.0376844070851802,0.1102306580215543,2716.157347669033,695.4767922144364,6014.093637395405,1438.9491356174374,-22.147955703735352,-12.659625053405762,-7.347504425048825,71.8109359741211,23.21078491210937,0.8134146928787231,16.16596031188965,13.410811424255373,17.024168014526367,1.2245277166366575,11.53660774230957,5.798398017883301,12.95162296295166,6.775646686553955,12.196931838989258,4.793686389923096,11.182312965393066,1.510995864868164,9.609999656677246,3.998103857040405,8.819173812866211,-4.904311180114746,9.409512519836426,3.6789159774780273,8.649458885192871,-0.4207813441753387,8.409650802612305,18.0078019376112,15.326171655168322,19.646840770980205,20.060855579447804,19.411139255768237,18.09162128343265,47.14707269538541
Fiesta.mp3,143.5546875,2.0,0.8184672578811393,-12.630859375,1.2359062433242798,0.044701162725687,0.1222781965094224,2553.319399010666,610.1386564696171,5499.135290473569,1255.8520581986409,-15.67992706298828,-10.42188835144043,-7.855385208129882,78.44609069824219,20.43850326538086,-5.285498142242432,15.325515747070312,27.285818099975582,12.385183334350586,6.933575630187988,11.761549949645996,5.242124080657959,9.094497680664062,-4.066928386688232,8.564131736755371,11.112671852111816,6.935634136199951,-1.4007569551467896,7.513996601104736,4.559520244598389,8.537841796875,-1.1249557733535769,6.2474751472473145,2.1496031284332275,6.674398422241211,-1.23651921749115,6.350384712219238,18.596763919489806,13.26069574004548,16.688057433724506,17.281985590309286,17.263901193526937,16.509444159304778,49.089627745944206
Flyers.mp3,135.99917763157896,8.0,0.682829100486949,-11.149580001831056,1.1630254983901978,0.0451819859445095,0.1328797951722756,2634.135921097502,642.6063905396718,5362.740951254767,1314.5877556387593,-11.45932445526123,-9.308484554290771,-7.988472843170165,73.55691528320312,23.685365676879883,-12.879990577697754,16.629810333251953,32.383056640625,12.943421363830566,8.548243522644043,12.34401512145996,5.879177570343018,8.95223617553711,-5.949428558349609,8.120497703552246,4.471570491790772,7.744307994842529,1.75024151802063,7.265236854553223,1.2293899059295654,6.830554962158203,-1.368262767791748,6.928881645202637,3.5728988647460938,7.503142356872559,-2.75309419631958,7.266228675842285,19.000588895087397,13.506342436114664,18.050542290147416,17.811477942100357,18.48588781000772,17.52645185891036,47.87198487812427
EYE.mp3,117.45383522727272,3.0,0.6629298335464524,-17.185176849365234,1.135366439819336,0.0257188212126493,0.0851762993446868,1769.274553052995,706.7320634071335,3491.348974095879,1696.522999087807,-25.9771785736084,-12.93386697769165,-9.29594202041626,118.86254119873048,37.45560836791992,-11.17668914794922,18.725194931030277,10.897385597229004,16.69755744934082,6.310922622680664,13.720927238464355,-2.5263235569000244,13.162830352783203,2.578197240829468,11.961702346801758,1.0591987371444702,10.809408187866213,2.1698577404022217,10.165078163146973,2.591510534286499,9.495941162109377,-4.353778839111328,9.286361694335938,3.798123359680176,9.322599411010742,2.206519603729248,10.94482707977295,20.976082910946975,16.87034435631407,20.64463272885685,22.402683129456094,22.064288705732103,20.85674482188127,48.10053012083642
Freedom.mp3,89.10290948275862,3.0,0.4466342285339458,-12.789531707763672,1.532663106918335,0.0471199564635753,0.1395919637983468,3065.0338061965285,846.7359883987679,6046.3326879776205,1518.450928953883,-19.31999969482421,-9.23053741455078,-6.839459800720214,43.887054443359375,27.858434677124023,-10.538886070251465,23.55855178833008,37.78695297241211,19.443307876586918,9.185065269470217,14.773431777954102,14.455930709838867,12.67323112487793,10.785075187683104,11.60308837890625,11.026403427124023,10.86557674407959,8.14753532409668,10.934887886047363,10.695101737976074,9.78728485107422,1.1750147342681885,9.33387279510498,5.736053943634033,9.006399154663086,-0.8058843612670898,8.503621101379395,21.31871526343553,14.239386132987429,17.703040796024837,18.301054883378846,18.051823936777616,18.14799486934302,48.81304493006461
GO GHOST.mp3,151.99908088235293,10.0,0.7894690131107135,-12.701516151428224,1.380803108215332,0.0410482361912727,0.1227449484285421,2674.87452359178,829.6532746463799,5701.075718385288,1667.9865112879147,-17.04228401184082,-10.370136260986328,-7.172911882400513,77.16787719726562,33.71278762817383,0.5325783491134644,19.923540115356445,17.504125595092773,20.852148056030277,-2.7436683177948,17.472524642944336,8.654687881469727,10.816826820373535,3.1151251792907715,10.43434715270996,0.2542273700237274,10.57475757598877,-4.150146484375,9.173110008239746,5.362899303436279,7.865776538848877,-4.82720422744751,8.718330383300781,2.1211459636688232,8.248055458068848,-4.213810920715332,8.307950019836426,19.784474650182784,14.799655477570951,17.59847662218736,17.241700458066738,17.581469850863265,17.14335163690673,47.91940230166376
FLY HIGH!!.mp3,123.046875,5.0,0.8054801056769713,-10.680619239807127,1.1564369201660156,0.0487428605556488,0.133171964031339,2748.68297259118,596.4203782663254,5688.10296474359,1198.5391274237436,-11.788524723052978,-8.820994853973389,-7.773513984680176,69.64509582519531,20.993507385253903,-12.193286895751951,15.04818058013916,25.962846755981445,12.717859268188477,2.1338181495666504,11.468896865844728,10.729135513305664,11.297700881958008,3.0176761150360107,8.09496784210205,7.47467565536499,8.27827262878418,1.715578317642212,9.738746643066406,5.845666885375977,9.151469230651855,1.0135626792907717,6.936152935028076,3.353644371032715,7.327610015869141,0.490204781293869,6.434922695159912,18.90744519829201,14.887909423990004,18.345427184489704,17.92594061670081,17.788424811827582,17.468454546345566,48.50555768965508
FOREVER LOST.mp3,112.34714673913044,1.0,0.7715064098788674,-13.460619926452637,1.0375295877456665,0.0079927211627364,0.0565047381201857,1800.5526776532563,634.9305442553822,4084.079798917506,1618.0569619944874,-20.852515411376952,-9.609926223754885,-7.562226581573486,111.6131362915039,29.815326690673828,8.00552749633789,22.40448760986328,24.877168655395508,14.474214553833008,3.552386522293091,12.382214546203612,5.93208646774292,10.511512756347656,3.250157833099365,9.465426445007324,2.9041075706481934,8.517183303833008,0.9839383363723756,8.336301803588867,2.196973323822021,8.870320320129395,-1.47946035861969,6.863748073577881,3.860183477401733,7.861320495605469,-1.252439022064209,8.317896842956543,20.135985020741188,14.796962504253024,18.54164179887781,18.34189628375777,17.315940807153332,17.139838659425347,48.08653697911065
Fighting Gold.mp3,123.046875,11.0,0.7395757173022561,-10.425061225891112,1.1615017652511597,0.0607442483305931,0.1665625232856062,3113.7179667840514,763.4304457344255,6416.393919823718,1442.6097769989556,-11.888099002838135,-9.19478988647461,-8.159484958648681,64.20701599121094,26.113147735595703,-3.90726375579834,18.16170883178711,27.383604049682617,14.687148094177246,5.759224891662598,10.297399520874023,6.724393844604492,10.16695785522461,1.1818969249725342,8.59645938873291,8.266701698303223,7.121241092681885,-2.0036911964416504,8.303797721862793,4.053167343139648,7.343195915222168,0.967895805835724,7.437548160552978,2.713423728942871,6.557943820953369,-3.1134400367736816,6.914163112640381,18.38054110261664,13.745255290902849,17.24809378082888,16.80865031717804,17.08203601549096,16.804939262834637,48.49763242066842
GO CRY GO.mp3,103.359375,0.0,0.5763378638684635,-10.882257461547852,1.1401270627975464,0.0278847515583038,0.1165785276160466,2349.071737380287,509.0267436577346,4724.786877881182,1209.5413391423529,-11.624689388275147,-9.209821701049805,-8.241401958465577,90.29751586914062,22.670825958251957,-24.535043716430664,19.21582794189453,23.272754669189453,13.73559856414795,6.641695022583008,11.65773105621338,6.949849605560303,8.617431640625,2.4079909324646,8.190306663513184,8.218015670776367,7.311406135559082,4.375897407531738,7.512758731842041,4.684431552886963,7.648198127746582,-1.1314457654953003,6.588085174560547,4.146535396575928,6.311760425567627,-1.2229880094528198,6.604985237121582,19.019857367311797,13.575207589785125,17.32886118404203,16.968690803178752,16.76710263454868,17.472234618866395,48.32432748412073
Endless Embrace.mp3,99.38401442307692,2.0,0.8265068825339001,-16.159984588623047,1.112013578414917,0.0221474356949329,0.1016036320768539,2205.2378117749654,732.762461169121,4779.496102296925,1509.2082076826975,-22.44676895141601,-12.834277153015137,-10.835409927368165,102.83287048339844,32.912445068359375,2.357317447662353,20.16312026977539,24.83281707763672,14.259004592895508,1.9118245840072632,11.59744930267334,5.861583709716797,9.437085151672363,1.1419497728347778,9.258330345153809,-0.2246967852115631,10.195474624633787,0.6173734664916992,7.702564716339111,0.435923159122467,9.977486610412598,-2.2967989444732666,8.65383529663086,8.240302085876465,9.213879585266112,-3.694542646408081,9.449838638305664,19.050230874010552,14.24656411310498,17.717071313464043,18.22687771608405,18.73566508466903,19.26232435836204,48.71883381140269
Golden Horizon.mp3,135.99917763157896,7.0,0.8861848918615325,-14.84769058227539,1.3927483558654783,0.0235075298696756,0.1091291725144499,2194.5868846525505,665.1773005593348,4286.542301142497,1478.2658391289517,-21.315438270568848,-12.490683555603027,-9.083061695098875,97.42156982421876,28.28560256958008,-23.74070167541504,20.822229385375977,11.967307090759276,15.101778984069824,5.967807292938232,14.768342971801758,8.485879898071289,12.528905868530272,4.813767433166504,12.159746170043944,7.419674873352051,10.936546325683594,-2.00654935836792,9.791163444519045,7.445638656616211,9.10799789428711,1.425851583480835,8.454865455627441,1.1968847513198853,8.787025451660156,1.7122162580490112,8.008980751037598,18.62835042868818,14.819020827646751,18.26225171775865,18.508984019254697,18.717894348725757,18.35685994095799,48.07369211703364
Ginsekai.mp3,123.046875,6.0,0.8907241957652942,-12.969453811645508,1.1768951416015625,0.035119991749525,0.1266934402250998,2581.924269616369,608.4063265900827,5311.910679210608,1170.0186318009082,-16.397716140747068,-10.981474876403809,-9.234346103668212,78.17062377929688,22.56803321838379,-14.642496109008787,15.78212547302246,22.04593086242676,12.763631820678713,0.9716938734054564,11.571146965026855,12.257535934448242,10.30961799621582,1.1745824813842771,8.705975532531738,5.118354320526123,8.803519248962402,4.016901016235352,7.579625606536865,7.6936469078063965,8.581148147583008,0.4149174392223358,7.789790153503418,5.821167469024658,7.921494483947754,3.899793863296509,7.072396755218506,18.79369317860091,15.027425939698263,18.32689704342485,17.504159444686568,18.56438795948858,17.83710271586933,47.79220315860885
Gate OF STEINER.mp3,143.5546875,0.0,0.8738797888978395,-17.89238166809082,1.051154851913452,0.0221089385449886,0.100307634157216,2100.139790568125,808.5569129299578,4314.63926268906,1798.1737381320936,-26.47780532836914,-15.484803199768066,-10.20295820236206,108.23758697509766,33.906333923339844,-4.582695960998535,17.752178192138672,18.68779182434082,16.167856216430664,-1.839391827583313,11.530306816101074,0.650951087474823,11.160564422607422,3.893340587615967,8.777693748474121,2.213770627975464,9.074199676513672,2.218445062637329,7.59203577041626,0.7450827360153198,10.516425132751465,-1.606001377105713,9.09967041015625,0.6053386330604553,8.179688453674316,-2.5697572231292725,8.175994873046875,20.21346247194233,14.629784509754792,19.54516007932488,20.566682087462542,19.15895170179865,18.4210158151585,48.50576070705841
Good luck to me tomorrow.mp3,129.19921875,0.0,0.7184028500922819,-12.02805995941162,1.5600552558898926,0.026017490774393,0.0984788380469764,2403.3804767596084,592.5593473744817,5202.217118557476,1369.3602668889305,-16.572483825683594,-10.599463939666748,-7.883129644393921,86.47483825683594,24.29562759399414,-3.182408809661865,19.066404342651367,21.000707626342773,19.24147224426269,2.365529060363769,13.254878044128418,10.71115779876709,13.861644744873049,6.979182243347168,11.245643615722656,3.9337408542633057,10.975903511047363,2.282567262649536,9.800079345703123,8.67227554321289,9.165705680847168,-3.838308095932007,8.817085266113281,7.120287418365479,8.754961013793945,-1.461963772773743,8.08139705657959,18.97372603300903,14.430081000802796,17.32719397505612,17.77100197756543,17.857348049994755,17.650001382405133,47.92453226941364
Gekkou.mp3,99.38401442307692,11.0,0.7997911316430661,-12.264689445495604,1.1500636339187622,0.0318080745637416,0.1157700200443577,2641.645971478535,583.7308205939348,5696.499140662892,1241.2102160890054,-14.934078216552734,-9.977625846862791,-8.035650253295898,73.18685150146484,22.333473205566406,-0.1686795949935913,14.198932647705078,31.26693725585937,12.715316772460938,7.251749515533447,8.452535629272461,8.075145721435547,9.04449462890625,3.760456562042236,8.240168571472168,8.329129219055176,7.877228736877441,0.1441082656383514,7.110126495361328,8.205374717712402,8.362515449523926,-0.2478710114955902,6.060811996459961,2.353581666946411,6.219971656799316,0.99565190076828,6.178113460540772,20.47811980264123,15.20980682017058,18.064038096371,17.56401314376326,17.590053164856567,17.044005914878273,48.360905917613536
Gradation.mp3,117.45383522727272,6.0,0.4799659188819839,-12.363638877868652,1.324562430381775,0.0391745641827583,0.13614311020493,2533.25535237265,688.8456651326517,5111.857726029847,1565.716640023419,-19.877460479736328,-10.229244232177734,-6.629596424102783,84.04065704345703,31.90644073486328,-30.02230834960937,27.57639503479004,22.88410377502441,19.286806106567383,10.38125991821289,12.74104118347168,2.2911672592163086,11.587225914001465,-6.4592132568359375,11.87861156463623,8.059128761291504,8.822992324829102,-4.614938259124756,9.91673755645752,-1.6644067764282229,11.356225967407228,-2.3286895751953125,7.633673191070557,-0.271478921175003,7.683905601501465,-4.206499576568604,6.452821254730225,18.485805986520603,14.67104522416189,17.028540243821134,17.222798486438084,17.970115701108014,17.443750129837444,48.790714278983046
Grandeur.mp3,129.19921875,8.0,0.6573293865020909,-12.697020530700684,1.3569844961166382,0.0757935345172882,0.1592299671026251,3188.19078341107,726.1894646114171,6576.424896788454,1368.6395757666055,-16.220216941833495,-10.507198333740234,-7.844870328903198,53.357688903808594,23.904794692993164,-7.441869258880615,17.878990173339844,21.28173065185547,14.445394515991213,4.622745990753174,12.789839744567873,6.088004112243652,11.410688400268556,-0.0634760931134224,9.570530891418455,5.265279769897461,9.464585304260254,-0.3640710115432739,9.840806007385254,8.421649932861328,9.19830322265625,-1.9287550449371336,8.256988525390625,4.942004203796387,8.537901878356934,-2.756288766860962,7.444029331207275,20.2645163369322,13.68666032132344,17.671108123656314,16.435203278489805,16.94071288413888,16.814631711989747,47.729846380049125
HIDANE.mp3,123.046875,3.0,0.6786950511241637,-11.510059356689451,1.4712694883346558,0.0372481830418109,0.1036831084575493,2605.901727193131,899.6669155998158,5575.177437819691,1570.6202727019677,-15.941390800476077,-9.103672504425049,-6.459115934371948,73.47078704833984,27.09285545349121,2.738101005554199,19.40295791625977,30.808238983154297,16.96794891357422,6.749270439147949,16.006399154663086,5.628896713256836,13.009818077087402,-1.7102903127670288,11.613243103027344,7.22542142868042,10.469515800476074,-2.4106075763702397,11.894539833068848,10.29228973388672,9.056201934814451,2.621894598007202,8.884182929992676,2.4208898544311523,9.236656188964844,-0.7378592491149902,8.409416198730469,20.89968556762592,14.684751687555371,18.47647409469207,18.146001262589493,17.78160757826185,18.51015549686739,49.21512984652483
H-el-ical⧸⧸ - Altern-ate-(Audio).mp3,107.666015625,7.0,0.7245691349829735,-11.89809513092041,1.195460319519043,0.0522810295224189,0.1262623277235792,2622.019353044948,715.5934279409544,5226.600418298705,1488.9596949275049,-14.420790672302246,-9.292473793029783,-7.5507001876831055,72.63374328613281,24.703048706054688,-12.744462966918944,16.061922073364258,33.59876251220703,16.793657302856445,5.200151443481445,12.035414695739746,4.717766284942627,10.683359146118164,8.031233787536621,9.258543014526367,3.610740900039673,10.043435096740724,1.010342717170715,9.42447566986084,7.55734920501709,8.40366268157959,-3.415809631347656,7.661881446838379,5.439670562744141,7.474792003631592,-0.7674754858016968,7.231210708618164,19.53547614946371,14.462169203972792,17.487837538758765,17.024494471144017,17.118201860278315,18.30852005891465,47.4362728114446
HOLLOW HUNGER.mp3,161.4990234375,9.0,0.6093309973670167,-14.180437088012695,1.346356749534607,0.0463083684444427,0.1285014999024453,2756.4528566118643,715.6538841268668,6075.370311280567,1265.0120739184088,-19.155601501464844,-10.774760246276855,-8.361797714233399,77.19117736816406,22.698205947875977,-0.9249061942100524,18.051677703857425,15.216275215148926,14.901001930236816,2.3049089908599854,12.612374305725098,9.004209518432617,9.166462898254396,0.0960627272725105,9.061787605285645,12.077825546264648,8.242321014404297,-2.571549654006958,8.43661117553711,5.352336883544922,7.368790149688721,-0.4269526302814483,7.315021991729736,3.654101848602295,7.515684604644775,-0.2845375537872314,7.460237979888916,18.155411222415296,13.812304170898097,16.55543295606547,17.018984992230695,16.368154472277872,16.1402224322607,48.37651284322705
HUMANLIKE.mp3,117.45383522727272,6.0,0.8093558557579654,-11.702893257141112,1.52253258228302,0.0167367849498987,0.0749817425271739,2075.6008855204354,820.5882497415325,4516.446841032609,1914.291085220875,-17.97725715637207,-10.271987915039062,-6.117508697509765,100.58460998535156,34.833492279052734,5.192944526672363,20.73068046569824,26.35109519958496,22.45559501647949,9.59347915649414,14.202189445495604,-1.4227347373962402,16.20758628845215,10.372233390808104,12.859137535095217,1.8641130924224851,11.2114839553833,-7.02800178527832,11.235665321350098,5.72907304763794,11.003703117370604,0.3727569282054901,9.328296661376951,-3.3245983123779297,9.618929862976074,0.5761236548423767,9.014276504516602,21.173153136501742,15.419352343302757,19.808391420936623,19.374874390662896,18.67939710267332,20.063203139013336,46.69042250648225
Haguruma.mp3,112.34714673913044,2.0,0.5491981719279616,-11.062923431396484,1.111275553703308,0.0428396798670291,0.1077827986195069,2616.113797159874,670.1516922611156,5690.069693011131,1378.9085338723155,-11.128160858154295,-8.848168849945068,-8.000969314575196,76.18334197998047,20.96278381347656,-2.0385854244232178,12.566542625427246,30.36860656738281,12.872775077819824,4.577428340911865,7.912628650665283,9.912588119506836,9.586791038513184,4.357787132263184,7.717163562774658,6.876554489135742,6.321152210235596,1.7330281734466553,6.389830589294434,9.347735404968262,7.15135669708252,-1.9477715492248533,6.261436939239502,7.8047332763671875,6.228714466094971,-2.9401588439941406,5.856188774108887,21.163624326557645,12.506149334707615,16.43228501474032,16.846033954849315,17.06032964009726,17.343519662470847,49.06184223817901
Hatsune Miku ｜ Can't I Even Dream？.mp3,143.5546875,8.0,0.796465051562194,-16.328800201416016,1.158178210258484,0.0025074146687984,0.0685601641771219,1420.2803726930292,532.1214202294474,2858.444875437063,1292.3334413678783,-19.191252136230467,-15.21820068359375,-13.117494201660156,131.41993713378906,32.83318328857422,-18.54777336120605,18.908540725708008,24.999086380004883,16.908864974975586,-10.891371726989746,16.810131072998047,-1.6132270097732544,14.38984203338623,-5.505336284637451,11.051558494567873,-20.421836853027344,12.45494556427002,-12.65346908569336,11.463626861572266,-12.020779609680176,11.231513023376465,-11.471839904785156,11.230841636657717,-5.914786815643311,11.875608444213867,-14.296706199645996,12.38764762878418,23.73479748214417,20.63295921762592,24.539609429976917,24.78508192185742,25.19374299802132,27.455429290789468,49.28604651347592
"Hacking to The Gate - Kanako Ito with Lyrics [Romaji, Kanji & English].mp3",107.666015625,0.0,0.7527607164196676,-11.469043731689451,1.198206067085266,0.0410224795341491,0.1335487688854859,2580.342769151352,620.4957544756049,5211.570593398476,1263.208225198645,-13.19504337310791,-9.865433692932127,-8.233331108093262,81.83840942382812,23.4533805847168,-13.616297721862791,18.131919860839844,31.24040412902832,12.73145866394043,0.3708731234073639,8.41773796081543,5.543650150299072,8.524989128112793,4.965056419372559,6.8829545974731445,6.615067481994629,6.587282180786133,1.266632914543152,6.017019271850586,6.066359519958496,5.877435207366943,-1.5929712057113647,5.339437961578369,6.365126132965088,5.8942413330078125,-3.3614158630371094,6.09465217590332,19.140246853219185,13.224645788586594,16.444159660987577,16.831529685220435,17.018328871291754,17.833586003493938,48.54067723083631
Grape.mp3,112.34714673913044,8.0,0.7422470687008506,-11.424449920654297,1.4737060070037842,0.0116519574075937,0.0579461309928996,1747.9061018407483,808.1878683584861,3928.2210996898825,1956.0311598943008,-13.370893478393556,-9.541618347167969,-7.664110660552978,114.9103546142578,32.674678802490234,15.731732368469238,18.18366432189941,27.979001998901367,15.707002639770508,11.774750709533691,15.908464431762695,9.4564208984375,10.052467346191406,-2.928839921951294,10.45779037475586,0.2946536839008331,8.672515869140625,-3.629488468170166,9.036798477172852,1.8370128870010376,8.511303901672363,0.726422131061554,8.30978775024414,2.6960020065307617,7.754591941833496,0.1987043917179107,8.092264175415039,21.210329030883155,16.59781753356059,20.944198344425093,19.168889184064657,18.95519815375504,17.675730267159874,46.484234940018496
Hanaboshi.mp3,112.34714673913044,6.0,0.6549912230738101,-14.703787803649902,1.2092984914779663,0.0154372276738286,0.0796176860465837,1716.4105568761408,898.1158203192145,3411.0139767360424,1911.288201145716,-21.803536987304685,-11.607369422912598,-7.845347785949706,127.97579193115234,44.25429534912109,-7.317991256713867,31.61642837524414,20.802248001098636,18.435945510864254,12.385153770446776,14.118449211120604,2.1545350551605225,12.997648239135742,1.4449965953826904,11.12511920928955,-2.758669137954712,13.120784759521484,-0.5693780779838562,10.523541450500488,0.7328178286552429,9.93073558807373,-0.1564323753118515,8.591775894165039,-3.820668458938599,8.745265007019043,-2.158771276473999,9.093220710754396,20.980019443702464,16.412478680971468,19.558566355683425,19.548754457981985,20.540092640308988,19.90776724090659,46.09858778075975
Grand Escape (feat. Toko Miura).mp3,143.5546875,4.0,0.8903498694060632,-18.6209774017334,1.2168580293655396,0.0238491874188184,0.0986621287631786,2105.9121834200464,798.3738280177663,4168.188040328481,1692.4679443758105,-32.45094604492188,-14.925411224365234,-9.784504127502442,100.13807678222656,34.79937744140625,-15.914270401000977,20.698413848876957,12.220351219177246,16.789243698120117,0.1660623848438263,12.881125450134276,0.6834930181503296,13.791428565979004,9.95197296142578,11.574467658996582,-4.938948154449463,15.33953857421875,5.345102310180664,11.1790189743042,-4.117608070373535,12.181578636169434,-0.5000718235969543,10.751537322998049,-4.759857654571533,12.86856174468994,-5.730302810668945,9.664427757263184,21.152765426353128,17.919086066200627,20.07199640418316,20.92506146122668,21.38433927340027,21.5953910994066,49.04096910993526
Hana Hope - 旅のゆくえ.mp3,123.046875,9.0,0.8202767723705157,-19.265079498291016,1.017560362815857,0.0798659995198249,0.0868985685795569,2097.5239636820606,926.5417528191196,4567.965386383725,2046.0220787926487,-27.63696537017822,-12.75923776626587,-8.680048656463622,90.5652847290039,40.723106384277344,-0.0975579395890235,17.602535247802734,17.20787239074707,13.913775444030762,-0.6165071129798889,12.319948196411133,6.398854732513428,12.535805702209473,3.5751960277557373,9.981200218200684,1.3273155689239502,10.833749771118164,-1.028079390525818,8.742515563964844,1.2835979461669922,9.322014808654783,-4.035690784454346,8.841450691223145,2.098336696624756,9.34576416015625,-3.965920209884644,11.398726463317873,20.636777322791268,16.376073693841775,20.34749602319983,19.69088677432356,19.77923715925408,18.495943805463885,46.732861507634055
Have a nice end!.mp3,135.99917763157896,1.0,0.6323009375792277,-12.823575973510742,1.7123538255691528,0.0250099040567874,0.0850721801906136,2040.3936473960296,806.6483103583136,4079.210230293135,1636.1007182259675,-17.003373908996583,-10.902846813201904,-6.749941205978393,99.75089263916016,34.595340728759766,-21.73367500305176,22.46785926818848,27.98893547058105,15.687288284301758,16.977886199951172,14.77470588684082,4.760348796844482,14.338623046875,11.342644691467283,11.49710750579834,13.893869400024414,9.954733848571776,-5.30283260345459,11.805455207824709,13.43954372406006,10.541081428527832,-1.424683928489685,9.66522216796875,1.6283243894577026,8.261482238769531,-1.6004470586776731,8.143202781677246,21.58645474038381,14.913634795814412,17.85372538930401,17.012483198619677,17.54092876088354,20.603556704867,49.04201556401063
HUGs.mp3,123.046875,11.0,0.6063025391748144,-12.080801010131836,1.1439892053604126,0.0387872159481048,0.1123680273138149,2465.7241845526487,811.3177083952385,5138.080442039784,1827.52174322694,-21.0662633895874,-8.845173835754395,-6.539857196807861,82.03056335449219,33.446998596191406,-11.614537239074709,21.578174591064453,19.55842399597168,17.65900230407715,4.77788782119751,13.309507369995115,10.775983810424805,11.838359832763672,2.691813707351685,10.146040916442873,8.147130966186523,9.15759563446045,1.6559826135635376,8.557246208190918,6.337103843688965,9.144571304321287,2.1451644897460938,8.810151100158691,5.08529806137085,8.830673217773438,-0.1019270271062851,7.405621528625488,19.335521214647617,13.44691024485946,16.28662503208991,16.534710253717982,16.718208819900344,16.312999318381834,47.28473978630736
Harukakanata.mp3,103.359375,5.0,0.8207017878109631,-12.91047191619873,1.167345643043518,0.0492190644145011,0.1634574488589638,2996.6243091182128,727.2912377812402,5808.690153423108,1436.7625512271122,-22.97582054138184,-9.982877731323242,-8.221545886993407,51.232269287109375,24.827754974365234,-19.45826530456543,17.574766159057617,38.09375381469727,14.223730087280272,12.830706596374512,10.29499340057373,11.687579154968262,10.014190673828123,5.813976764678955,9.371241569519045,4.990426540374756,9.46346378326416,6.552020072937012,8.056723594665527,10.35682201385498,8.116558074951172,-2.4231200218200684,8.147075653076172,0.4338586330413818,8.084033012390137,-1.59514582157135,8.652151107788086,20.08768222082971,14.684785006385312,18.838719628075584,18.224051103739875,18.14126394873677,18.757210852176254,48.49128879676552
Hanaichimonme.mp3,117.45383522727272,4.0,0.7223353683453316,-10.85484218597412,1.11668598651886,0.0455245487391948,0.1278348879958059,2651.2791883282644,642.3412493806042,5573.827513722259,1338.2436909882238,-11.591116905212402,-9.060103416442873,-7.866713333129883,76.8979263305664,25.55659866333008,-9.730111122131348,18.194456100463867,27.7405948638916,13.410828590393066,4.000503063201904,11.21353244781494,11.48985195159912,9.408920288085938,2.269169569015503,7.727312088012695,4.48903751373291,6.946218013763428,2.449693202972412,6.644845485687256,7.4057416915893555,6.989687442779541,0.4217025339603424,6.81173038482666,2.674241065979004,6.498668670654297,0.7220458984375,6.800557613372803,19.10370173154563,14.902149368229637,18.031450889633504,17.4905921428423,17.469953673853595,18.1622203737944,47.5615817444082
Hello Sleepwalkers「午夜の待ち合わせ」MUSIC VIDEO.mp3,129.19921875,1.0,0.5637972077126885,-15.487726211547852,1.1451311111450195,0.0819258317351341,0.1114001716535116,2406.72752708512,902.121166204344,4917.222091832112,1798.44421876131,-31.08265228271484,-8.486375331878662,-7.224935102462768,72.79083251953125,32.16545486450195,-15.224272727966309,17.90914535522461,26.59848403930664,18.84891700744629,4.563239574432373,11.675686836242676,6.218757152557373,9.650047302246094,-0.1819771379232406,8.61003303527832,10.16441249847412,8.347528457641602,2.7736916542053223,8.157187461853027,5.664443016052246,7.529217720031738,-1.1818634271621704,6.877635478973389,3.634543180465698,7.119673728942871,0.0856058001518249,6.731515407562256,20.02615599203196,13.755814139665572,16.475127498719353,16.48922142985646,17.10282439282983,16.92520951339025,46.73078691686379
HYDRA.mp3,112.34714673913044,5.0,0.7794862718796838,-14.131999969482422,1.0907700061798096,0.0226648561656475,0.1096417000603455,2285.570317830476,633.2243439149485,4658.789769674009,1578.3497084923204,-22.891944503784178,-10.35608196258545,-8.518083572387695,92.5758285522461,27.22225379943848,-14.877730369567873,17.445232391357422,15.038251876831056,19.174448013305664,4.77928352355957,11.352581024169922,5.493721008300781,12.489319801330566,-0.2991266250610351,9.196524620056152,-0.2747915387153625,12.437153816223145,0.1379293203353881,10.178581237792969,1.2398974895477295,10.205238342285156,-2.0520782470703125,8.209404945373535,2.651304244995117,9.113518714904783,-3.654667854309082,9.558032035827637,17.78716215079826,15.723423114244774,19.513978166269705,19.10256879666056,18.850337908928665,18.06666502440936,47.77060874087479
Hollow.mp3,129.19921875,9.0,0.8445801129719843,-13.910369873046877,1.4284024238586426,0.0340835861861705,0.1016165871664692,2286.7922216458505,860.4679658329425,4718.212234095244,1997.514001504508,-23.99510307312012,-10.342714309692385,-7.921987915039062,95.60789489746094,42.67116928100586,-15.514880180358888,22.19880104064941,11.30667495727539,19.28068351745605,13.064868927001951,14.424445152282717,7.001556396484375,13.598201751708984,7.305245876312256,12.487683296203612,0.1800635308027267,13.529443740844728,5.342413902282715,9.50963020324707,5.052844047546387,11.620899200439451,-2.138631582260132,10.205404281616213,2.0317747592926025,9.99097728729248,-1.0662716627120972,10.554062843322754,20.106324967611183,14.22366014959612,17.864809404128795,17.468512743141094,18.72033845077687,18.582253254075688,46.63212984181383
Haiirotoao (+ Masaki Suda).mp3,161.4990234375,4.0,0.8624582169799722,-14.05953598022461,1.1077884435653689,0.0240085273981094,0.0910862443864891,2203.266704555725,678.4404155170671,4806.030478210513,1630.7889056127171,-19.801142120361327,-12.063154220581056,-8.260569953918457,93.46642303466795,27.406042098999023,2.5124733448028564,25.20603370666504,20.215557098388672,17.72767448425293,6.910142421722412,13.416179656982422,-1.4353523254394531,12.510343551635742,-3.875631809234619,10.937186241149902,1.3434555530548096,9.351404190063477,-6.469371318817139,14.36729335784912,0.7439110279083252,9.200862884521484,-8.047713279724121,10.01746940612793,5.028015613555908,8.843364715576172,-8.347125053405762,9.67685890197754,21.24245861576801,17.138274389694228,20.91813915202672,20.38817723598009,20.540516737634945,19.19862026548309,49.09712989537539
Hiroyuki Sawano ⧸ Project【emU】「Inferno＜×PT＞」.mp3,117.45383522727272,4.0,0.6423776420048317,-31.42323303222656,0.9114797711372375,0.1799388825893402,0.0546338270130968,1446.9581922456546,875.2789992415361,3203.272080741521,1926.9517723448523,-90.03784942626953,-17.151920318603516,-13.52847137451172,93.55437469482422,49.9330940246582,-4.881166934967041,15.757527351379396,28.411413192749023,16.909196853637695,2.993971347808838,7.739401340484619,13.326462745666504,8.745379447937012,3.3007307052612305,7.27393913269043,7.246880531311035,6.765537261962891,3.1443779468536377,5.715268135070801,8.095264434814453,6.348791599273682,0.0604327768087387,5.033207416534424,5.7742462158203125,5.792501926422119,1.573514699935913,4.848668575286865,17.153970906258852,12.888111044364432,15.948666338932073,16.04704743442905,16.597906730270342,16.94953042136622,43.11240027661533
Honor of Love.mp3,135.99917763157896,11.0,0.9238242512699912,-11.510507583618164,1.1698318719863892,0.0273067355155944,0.0962655919137109,2137.6683160185185,450.48212746283593,4496.00514078216,1079.446007379907,-12.41216812133789,-9.74016571044922,-8.626910400390624,99.06413269042967,21.35426139831543,-11.897171020507812,11.033172607421877,21.23973274230957,10.818887710571287,1.6997528076171875,8.369243621826172,7.704909801483154,8.787870407104492,4.493803977966309,7.258080005645752,7.865963935852051,7.094520092010498,3.7926647663116455,6.626035690307617,6.510831832885742,6.99445390701294,-1.0831326246261597,6.186474323272705,4.911861419677734,6.557714939117432,1.627076506614685,6.815206527709961,18.458695515399736,13.45063316195833,17.44114513812423,17.97798722295616,17.8401675404127,17.36010744585545,48.24623473418425
Hunting Soul.mp3,117.45383522727272,5.0,0.6896402194134195,-12.10236930847168,1.0914454460144043,0.0468688607215881,0.1627391637577437,2993.908961097656,437.4948649835938,5971.450491655878,770.9774409505931,-17.651966094970703,-9.31208324432373,-8.364354133605957,56.97023391723633,15.94308376312256,-11.041705131530762,18.516645431518555,43.8426399230957,14.31513500213623,-3.187751531600952,12.849893569946287,20.36656379699707,11.10377311706543,-1.781846284866333,11.625249862670898,8.27011489868164,7.717568874359131,-0.4656926989555359,9.275534629821776,6.805795192718506,8.7457275390625,1.4899110794067385,8.01611328125,-0.9000832438468933,9.407763481140137,-1.4148402214050293,7.14674711227417,17.72916714141503,13.909552753488772,16.521695821704526,16.838417323762133,16.754048773467375,16.351806393465576,51.85883142725135
Here.mp3,107.666015625,2.0,0.610559807851037,-14.178060531616213,1.26422119140625,0.0282447729259729,0.0954160120135158,2041.880603652248,651.8642471292227,4142.857834444066,1472.997117239304,-19.039314270019528,-10.79902458190918,-8.0918758392334,98.46569061279295,33.94908905029297,-9.885188102722168,19.873538970947266,19.18880653381348,19.37614631652832,-2.2807319164276123,13.755114555358888,-3.3097057342529297,14.260602951049805,1.5379704236984253,10.063536643981934,-0.1957069039344787,11.591449737548828,-1.2974021434783936,9.43709659576416,1.908291697502136,9.772662162780762,-6.332405090332031,10.080720901489258,1.003256916999817,9.077738761901855,-5.519613265991211,8.929988861083984,19.209717752186013,15.393684409139963,19.823022697513245,20.767881065035724,19.82840838866234,19.47146808049975,48.14556638579015
IRIS OUT.mp3,135.99917763157896,5.0,0.5192190828460627,-14.97527027130127,1.634517788887024,0.070198468863964,0.108288708855124,2657.7435808499727,998.3986411458142,5888.501459009507,2124.138516811859,-19.02339572906494,-11.654953956604004,-7.005204629898072,71.77705383300781,33.39409255981445,-6.38377046585083,24.05501747131348,5.941424369812012,17.071571350097656,7.375601768493652,16.296794891357422,9.864215850830078,12.544200897216797,-1.3528995513916016,12.650839805603027,5.658970832824707,11.039965629577637,2.2186551094055176,10.441664695739746,7.065276622772217,10.232583045959473,0.4359201192855835,10.587543487548828,5.749173164367676,9.672148704528809,-1.5969994068145752,9.322688102722168,20.7709156490138,14.103203488379316,16.673911881626225,16.539587232692305,17.51439808801981,16.65573462462572,46.46577326660347
INERTIA.mp3,123.046875,0.0,0.7902497555855921,-12.209393501281738,1.3842482566833496,0.0350146777927875,0.0818989503317039,2278.9590792098625,1084.75226909739,5107.350226887112,2308.8080705478005,-18.400587844848637,-9.039933681488035,-6.29541368484497,86.83911895751953,38.82291412353516,25.67664909362793,24.141069412231445,30.047163009643555,17.294822692871094,10.552435874938965,11.682666778564451,11.635136604309082,9.45535373687744,4.869203567504883,9.340143203735352,8.821298599243164,7.982107639312744,0.1831543445587158,8.33132553100586,7.211917877197266,9.401708602905272,2.1310627460479736,7.312299728393555,3.8505101203918457,8.1576566696167,-0.2737093865871429,7.7226104736328125,19.015971886912887,13.744374430138176,17.047478161504728,16.80670487492415,16.95167234093314,16.573073135826,47.16414940611423
Imagine Dragons - Take Me To The Beach (feat. Ado) (Official Lyric Video).mp3,103.359375,1.0,0.770193819452924,-14.710400581359863,1.5832321643829346,0.0303645506501197,0.1125642268251597,2595.543004549012,757.2697544201477,5460.161273232365,1541.7462414638635,-21.26907444000244,-12.031377792358398,-7.12124261856079,71.83219146728516,28.2690372467041,-10.079275131225586,26.194520950317383,25.396547317504883,17.238386154174805,5.829489231109619,15.60517120361328,10.256584167480469,14.241366386413574,4.752791404724121,13.766090393066406,10.028382301330566,12.089571952819824,-0.2517844438552856,10.403165817260742,7.054328441619873,10.339837074279783,-0.6221399307250977,9.455608367919922,8.311172485351562,10.365410804748535,-1.3955180644989014,8.314777374267578,20.032693194954987,14.690793342915354,17.92436981525827,17.194280737335273,17.25693102975033,17.75962308361702,48.478508022367016
Invincible (from Kaiju No. 8).mp3,92.28515625,7.0,0.7461221043126853,-12.9290189743042,1.4523991346359253,0.0266777127981185,0.0846506306461848,2286.259573911176,756.0521212054138,5059.243276344585,1640.5575494262807,-17.277371215820313,-11.294665336608888,-7.596247100830078,92.23600769042967,29.46099090576172,2.4825289249420166,16.372587203979492,16.80794334411621,13.789458274841309,4.301209926605225,11.251630783081056,9.778753280639648,9.654621124267578,-2.794347286224365,10.909610748291016,5.606735229492188,9.363092422485352,-3.890128374099731,8.937885284423828,5.768855571746826,9.23525619506836,0.3736525475978851,8.470027923583984,1.9822592735290527,8.280523300170898,-1.5286943912506104,8.677892684936523,20.06053677471875,15.464383740733256,18.447894057617454,17.526387576343616,17.6338756296299,16.416664109848508,47.80006972804068
I don't care.mp3,135.99917763157896,2.0,0.7328603701588454,-11.399494171142578,1.516489028930664,0.0306685958057642,0.0835334434134175,2306.6968008855656,776.2265161892745,5201.642385849603,1750.9903017892937,-17.49956512451172,-8.074268341064453,-5.788759469985962,89.30319213867188,27.921815872192383,8.579305648803711,17.576305389404297,14.249407768249512,16.62624740600586,2.4909584522247314,10.8518648147583,6.156748294830322,12.140488624572754,3.99139928817749,9.20167064666748,2.2593765258789062,11.084867477416992,1.3083192110061646,8.414737701416016,4.994630813598633,8.387720108032227,-1.863561749458313,7.922376155853271,3.3860604763031006,8.332216262817383,-2.532984495162964,8.322827339172363,18.403639794472895,14.916164906732975,18.185479670717168,17.949804269895953,17.96273730590572,17.54054199129734,46.99387858790167
INSOMNIA.mp3,151.99908088235293,0.0,0.7082634761867902,-11.527305603027344,1.231005072593689,0.0363016277551651,0.1214595899866347,2718.290120701397,640.3884458455886,5692.115027192072,1280.6621402379578,-12.265770149230956,-8.999495506286621,-7.254190826416015,70.21656799316406,25.07720375061035,-5.550004482269287,13.831931114196776,36.04563522338867,17.813669204711914,13.573049545288086,9.43182373046875,5.297330379486084,10.022141456604004,3.54993748664856,8.531981468200684,9.917766571044922,7.576822280883789,1.772088885307312,7.665234565734863,5.98982572555542,7.428492546081543,-0.8058938384056091,7.0503435134887695,1.621224045753479,7.431499481201172,-0.2631217241287231,6.166484355926514,19.99520151569628,13.792046117290631,17.455509244982373,17.047325137905485,17.631694851115565,17.67951693627586,47.18586419896078
Hyakki Yakou.mp3,89.10290948275862,9.0,0.8016182268465578,-12.451705932617188,1.1677080392837524,0.0563712045550346,0.1397646354906487,3011.9138302226643,661.5211631150881,6266.465939608487,1311.468687614157,-15.649060058593747,-9.833017349243164,-8.141209030151368,58.70685958862305,20.605369567871094,-7.945735454559326,16.05974578857422,25.0987491607666,15.79555892944336,2.639937400817871,10.838475227355955,5.548568248748779,8.183293342590332,2.6795923709869385,7.993244647979736,7.854379653930664,7.710343360900879,1.661884069442749,8.479381561279297,7.144154071807861,8.310367584228516,-2.564814805984497,7.081093788146973,7.493558406829834,7.365647792816162,-2.0580732822418213,6.891200542449951,21.633699450791436,13.241641556895392,16.600170511706505,17.229481409537577,17.249537380654015,17.162451985846428,47.70456132392377
Hyperventilation.mp3,123.046875,4.0,0.5807573628880303,-12.748811721801758,1.3174418210983276,0.0491156280040741,0.148486749650392,2883.540984979073,736.4569684917723,5822.079629071419,1507.649703619395,-15.33209524154663,-10.001059532165527,-7.684884548187256,59.8466682434082,27.810848236083984,-10.98269748687744,23.333070755004883,35.781097412109375,17.725502014160156,13.328850746154783,14.198734283447266,11.057662963867188,11.682117462158203,-3.4166321754455566,9.176514625549316,2.0330803394317627,8.517383575439453,5.026573181152344,8.392891883850098,5.401808738708496,7.748575210571289,-1.8000833988189695,6.808937072753906,0.6633958220481873,7.377681255340576,-4.036699771881104,6.876096248626709,19.648120638586203,14.971949252001515,17.77327664503845,18.332968328633918,18.1231998670614,17.064484932512418,48.56706813795949
JINGO JUNGLE.mp3,129.19921875,1.0,0.685067955019227,-11.88939094543457,1.225048303604126,0.0413074567914009,0.1237840665015436,2886.4137783060887,543.8759672952184,6086.93453976712,1299.3791498318242,-17.587243652343748,-9.444860458374023,-7.592190361022949,65.37283325195312,24.871644973754883,-17.184707641601562,21.23542594909668,15.685969352722168,14.23342227935791,1.2240948677062988,10.569762229919434,10.414243698120115,11.09521770477295,8.203287124633789,9.128390312194824,12.115612983703612,9.726295471191406,4.855040073394775,7.975497245788574,9.560885429382324,7.613552093505859,0.9408084750175476,7.701969623565674,6.5025811195373535,7.722946643829346,2.9531869888305664,7.353325366973877,20.10342281471875,12.340432047548768,16.151014704322634,16.905085705750476,16.45047394588222,16.423311572637193,47.84127948314433
Just a Boy.mp3,117.45383522727272,2.0,0.5659673891307923,-18.30389213562012,2.1814143657684326,0.0111379632726311,0.0583502459113534,1674.914168692114,876.3358382509359,3496.910015286131,2206.9075002545783,-25.67997531890869,-16.415931701660156,-10.863978195190429,109.1291732788086,37.97004318237305,16.25881576538086,36.62628173828125,14.739568710327148,28.16547966003418,-5.56763219833374,18.944412231445312,2.463055372238159,19.380807876586918,4.999331474304199,18.4593505859375,-5.214150905609131,18.790864944458008,-0.4404960870742798,13.234878540039062,2.736195802688598,12.874848365783691,-5.936756610870361,11.346659660339355,-1.8556724786758425,11.917725563049316,-3.327850580215454,12.018390655517578,21.048331418990767,16.906871276104734,21.44555057454231,21.661704656768883,19.493088660166908,19.274748663246548,46.842178432935455
I LOVE....mp3,112.34714673913044,3.0,0.7892457508781913,-13.562724113464355,1.2907193899154663,0.0417170450091362,0.1071482670477935,2692.8262239944697,956.2477739472082,5910.166635926308,1918.6386397685803,-20.2324857711792,-10.513521194458008,-7.653457403182983,68.86810302734375,33.277950286865234,1.497466802597046,19.07858657836914,16.643754959106445,16.545488357543945,9.64814567565918,13.974275588989258,11.594569206237791,12.120274543762209,0.5616623163223267,11.907941818237305,7.3202385902404785,10.799494743347168,1.1566941738128662,11.585864067077637,9.49014377593994,10.139580726623535,-1.8961061239242556,9.189865112304688,0.6387282013893127,8.816737174987793,-3.209388017654419,9.08509635925293,20.450674464850444,15.902749279687718,19.688885956686057,19.924906875110025,20.1693443873162,17.56245191288641,47.41957483269799
JANE DOE.mp3,135.99917763157896,2.0,0.7985244569027339,-17.078367233276367,1.1281086206436155,0.0263848640024662,0.080553673074321,2017.918739503247,851.6619623799919,4409.239069745898,2143.8776982393315,-28.373562622070317,-12.960847854614258,-9.440657901763917,102.0671615600586,39.157596588134766,5.944671154022217,23.148406982421875,9.434269905090332,15.92102336883545,7.414425373077393,14.089027404785156,2.732003927230835,13.851707458496094,-1.6354448795318604,12.38483428955078,-1.8211867809295652,13.079405784606934,-4.101601123809815,10.351367950439451,2.5716826915740967,10.943017959594728,-6.624850273132324,11.259406089782717,-4.733954429626465,10.088889122009276,-4.192845344543457,9.756534576416016,20.801617537770436,16.356377905362777,20.17561500516104,19.789851491156025,20.260284130886976,19.16819703574072,47.95108763202289
KONTINUUM.mp3,129.19921875,7.0,0.6410650737870746,-12.965425491333008,1.2131187915802002,0.0408185943961143,0.1111032312355306,2669.610172682049,857.5244314508171,5876.550716875648,1684.25320078034,-18.753072357177736,-9.96620750427246,-6.878803062438965,79.07696533203125,27.54697608947754,2.6348702907562256,19.682830810546875,18.73077774047852,14.856585502624512,9.610992431640623,11.806914329528809,-1.108367085456848,14.785320281982422,4.214705467224121,10.053925514221191,3.0143227577209477,10.301692962646484,0.4979743361473083,9.68049144744873,7.627856731414795,8.777005195617676,-5.625796794891357,10.03028678894043,0.4242322742938995,7.967587471008301,-1.9303373098373413,8.32252025604248,18.85805016988923,14.073609367143684,16.965303038879114,16.71395914981518,16.696534961475,17.14714744783355,46.55428158420039
JEOPARDY.mp3,129.19921875,11.0,0.7260274649242195,-12.659666061401367,1.1280975341796875,0.0256343241780996,0.0784465824409698,2211.5287051834684,801.7316892926742,5045.653475053206,1865.5327371423125,-22.80707244873047,-9.298077583312988,-6.704375743865967,93.22811889648438,29.36601448059082,9.488905906677246,18.178979873657227,22.33714485168457,14.67269229888916,11.536081314086914,10.624085426330566,8.447145462036133,9.03943920135498,0.6462597846984863,9.674349784851074,6.979487419128418,8.310813903808594,0.5022409558296204,7.871939659118652,5.912515163421631,7.918486595153809,0.9549716114997864,8.272577285766602,4.519033908843994,8.061808586120605,-0.9873753190040588,6.662675857543945,19.043439086582147,13.34928181588667,16.26746471828033,15.669741072102088,16.553964774244978,16.26328327914707,47.23017338819611
JUSTadICE.mp3,123.046875,1.0,0.6937417251630701,-11.13798999786377,1.1896089315414429,0.0458512492477893,0.1552496748369891,2777.273795412876,550.3495174739915,5450.466428870885,1115.4529871201073,-15.115664291381837,-9.021894454956056,-7.37323226928711,70.26754760742188,21.73688697814941,-21.675323486328125,20.29281616210937,36.1756591796875,14.973684310913086,3.166266918182373,10.91326141357422,8.456396102905273,11.008285522460938,0.3893990516662597,8.512351989746094,5.560858726501465,8.566810607910156,3.4974350929260254,7.436860084533691,3.109180450439453,8.093465805053711,-5.518252849578857,7.44940185546875,5.065664768218994,6.875392436981201,-1.0228936672210691,7.37773847579956,19.56296818929727,13.68496353400234,16.281488633326916,16.657573719772117,17.20185388271549,17.295186616373236,48.569533574883344
KANA-BOON 『ぐらでーしょん feat. 北澤ゆうほ』Music Video【アニメ『山田くんとLv999の恋をする』OPテーマ】.mp3,143.5546875,6.0,0.7296762369065684,-16.188358306884766,1.1765251159667969,0.0831759572029113,0.1092345117226122,2461.5096305591555,922.1686843383666,5231.267510343027,1852.9998205919812,-25.79652671813965,-10.077383518218994,-8.777266216278075,74.68914031982422,30.20611000061035,0.7509494423866272,16.461170196533203,30.85068702697754,17.869340896606445,5.033265590667725,12.187921524047852,9.308001518249512,13.993288040161133,0.6109523177146912,10.232869148254396,3.845194816589356,9.429433822631836,2.174959659576416,10.286394119262695,5.263553619384766,7.767968654632568,-6.456307888031006,8.3245849609375,1.235606670379639,7.212623596191406,-3.4267706871032715,7.461804389953613,18.82228242192183,14.216249824492085,17.047358752078118,17.457529896088,17.759529808740798,17.408588982509507,47.75629630568248
Jinsei No Hari.mp3,129.19921875,7.0,0.7117505440908413,-13.653241157531738,1.398013710975647,0.0220778845250606,0.0911509291894568,2217.8065110416974,856.6335605793818,5069.916931866071,2028.614682146818,-16.645714569091798,-11.636871814727783,-8.906149387359617,99.7772979736328,36.88865280151367,2.4917774200439453,20.395584106445312,16.302217483520508,15.570761680603027,18.86947059631348,13.078140258789062,8.351434707641602,14.060694694519045,-4.477200508117676,11.049379348754885,7.146200180053711,9.287353515625,-2.3814477920532227,9.18546199798584,5.883707046508789,8.695798873901367,-4.63162899017334,8.84543228149414,1.4981333017349243,8.278367042541504,-8.425846099853516,9.045175552368164,19.667329605734796,16.114680203136345,18.99520953807818,18.897179503782898,19.81154738921931,17.91298678166619,48.55548646799972
Kasuka na Hana (OP Theme to Hell's Paradise： Jigokuraku Season 2).mp3,123.046875,3.0,0.7175849329369304,-11.901110649108888,1.2781461477279663,0.0494286864995956,0.1455913899941169,2853.8034367388263,705.1947720767763,5608.189938261511,1323.777507058536,-15.367711734771728,-9.8302583694458,-7.601598978042602,59.39732360839844,23.658842086791992,-13.55096435546875,19.183053970336918,39.18620681762695,16.56619644165039,8.755228042602539,11.885125160217283,6.582028388977051,13.413433074951172,-1.1824206113815308,10.716696739196776,3.833061456680298,10.922938346862791,-2.68927001953125,12.245061874389648,7.047713279724121,9.339350700378418,-2.362411499023437,10.222506523132324,2.349470853805542,9.44222927093506,-2.185353279113769,8.305519104003906,20.01389112131273,14.917621055719644,18.007993833900134,17.087766300670218,17.725643988386516,18.551193691627564,47.91339609554417
Karuma.mp3,129.19921875,7.0,0.7712992698830855,-14.139569282531738,1.0844520330429075,0.0767219811677932,0.1323456009655258,2452.797706672264,750.255659420659,4690.771252194377,1418.422222816081,-17.47170600891113,-9.719128608703612,-7.610588550567627,72.5918960571289,26.02298927307129,-21.39521598815918,16.893272399902344,39.49808120727539,15.357840538024902,1.4385011196136477,10.69171905517578,5.102798461914063,9.493735313415527,4.502776622772217,8.974495887756348,5.664222717285156,7.211088180541992,2.159387826919556,7.778446197509766,5.307929992675781,7.780226707458496,-0.0392744988203048,6.536320686340332,3.827658891677856,6.654421329498291,-0.9463501572608948,6.524659633636475,21.07539661622787,14.935936277077724,17.68400501053397,17.485246856434642,17.10029508892794,18.180141640275476,47.18050388035042
KUSUSHIKI.mp3,135.99917763157896,4.0,0.6501011039234841,-11.034585952758787,1.3814501762390137,0.0323433429002761,0.1111521222417406,2756.956397947947,733.5279418911072,6171.325232150287,1490.053501643959,-12.981951999664307,-9.454392910003662,-7.295293045043945,70.6902847290039,25.97491455078125,0.5722746253013611,21.7113094329834,27.631908416748047,18.703929901123047,13.607383728027344,13.713440895080566,10.968936920166016,11.38162899017334,-1.0576767921447754,9.227583885192873,9.400256156921388,9.18960189819336,0.4088848531246185,8.561186790466309,10.149319648742676,9.389280319213867,0.1007319912314415,7.725143909454346,3.786767482757568,8.012480735778809,-3.789796829223633,7.54128360748291,20.096657042606733,15.182989297282692,18.841172111874197,18.587058912963663,17.82073775147711,17.258910607527604,49.24650569609574
KEIKO ⧸ 【Official】夕闇のうた -Music Video-.mp3,151.99908088235293,1.0,0.7234518769441889,-12.65175437927246,1.0896726846694946,0.0241549555212259,0.1088101256127451,2561.302356768263,541.1954385823421,5515.535862401363,1218.0204696309918,-14.562564849853516,-10.885973930358888,-9.175439453125,76.17437744140625,19.61630249023437,-1.1539252996444702,14.298969268798828,28.37006187438965,16.035493850708008,6.653775691986084,12.895672798156738,2.128223657608032,10.62275218963623,5.231535911560059,9.601300239562988,5.303164482116699,9.641773223876951,0.2341528832912445,9.88758373260498,6.618046760559082,9.104598999023438,-7.4014787673950195,8.120505332946777,2.749113082885742,8.292951583862305,-1.870775818824768,7.725892066955566,19.826085936263272,16.572850021129565,20.05709250561242,19.56328158978681,18.913181779584768,18.82501344605017,48.94865543959981
Kekka Orai - My Hero Academia： Vigilantes Opening Theme Song.mp3,103.359375,0.0,0.6987489146200567,-11.934497833251951,1.3902448415756226,0.0199218597263097,0.0726065414970734,1998.017909714348,666.836445520912,4320.465393394906,1579.9373801024285,-15.356038284301755,-10.14161252975464,-7.550556373596191,103.62129974365234,28.577077865600582,-3.1067349910736084,19.492891311645508,27.178815841674805,14.00357151031494,8.893305778503418,13.051143646240234,5.907358646392822,12.92715835571289,9.910759925842283,9.65164566040039,9.234542846679688,7.791940689086914,-2.769240140914917,9.204955101013184,10.646016120910645,7.974264621734619,2.5391223430633545,7.09644079208374,5.847723007202148,6.74975061416626,3.316425085067749,6.888035774230957,18.724874231161323,12.736377233931698,15.775440905261942,15.795076445978044,16.16424792370383,17.786657572416548,47.43646186289056
Kimiga Ireba (Captured In Her Eyes Version).mp3,129.19921875,0.0,0.8578876214779237,-11.277749061584473,1.2658865451812744,0.0237881317734718,0.125308152919279,2550.1990961240176,495.2033949552925,5171.829876077586,1070.9613640541347,-13.451810073852538,-10.28021240234375,-8.191571235656738,76.52094268798828,20.06564712524414,-13.2053804397583,15.09791660308838,32.525978088378906,12.232132911682127,0.4617932140827179,9.279494285583496,9.810946464538574,9.800026893615724,1.2562577724456787,7.068253517150879,5.334856033325195,6.970631122589111,-2.001845121383667,7.055667877197266,5.95635986328125,7.903316497802734,-1.4842138290405271,8.064972877502441,5.497052192687988,7.451089382171631,0.212126687169075,6.233169555664063,19.738324633214923,15.883022223288997,19.834803650514427,19.85352641858169,19.977528390899568,19.584862302495992,49.81826456205877
Keep on Keeping on.mp3,95.703125,4.0,0.8730108070621431,-15.089180946350098,1.3814338445663452,0.0372388698160648,0.0865806045046277,2304.23626371996,691.5339912938844,5261.7736233267815,1494.5848798272916,-18.688352394104005,-12.29298448562622,-8.487981700897215,87.3343505859375,25.602357864379883,12.45141887664795,17.187856674194336,27.72020149230957,13.51886749267578,5.20222282409668,9.078353881835938,9.074393272399902,9.340039253234863,2.0939886569976807,8.669987678527832,5.847172737121582,7.953230381011963,0.2254101485013961,6.687219619750977,3.913917064666748,6.853234767913818,-2.0381617546081543,6.806801795959473,3.335219383239746,6.454913139343262,-4.189582347869873,6.2685160636901855,18.70831672757225,14.570908597002749,16.95481237273003,17.12850007423846,16.47798050180977,16.086542006926265,47.32580410307489
King Gnu - 一途.mp3,107.666015625,4.0,0.5933745310253727,-14.18519115447998,1.221811294555664,0.0393004491925239,0.1231788670635526,2354.712189071985,518.6504878670568,4704.6487992118855,1131.8516601264546,-22.558018684387207,-10.762535572052002,-8.589584445953369,86.31996154785156,28.18131256103516,-24.43721008300781,17.79552459716797,33.07379531860352,13.481146812438965,1.5833494663238523,11.591859817504885,8.93602180480957,9.528240203857422,0.5591429471969604,8.238822937011719,5.295304775238037,8.201783180236816,0.5701431035995483,7.801052570343018,4.792664051055908,7.529547214508057,-1.7796173095703125,7.281722068786621,0.9084871411323548,7.165554523468018,0.6894863247871399,6.879584312438965,17.559130958277013,13.138710688362144,16.425846935278358,16.302315762514286,16.67183050576636,17.659675041187626,48.60053744739603
Koufuku No Susume.mp3,129.19921875,5.0,0.6787485965713035,-11.588833808898926,1.2661750316619873,0.0651045888662338,0.1575476967207735,3208.411365564404,839.0302068073264,6858.75229186264,1455.8711562686617,-13.767606735229492,-9.789077758789062,-8.114808082580566,60.00006866455078,23.846948623657227,5.013212203979492,19.03661155700684,21.138687133789062,13.672944068908691,7.482284545898437,9.717451095581056,9.240327835083008,8.557190895080566,5.178842544555664,8.918795585632324,5.032221794128418,8.150410652160645,4.14774227142334,7.1889238357543945,6.568824291229248,7.469754219055176,-2.820546865463257,6.411503791809082,7.730578422546387,7.559246063232422,0.9665496349334716,6.801025390625,19.108546394661253,13.549415362691624,17.37083404787645,17.339667488690445,17.24284069619683,16.587679035931178,47.454691601135245
Kokoronashi.mp3,161.4990234375,0.0,0.7946574864169145,-16.935344696044922,1.1079323291778564,0.018838508054614,0.0899255470521244,2178.734204663618,750.9934905948816,4589.562033982308,1568.0092503236872,-25.13701057434082,-13.478775024414062,-10.182388305664062,91.48499298095705,30.61094665527344,-1.6541858911514282,17.3520565032959,25.335777282714844,16.325481414794922,-0.3656760454177856,10.409175872802734,5.548903465270996,14.604366302490234,2.465697765350342,9.072396278381348,0.4595238268375397,12.708374977111816,0.856933057308197,8.957051277160645,-1.419460415840149,9.091442108154297,-5.918262481689453,8.532367706298828,1.3020600080490112,10.797439575195312,-1.8063347339630127,8.282464027404785,20.743245827091457,17.495290830730806,21.24736112094035,20.36269937967217,19.25557207149075,18.467253057487174,47.91553911059452
L.L.L..mp3,103.359375,2.0,0.7002423030876325,-12.693968772888184,1.2066677808761597,0.0576137378811836,0.1218554603593867,2477.59458138082,686.5807857428456,5040.292419689245,1485.0362452723955,-14.996795654296877,-9.748140335083008,-8.065657615661621,81.87874603271484,26.828426361083984,-23.070537567138672,17.884462356567383,14.059504508972168,13.189629554748535,5.127213954925537,11.075456619262695,9.994658470153809,11.051465034484863,4.315255641937256,9.714068412780762,2.877507209777832,8.24721622467041,7.533277988433838,7.696248054504394,2.087120771408081,6.913126468658447,-1.2490670680999756,6.984424591064453,5.501586437225342,6.927489757537842,1.7211593389511108,6.910861015319824,18.874499480175167,12.730639569238388,15.496497587151294,16.738154427841724,17.232226319409325,16.853153467831184,45.81348428855483
Kessen Zenya.mp3,103.359375,5.0,0.7532755715486867,-12.450925827026367,1.2585784196853638,0.0345097742974758,0.1159547362110311,2598.90217735529,670.0057199119003,5699.652108391412,1508.404927580202,-17.20777359008789,-10.498697280883787,-8.732245254516602,84.37435913085938,23.197355270385746,-0.3565368056297302,16.137680053710938,16.15158462524414,13.472496032714844,0.7647002935409546,11.943657875061035,1.254874587059021,11.080878257751465,5.566525459289551,9.312722206115724,5.287290096282959,9.035526275634766,0.751535177230835,8.566429138183594,4.973379611968994,7.842728614807129,0.0207824166864156,7.403172492980957,5.278534889221191,7.457589626312256,-4.719676971435547,7.136014938354492,20.302302290624628,15.232503643618823,17.835608065655663,17.53741195562192,17.830743524370167,17.222353005317352,47.07264338320581
Loveit？ (feat. LOLUET).mp3,143.5546875,11.0,0.7415823609023041,-13.110587120056152,1.4038270711898804,0.0304131675511598,0.1103344151172545,2452.4652094003613,854.9984299986718,5069.195641424906,1771.4448389517074,-17.596323776245118,-10.578351020812988,-7.81521997451782,89.3347396850586,35.29899978637695,-17.343433380126953,29.464550018310547,9.829380989074709,19.19804954528809,0.0534627586603164,15.477850914001465,8.082515716552734,13.99318790435791,0.0261755362153053,11.958381652832031,5.640845775604248,12.60379695892334,3.6748197078704834,11.732015609741213,6.742333889007568,9.650344848632812,-1.5035055875778198,9.78654670715332,5.465870380401611,10.527139663696287,-0.5669975876808167,9.781384468078612,20.301046014780525,14.415459963988445,16.494668390167472,17.300366224993542,18.147318580428788,17.651844802779337,48.35230393812455
LiSA「REALiZE」Lyric Video（映画『スパイダーマン：アクロス・ザ・スパイダーバース』日本語吹替版主題歌）.mp3,151.99908088235293,0.0,0.5949612249093593,-11.21902561187744,1.2153868675231934,0.0544092133641243,0.1158556693830253,2549.4783929847317,660.0475730544546,5309.904937213114,1411.0160074110725,-12.81463851928711,-8.29208755493164,-6.508884429931641,76.15638732910156,24.756044387817383,-12.612316131591797,19.639488220214844,26.34797477722168,13.66518783569336,6.92578125,9.695226669311523,12.731204986572266,9.770569801330566,4.998161792755127,7.717752933502197,7.424518585205078,7.714505195617676,5.89191198348999,7.926453113555908,7.758316993713379,6.889235973358154,1.9148880243301392,6.639718532562256,5.204667568206787,7.243602752685547,0.5911586284637451,6.794897556304932,19.15421089109464,13.08108759538746,15.60506521591971,16.26220502019575,16.414917245247953,16.3134692821034,46.585700652324086
LEO - Eve MV.mp3,117.45383522727272,5.0,0.7725633271994231,-14.640783309936523,1.3107645511627195,0.0204852931201457,0.0764196443363627,1778.9591292863704,804.2279687166975,3583.3590255342942,1809.1389898262212,-19.99098396301269,-12.292171478271484,-8.392784500122069,115.95594024658205,38.67728042602539,-11.637096405029297,30.43117904663086,22.911117553710938,18.52521705627441,5.59564208984375,12.639023780822754,0.6067430973052979,13.622655868530272,-1.0868310928344729,11.63986110687256,-0.7672582864761353,11.352381706237791,-3.736116886138916,13.405428886413574,-2.0342373847961426,15.710615158081056,-2.8906867504119877,9.852938652038574,1.0390725135803225,10.396210670471191,-4.503838062286377,8.78780460357666,21.617642271141065,17.15134640209324,19.508717399742324,20.3300756318562,20.711777675729092,20.397220239782698,47.90012675869382
Los! Los! Los!.mp3,117.45383522727272,2.0,0.906764762407132,-11.053141593933104,1.150245189666748,0.0418667308986187,0.1343245066810112,2529.8636480659648,498.18416854557904,5179.499912735404,1165.221512544164,-12.338208198547363,-9.69064474105835,-8.50853443145752,84.62604522705078,19.38473129272461,-19.92181205749512,15.341941833496094,16.555601119995117,11.10735034942627,-1.4845843315124512,9.018077850341797,12.775954246520996,9.62685775756836,4.944357395172119,7.865149974822998,8.052000045776367,8.008790969848633,6.443969249725342,6.924728393554688,8.220356941223145,6.578182220458984,-2.834668636322021,6.464011669158936,7.710994720458984,6.223843097686768,1.9595686197280884,5.948083400726318,17.461064411118542,13.321635908824277,16.15125528773283,16.460515242993193,17.3558495121785,17.283499805068907,48.151949506843565
LAST GAME.mp3,151.99908088235293,5.0,0.5844476385376446,-16.05152130126953,1.0650653839111328,0.0280854273587465,0.0929728133557794,2244.901137340494,780.4489608462625,4910.808652105856,1870.692831334834,-21.036122131347657,-14.195281982421877,-9.68068790435791,95.73523712158205,29.49987030029297,9.506166458129885,16.872758865356445,17.6551570892334,17.709632873535156,2.2941641807556152,9.785852432250977,-3.891188859939575,10.34137725830078,1.4493142366409302,10.210633277893066,0.8778654336929321,8.905004501342773,0.1601970046758651,7.596924304962158,4.594696998596191,7.076351165771484,-4.731513023376465,6.941953659057617,2.069897413253784,7.535552978515625,-3.8717448711395264,7.4746994972229,19.937333609224066,15.56231356289907,18.923113290605205,20.713809202627548,18.5070821102349,18.134953536451853,47.44480729300173
Let Me Hear.mp3,123.046875,3.0,0.8120428074431576,-7.9257659912109375,1.1681596040725708,0.0572635568678379,0.1329164495187358,2657.482581121486,560.3805227679688,5384.222936129555,1160.1705109032064,-8.23185396194458,-5.82094931602478,-5.145312786102295,71.60936737060547,21.60262107849121,-22.453575134277344,16.63387680053711,23.659210205078125,13.411556243896484,3.2507872581481934,9.262507438659668,13.96071720123291,9.265172004699709,0.4032787084579468,8.409482955932617,10.781221389770508,8.189324378967285,2.7540736198425293,7.173460960388184,6.7544779777526855,7.030620574951172,0.6008513569831848,6.432269096374512,7.081308364868164,7.273619651794434,-2.2423667907714844,7.140288829803467,18.21608462767946,12.488680229620128,15.741321765914895,17.009447637686012,17.441261517144834,16.917284770107145,49.23612044794231
LiSA『ADAMAS』-MUSiC CLiP-（TVアニメ「ソードアート・オンライン アリシゼーション」オープニングテーマ）.mp3,95.703125,5.0,0.6258135913465191,-11.58481502532959,1.1512397527694702,0.0393015705049037,0.12477321462209,2500.120492130793,518.5732432643134,5115.38785475749,1046.038884686311,-13.104403114318847,-9.60430145263672,-8.130580234527589,83.33246612548828,19.11477470397949,-14.809345245361328,17.976011276245117,24.546085357666016,12.244359970092772,1.5174596309661863,9.309627532958984,8.490891456604004,8.862971305847168,3.2436633110046387,7.323551177978516,5.307144641876221,7.542068958282471,5.184526920318604,8.039896011352539,2.8429973125457764,7.505369663238525,-1.7194328308105469,6.708744049072266,4.939971446990967,6.061890125274658,-0.1678298115730285,6.717678070068359,17.277211112851965,12.90433392150443,15.625975808763204,16.76706462700445,17.061788876667794,16.8829742955286,48.03307692716148
Lost and Found.mp3,83.35433467741936,7.0,0.4930521627457014,-15.907732963562012,1.298372507095337,0.0253803990781307,0.1046975313748026,2237.741138700916,811.8233460918644,4502.781366458275,1499.7119587288532,-26.793883514404296,-11.723212242126465,-7.385695838928225,80.03108215332031,34.39011001586914,-12.833805084228516,23.94729995727539,41.469276428222656,19.696901321411133,7.322199821472168,16.554340362548828,7.029889583587647,15.78707790374756,-1.161677598953247,12.511963844299316,5.112004280090332,10.549216270446776,-9.45590877532959,13.890467643737791,5.047304630279541,10.727399826049805,0.0397687777876853,9.820444107055664,1.125542163848877,10.82351779937744,-0.3409991860389709,8.685967445373535,20.61504859540398,15.783954735957982,19.550003094227357,19.02056292419319,18.996950329844744,19.34785533186354,49.2826352126039
Long shot.mp3,135.99917763157896,0.0,0.9411281909892864,-11.046987533569336,1.2009295225143433,0.0410175174474716,0.1318776200457317,2837.030470737207,550.0060675655496,5755.775418887366,1151.9533478739193,-12.908616924285887,-8.920278549194336,-7.155597591400147,66.80253601074219,19.41754531860352,-16.960466384887695,19.054203033447266,21.420066833496094,15.113140106201172,-0.5457304120063782,12.62431526184082,6.592112064361572,12.125873565673828,4.919553756713867,9.057412147521973,5.616838455200195,10.35504913330078,4.781844139099121,8.5606107711792,7.543975353240967,8.196402549743652,-1.9181619882583616,7.680471897125244,5.439544677734375,7.570144653320312,-1.2565537691116333,7.421309947967529,20.23348978033428,13.291246148689376,16.99703174214105,17.261338231685844,17.03394997024935,17.18991685087247,47.34454725964689
MAD HEAD LOVE.mp3,107.666015625,2.0,0.7605708346326159,-9.59897804260254,1.3893141746520996,0.019723167642951,0.0981627433004702,2141.7893030580744,647.7761008129409,4468.599907134198,1510.711339908392,-11.160168075561524,-8.25843334197998,-6.722037315368652,98.94387817382812,27.873777389526367,-12.27805995941162,20.90706443786621,23.699602127075195,16.385387420654297,2.8012850284576416,12.799171447753906,3.194830894470215,11.633134841918944,4.776678562164307,9.862201690673828,7.145743846893311,8.897522926330566,3.070014476776123,8.26710033416748,4.813042640686035,8.881428718566895,0.3222060203552246,8.586511611938477,4.701976776123047,7.831995964050293,-2.933035135269165,7.906804084777832,19.61101453444775,14.469120531872422,18.02485571649306,18.25529720574775,18.39975696839396,18.6404159363504,47.55957605279991
MAN WITH A MISSION×milet「絆ノ奇跡」Music Video.mp3,112.34714673913044,11.0,0.8784001403042694,-14.31385326385498,1.2196515798568726,0.0530069544911384,0.1131842394778644,2564.9546794421967,755.2773553892715,5449.781403461263,1528.9518979709028,-16.7701904296875,-11.75733757019043,-8.755495643615722,75.61090087890625,28.605239868164062,-2.6327528953552246,16.76284408569336,32.00606155395508,12.897127151489258,4.797254085540772,10.307272911071776,12.913656234741213,9.69167709350586,1.270338535308838,8.777791976928711,11.140485763549805,7.55947732925415,4.089887619018555,7.399938583374023,4.205853462219238,7.331123352050781,-0.866074800491333,7.2111897468566895,3.788995504379273,6.497339248657227,-1.7372841835021973,6.276906967163086,18.172004640129995,14.202624898890129,17.463325815980077,17.506870830593893,17.244623825440414,16.36878679696603,48.142540297353335
MAN WITH A MISSION「Merry-Go-Round」.mp3,117.45383522727272,0.0,0.5349798709185586,-14.923800468444824,1.1501696109771729,0.0422366075217723,0.1086222157383082,2509.302075818432,658.848445560835,5415.688243585363,1289.8972945676776,-18.99829978942871,-12.256853103637695,-9.46937084197998,80.61502838134766,21.86785316467285,-1.6909500360488892,15.929537773132324,29.76520729064941,14.672764778137209,1.3089433908462524,9.651806831359863,8.307585716247559,7.804534912109375,0.6555164456367493,8.536457061767578,10.655508995056152,6.917285919189453,1.593625545501709,7.032470703125,6.122646331787109,7.031977653503418,0.5589174032211304,6.690055847167969,6.7190656661987305,6.370594501495361,-0.1686313301324844,5.795800685882568,18.740492929521874,13.780725269039424,16.64898294685882,16.861322738641658,16.732625048691137,16.263799386357423,48.16131459743436
MASCARA.mp3,117.45383522727272,3.0,0.4763609440928252,-13.115384101867676,1.47596538066864,0.0338179059326648,0.0936151072310536,2636.397985894079,840.0253707292352,6086.992283437804,1740.1904112772372,-19.279415130615234,-10.64466953277588,-6.93224115371704,75.9039535522461,27.543354034423828,6.845052242279053,17.50691795349121,19.365314483642575,16.56479835510254,8.69679069519043,12.115676879882812,7.449759006500244,11.982972145080566,7.646665573120117,9.699640274047852,1.681697964668274,11.891043663024902,0.5310004949569702,8.74624252319336,6.22501277923584,9.334492683410645,-1.4205402135849,8.110024452209473,0.2524073421955108,9.520628929138184,-3.7206881046295166,9.31069564819336,20.81021980124534,15.58315699673513,17.52659045235477,16.816569455435605,17.08140105409731,17.008411135443517,47.30941216214228
Last Stardust.mp3,123.046875,0.0,0.8523839180370795,-15.040043830871582,1.0415586233139038,0.0342690870165824,0.1255272754390119,2365.521322521752,735.0672388058886,4655.989544789807,1591.3715630487238,-24.523077583312983,-11.978190898895264,-9.206330585479735,87.11453247070312,28.08659553527832,-24.249143600463867,21.406532287597656,19.9577751159668,18.383832931518555,6.247192859649658,10.858972549438477,5.872366428375244,12.000601768493652,2.1030306816101074,9.012765884399414,1.9208601713180544,8.604219436645508,3.151036262512207,9.35063648223877,5.028314113616943,7.327347278594971,1.4345312118530271,7.500947952270508,2.182258367538452,8.399714469909668,-4.074247360229492,7.459932327270508,20.64258917645744,15.240645884149083,18.726486423004268,18.89111801464155,19.30179252647457,18.49636157052588,47.2875576880705
Make Me Wonder.mp3,117.45383522727272,2.0,0.7987568275189696,-11.00875759124756,1.3261525630950928,0.0314028672873973,0.1080076275818467,2619.6277479622217,626.0155337674456,5760.623275394907,1303.837717315332,-13.876028347015382,-10.694823741912842,-6.638398218154907,78.1927261352539,25.25452995300293,-2.410867929458618,18.76789665222168,23.96105194091797,13.104092597961426,9.755508422851562,11.35625457763672,13.629392623901367,9.947145462036133,2.594156503677368,9.242107391357422,7.645101070404053,8.134628295898438,3.5780861377716064,8.278624534606934,7.865957260131836,7.654568195343018,-0.1314446926116943,7.098889827728272,2.977703094482422,7.283388137817383,-2.6303999423980717,7.4693121910095215,20.73969279422297,13.384507939096672,17.493061872407242,18.002852086395336,17.756531790307903,16.573344985140565,48.392585919371584
Mirage.mp3,117.45383522727272,5.0,0.5101357705307622,-12.840450286865234,1.9710110425949097,0.0209847670048475,0.057178323454256,1713.219119484491,777.4505558478603,3592.0146625099487,1883.7914466952927,-20.29892253875732,-9.594955921173096,-6.0754643917083735,116.00545501708984,37.2788200378418,7.176799774169922,23.83002281188965,21.266258239746094,17.511281967163086,11.536402702331545,19.33473777770996,-1.8246140480041504,17.3121337890625,-0.6852969527244568,12.674830436706545,3.33424973487854,14.96442699432373,-16.829004287719727,15.024096488952637,5.212518215179443,11.902620315551758,-0.6049596667289734,10.651598930358888,0.8754750490188599,10.324731826782228,-0.1434045135974884,9.058358192443848,18.25590011343829,16.468933375623436,19.726081820229837,18.723433038295884,18.47666884613933,19.784176740777003,48.2533386760534
Moonthief ⧸ キタニタツヤ - Moonthief ⧸ Tatsuya Kitani.mp3,151.99908088235293,3.0,0.6569426181792564,-10.689717292785645,1.6713746786117554,0.0344128720462322,0.0928684547903457,2475.4916020165,882.6679693135634,5477.020927097487,1876.0346540643657,-14.350201988220215,-9.372241973876951,-4.750733089447022,81.71229553222656,35.61525344848633,1.522266864776611,23.8413200378418,21.0556640625,16.895112991333008,8.839446067810059,14.484332084655762,4.859385013580322,14.277040481567385,0.1627722084522247,12.09659194946289,11.962883949279783,11.124692916870115,-6.943965435028076,13.690556526184082,14.80441665649414,10.362987518310549,1.884847640991211,9.003325462341309,0.8524121046066284,9.298297882080078,0.9341582655906676,7.990771770477295,20.10248252277503,14.095464370611316,17.62603326549819,17.698964810520287,18.04003618399853,18.442550574636986,49.22174966357257
MAN WITH A MISSION「yoake」.mp3,117.45383522727272,7.0,0.8393917370797986,-16.476207733154297,1.1152257919311523,0.0578765384852886,0.1110439450062715,2421.644267761045,749.1057628482281,5064.973663588458,1692.5788342373469,-26.85838222503662,-11.181832790374756,-7.935607433319092,82.98645782470703,32.39682388305664,-8.436944961547852,26.652544021606445,20.850845336914062,20.146286010742188,-0.5035072565078735,12.963327407836914,4.064085483551025,12.31405258178711,-3.211443901062012,10.046374320983888,1.068822979927063,10.07878589630127,3.2977309226989746,7.603702545166016,1.723453402519226,9.11727523803711,-0.7512757182121277,8.550474166870117,4.88718318939209,8.925116539001465,-1.6316931247711182,7.0066094398498535,18.60865845349759,13.673320704642594,16.813623410798748,17.425747031884057,17.487414153267405,16.815775754067392,47.3637594095276
May.mp3,117.45383522727272,5.0,0.8048940935680802,-13.95356559753418,1.2785769701004028,0.0469300262629985,0.1226168053029352,2573.086694171129,767.8691702244668,5424.840523374781,1509.628847423582,-18.12346954345703,-11.842637062072754,-7.387873363494871,74.95545959472656,26.313838958740234,-2.251906394958496,16.976625442504883,33.95803451538086,13.68673610687256,5.53302526473999,11.34609031677246,13.005056381225586,9.785876274108888,4.328571319580078,8.42642879486084,6.40591287612915,7.512836456298828,0.9448474645614624,8.604716300964355,9.66969394683838,7.274428367614746,1.2659238576889038,7.296027183532715,4.768706321716309,6.999842166900635,0.0679348930716514,7.316897869110107,18.329993751482576,14.785202810696408,18.12965601212091,18.159799758413843,17.891668940886056,18.53722743065678,48.30807362497567
Maou.mp3,117.45383522727272,10.0,0.5907097032149642,-10.507726669311523,1.1659818887710571,0.0352520607411861,0.1000409882272429,2585.878549410254,694.7911864344651,5782.944992301033,1489.3860838082292,-15.037343978881836,-8.72784423828125,-6.492177581787109,79.46825408935547,23.58330726623535,3.411423921585083,16.570146560668945,28.462461471557617,12.96576690673828,8.93319320678711,10.4902925491333,12.252799034118652,10.507942199707031,3.7960360050201416,8.182868957519531,6.925498008728027,8.851156234741211,2.069456100463867,8.465250968933105,5.477036952972412,7.356029987335205,0.8344849348068237,7.442661285400391,4.70129919052124,6.96334171295166,0.1139346659183502,6.787582874298096,18.898131640284927,14.85832562749897,16.769410947394633,16.683377807348204,16.867094419160026,16.444472965451542,47.51241347678468
Mukanjyo.mp3,129.19921875,1.0,0.795000029257207,-12.899341583251951,1.1678354740142822,0.0262918565422296,0.1192639581088362,2387.1038247981787,608.2601453383046,4910.73050663389,1350.178515226741,-17.10260143280029,-10.518385410308838,-8.671726894378661,88.70817565917969,32.632205963134766,-20.9542236328125,24.88071060180664,28.051973342895508,16.90030288696289,5.302125930786133,12.828988075256348,10.015707015991213,12.545125007629396,6.6701250076293945,10.381239891052246,10.20626735687256,9.931381225585938,5.767611980438232,9.392988204956056,3.279521942138672,7.615303039550781,-2.4852895736694336,7.969472885131836,3.441733360290528,8.438673973083496,-1.887196898460388,6.897628307342529,19.354262892415203,14.147322772965584,17.820902903338247,17.312963392520786,18.47013621610976,18.058577162901287,48.13261046138038
Manten.mp3,129.19921875,8.0,0.622533258664954,-16.916833877563477,1.048043966293335,0.0358241870999336,0.1191141644646139,2453.2606403088976,723.2421130736695,5149.986942066866,1615.7714692085897,-25.315943717956543,-12.75857925415039,-10.713640308380128,84.80404663085938,27.411039352416992,-5.345066070556641,18.8422794342041,25.73845863342285,17.483844757080078,1.4833741188049316,11.946903228759766,0.2565678060054779,13.09636116027832,1.7508565187454224,9.04115390777588,4.549147605895996,9.35090446472168,-2.683909177780152,9.5642671585083,7.964168071746826,9.580096244812012,-7.07009744644165,8.46751880645752,4.751711845397949,7.522215843200684,-1.7714073657989502,7.3239545822143555,19.076071996102293,15.752708270116118,19.49358241284528,19.62703759016153,18.794387012534585,19.32318822179252,49.203901251913976
Moonlight.mp3,107.666015625,2.0,0.7816572392713649,-12.224658966064451,1.4468141794204712,0.0243205334991216,0.0964434644274026,2307.255129403969,791.2606220693606,5018.416885879876,1750.343957761664,-18.3246639251709,-10.0545015335083,-7.256284046173095,91.40451049804688,35.48892593383789,0.2996339797973633,26.54115104675293,22.20340156555176,19.838014602661133,4.256403923034668,19.902179718017575,2.953479051589966,13.41708278656006,0.1652677059173584,11.973769187927246,2.3717730045318604,11.726573944091797,0.5931791067123413,11.126580238342283,6.393796443939209,9.742310523986816,-1.7524820566177368,8.936525344848633,1.9853838682174685,8.643510818481445,-2.5660319328308105,8.451082229614258,20.57747099048968,14.896301008435708,18.27122774166681,17.93900175928886,18.11677891733415,18.21180873486332,47.95890068765586
Nightmare Restaurant.mp3,95.703125,1.0,0.6986595613354241,-18.226844787597656,1.567474365234375,0.0291450731456279,0.1124644829417896,2352.9815306295764,990.2207476019364,4811.426420181206,2103.5272296488333,-29.613974380493165,-13.725481986999512,-9.367616081237792,90.25936126708984,45.17272186279297,-8.310256004333496,24.311538696289062,7.829874515533447,18.19053840637207,1.6172244548797607,13.718945503234863,-0.1444232612848281,13.088251113891602,-6.925065517425537,11.264608383178713,-1.8464874029159544,10.107101440429688,-5.120882987976074,11.16615104675293,9.426861763000488,11.307303428649902,-3.1330392360687256,11.452597618103027,1.1245231628417969,8.766108512878418,-5.010356426239014,9.200222969055176,20.983271636870573,15.57344450366358,19.19558921728832,19.90470930964875,19.63822838239466,18.84941583009439,47.40473459319977
Memento.mp3,123.046875,0.0,0.7414342073226867,-13.989561080932615,1.184154987335205,0.0157044101506471,0.0783554758988485,2252.515906385083,678.736257295711,5247.504822866426,1604.7133425564418,-21.90348720550537,-10.414247512817385,-7.902432441711426,90.66600799560548,28.003023147583008,12.699955940246582,16.389236450195312,23.146472930908203,17.524629592895508,10.13395881652832,11.926803588867188,8.034496307373047,12.166532516479492,6.643007755279541,9.301785469055176,2.0559253692626958,12.210912704467772,0.4020120799541473,9.461995124816896,1.9245151281356807,9.787443161010742,-6.03440523147583,9.155012130737305,-0.4195553362369537,9.578012466430664,-1.0777256488800049,7.760970592498779,18.4419771596558,14.98194469663569,19.297718134688733,18.608787608387328,17.31612240025391,17.13435374235661,46.78254437400724
NEXUS ᐸPODvᐳ.mp3,112.34714673913044,1.0,0.5086759869802365,-14.65640926361084,1.5444679260253906,0.0219879560172557,0.0831973044288079,2226.02050300839,797.8758992155185,5035.492930244683,1820.98356795016,-20.04681930541992,-12.40895652770996,-7.859861946105957,91.27681732177734,26.259883880615234,8.985471725463867,17.63461685180664,21.762365341186523,14.13125991821289,9.33937644958496,11.982085227966309,11.359694480895996,11.458029747009276,9.820352554321287,9.205284118652344,10.88568878173828,8.139749526977539,3.044743061065674,8.1676607131958,12.40477466583252,8.231307983398438,0.5482178330421448,7.330947399139404,5.290981769561768,7.320459365844727,-0.3231013119220733,7.376156330108643,18.011502818294083,13.817517284445644,18.120424646587065,18.059040726719317,17.99428720427178,17.379432014961576,47.9342206812586
"My Soul, Your Beats!.mp3",143.5546875,0.0,0.6264308656754165,-16.607219696044922,1.274137020111084,0.0243250895291566,0.1041293102426458,2212.773133310984,788.2104159779946,4506.193922149597,1824.344654889116,-21.93343448638916,-13.71254301071167,-11.277511501312256,93.35578918457033,36.565521240234375,-5.787731647491455,22.81982040405273,27.26725578308105,16.45818328857422,14.86972713470459,12.232247352600098,1.0505322217941284,13.071850776672363,14.54086685180664,13.350174903869627,2.527773141860962,9.919798851013184,5.853700160980225,10.92216682434082,6.283512592315674,8.387391090393066,-4.1971635818481445,9.516365051269531,4.097247123718262,7.982082366943359,1.5774633884429932,9.434647560119627,18.03653359807053,16.68110901664008,20.2775123504739,21.209122754608963,20.821858051731947,21.084438820353235,45.98608300761705
"One-Me, Two-Hearts (TV edit).mp3",129.19921875,0.0,0.6647660446372404,-16.010902404785156,1.2793092727661133,0.0888406112790107,0.1340900090034646,2752.344138796701,944.03338510478,5667.522832757795,1831.891211509588,-21.641657638549805,-10.176344871520996,-8.28437385559082,62.057395935058594,26.818923950195312,-4.202376842498779,25.56187057495117,31.519853591918945,21.01897430419922,1.357935070991516,14.04350471496582,1.2096552848815918,12.219831466674805,-1.5303512811660769,10.00553035736084,-2.861229658126831,12.110979080200195,0.6019660234451294,8.176898956298828,-0.421633780002594,9.887133598327637,-3.716784715652466,8.334796905517578,-0.925147294998169,7.519942283630371,-2.694441080093384,7.416191101074219,16.939552976671024,14.862504619195027,18.342590459855288,16.969285719774433,16.45780757977115,16.511137344629596,45.63002793455836
Night Routine.mp3,129.19921875,6.0,0.8545704874674123,-12.98475742340088,1.7135465145111084,0.0172671005129814,0.0698988364135831,2150.47815042443,786.4659156913959,4892.6061908366655,1851.6535387678728,-21.40153350830078,-10.445528984069824,-7.314202785491943,89.743896484375,29.47595977783203,14.012218475341797,22.582275390625,28.030681610107425,19.37575340270996,6.400761604309082,13.986783027648926,2.825350046157837,15.154294967651367,2.601055860519409,11.893332481384276,-2.622698783874512,12.6990327835083,-1.2484384775161743,10.483906745910645,-0.8730839490890503,10.035459518432615,-6.517055511474609,9.915295600891112,0.0212702061980962,9.541132926940918,-6.512717247009277,10.21756649017334,20.215462367771732,17.530693574164555,20.969917667266365,19.47933081616812,18.03856748209738,17.93780973777343,47.93753221480656
Odoru Ponpokorin.mp3,143.5546875,4.0,0.903412468042188,-12.887447357177734,1.5565510988235474,0.0454906038939952,0.1311735115406421,2871.2727133463563,720.0539000043844,6078.047296374247,1609.3579628869863,-15.6075795173645,-10.456485748291016,-7.470156145095825,67.46965789794922,28.20468139648437,-3.2083585262298584,22.714445114135746,20.238819122314453,13.98413372039795,3.5951180458068848,10.725415229797363,4.259556293487549,12.88241958618164,4.244671821594238,10.524062156677246,5.878566265106201,10.082755088806152,0.380396693944931,10.455641746520996,10.55076789855957,10.269412994384766,-2.151429414749145,9.804153442382812,6.303091526031494,9.429429054260254,-1.4285832643508911,8.707201957702637,19.98728429259141,15.373051100925569,18.344799891969988,19.047725135772957,19.32009150168349,18.61132001583222,47.5685329619039
NOX LUX.mp3,143.5546875,10.0,0.7827105785564462,-17.657087326049805,1.1227514743804932,0.025714362040162,0.099102826276996,2451.046509938624,729.7041638666312,5362.326917769136,1613.338368042526,-23.79977798461914,-15.414462089538574,-12.071457862854004,88.01549530029297,23.95915412902832,-4.191338062286377,16.87116813659668,11.164855003356934,14.650588035583496,5.962754249572754,13.11594581604004,4.106118202209473,9.687541007995604,2.9035661220550537,8.21151351928711,3.902170658111572,10.084222793579102,5.86285924911499,7.779681205749512,4.02880334854126,8.629332542419434,2.870443105697632,7.85796594619751,5.308187007904053,8.196460723876953,3.6624484062194815,8.44843864440918,20.54293251330367,14.397694005764876,18.037861192664327,18.28762852178898,18.502003115412013,17.41836379022065,46.46064301173663
NINGEN GOKKO.mp3,135.99917763157896,3.0,0.8782842970097393,-17.010242462158203,1.2713667154312134,0.0301315337419509,0.1097494150315742,2543.447340382404,1017.1243431068624,5474.864972724966,2119.640797003964,-26.298220825195312,-15.205483436584473,-9.270616149902343,85.05030822753906,32.598663330078125,4.799891948699951,21.234996795654297,11.158302307128906,18.004087448120117,6.088642597198486,13.719575881958008,0.6791795492172241,13.738815307617188,-4.41070556640625,10.90303897857666,2.1423003673553467,11.148025512695312,-5.16246223449707,9.58427619934082,5.724386692047119,9.58163356781006,-3.73946213722229,10.72130298614502,1.5739459991455078,9.398123741149902,-4.422173500061035,9.021676063537598,20.841251807005527,15.692516466195508,18.953731562091672,18.67014589541443,18.98517537092288,17.653128662758814,48.46262273378314
Not a Hero.mp3,99.38401442307692,5.0,0.6886259238422104,-13.759336471557615,1.2112590074539185,0.0692006573081016,0.1391388173488549,2793.750825498791,668.8930268903149,5753.639526559546,1440.6756103077944,-13.760448455810549,-11.139568328857422,-9.800752639770508,65.82125854492188,20.06338882446289,-9.702139854431152,13.4628267288208,30.50670623779297,13.871970176696776,10.03538990020752,9.079638481140137,10.056266784667969,10.13155460357666,7.340843200683594,7.489549160003662,3.3033854961395264,8.745715141296387,6.668612003326416,7.834481239318848,7.149338722229004,7.3774495124816895,-3.2715508937835693,7.0276618003845215,6.663500308990479,7.19770097732544,-1.2636183500289917,7.378474235534668,18.741330188332245,14.172749500807628,17.32461826110867,16.894681916644885,17.05199140836836,17.808204191687054,46.30750216410905
Never Stop (feat. Laco).mp3,99.38401442307692,5.0,0.4493470110501225,-17.19572639465332,1.4482444524765017,0.0202673878520727,0.0856106506971807,2361.592073550082,637.800477698569,5288.722565272745,1475.894923761457,-25.75938949584961,-15.192766189575195,-11.397872161865234,87.1930923461914,22.655261993408203,2.848564624786377,16.582015991210938,27.102554321289062,15.026972770690918,7.024523735046387,11.896204948425291,8.644655227661133,10.998729705810549,5.017655372619629,9.193201065063477,11.325618743896484,7.987876415252685,0.7241600155830383,9.575833320617676,8.209976196289062,8.465048789978027,0.8098663091659546,7.834725379943848,4.008355617523193,7.250084400177002,0.6903591156005859,7.208415508270264,19.78297574527873,13.982947170953956,17.020542047306826,17.286279312476566,16.988709689267164,17.127293188387128,48.69265963605126
Ms. Phenomenal.mp3,151.99908088235293,6.0,0.8424131082026082,-15.229098320007324,1.144734501838684,0.0165856163948774,0.10444116932658,2201.468304930748,925.6458080481472,4514.221863352925,1889.8836851057915,-23.826194953918456,-13.15997076034546,-9.266581726074218,98.75450897216795,33.87257385253906,-6.071280479431152,20.34752082824707,17.08400535583496,17.1248722076416,-0.1065277233719825,13.866127014160156,-4.731103420257568,13.434447288513184,-3.806936740875244,11.168813705444336,-0.9380913376808168,10.516365051269531,-7.774255275726318,10.376709938049316,5.7374796867370605,9.2323579788208,-4.613877296447754,7.943064212799072,3.0811500549316406,7.883727073669434,-3.651667356491089,8.915329933166504,20.05697039289222,17.676254455174988,21.05604471124984,20.560717344507243,20.141695239223026,20.6494717303472,49.88007370891326
Official髭男dism - FIRE GROUND［Official Video］.mp3,112.34714673913044,8.0,0.5237718857083825,-11.435175895690918,1.2389447689056396,0.1013035327196121,0.1936867018890614,3452.8313934394787,890.8342363346293,6753.31493409918,1661.0937730863666,-14.188845443725585,-8.08767318725586,-6.483944129943847,39.80109786987305,23.19232749938965,-5.5669450759887695,22.72665786743164,34.0710334777832,20.27443122863769,4.784594058990479,11.53443431854248,12.523357391357422,9.566854476928713,5.058223724365234,8.27632999420166,9.477779388427734,7.871731758117676,2.6083672046661377,7.487430095672607,3.5084681510925293,7.870059490203857,0.5458736419677734,7.197920322418213,4.7365264892578125,6.799036979675293,-2.9037184715271,6.590584754943848,19.64188739994409,14.205509400817398,16.786624498973072,16.850465592341443,16.59267136387368,16.22423221879028,47.240155612121306
Omokage -self cover.mp3,95.703125,8.0,0.6863407799627443,-11.943366050720217,1.4379366636276243,0.0229536648839712,0.0911953401518084,2352.649096732096,727.3752331466841,5078.6098868825,1429.0498851282102,-14.182889938354492,-10.318670272827148,-8.357942581176758,80.19563293457031,27.57397079467773,0.4222975969314575,15.38434886932373,39.59998321533203,18.65280532836914,11.825416564941406,11.247992515563965,8.64389705657959,10.877555847167969,4.884014129638672,8.468240737915039,11.078571319580078,8.730607032775879,4.490182876586914,8.63912296295166,4.228229522705078,8.56009292602539,-1.0463405847549438,7.058201789855957,1.3919190168380735,7.85174560546875,-3.51125168800354,7.366884231567383,20.95427622905196,14.745326341768816,18.400578224734414,18.196219986392748,17.75755692383373,17.175448724935162,47.94149176593528
Number One - Bankai.mp3,135.99917763157896,4.0,0.6848688980009051,-12.368332862854004,1.4192276000976562,0.0457184091210365,0.1382782266627863,3036.6792228998333,794.7574656161487,6330.895409246791,1644.982785165559,-17.79453468322754,-10.586515426635742,-8.802188873291016,62.105587005615234,32.45737075805664,-8.196133613586426,27.11623191833496,29.559757232666016,18.832300186157227,5.109193325042725,12.117526054382324,8.081039428710938,11.576074600219728,4.614897727966309,11.871371269226074,10.838563919067385,8.925324440002441,4.865865230560303,8.21642017364502,8.396354675292969,8.728394508361816,-0.6101893186569214,7.631454467773437,8.768077850341797,7.975307941436768,-3.513354778289795,7.950458526611328,20.10309234925598,13.58139675874179,16.93789462091233,17.89967364405057,17.814945767499164,17.80660671189681,49.024860230164464
PARAGON.mp3,135.99917763157896,11.0,0.7974812492039114,-14.755086898803713,1.2606637477874756,0.0386142134666442,0.0757913189222509,2098.3397672276637,1132.8338841438792,4669.486243830223,2461.544838114525,-24.723697280883787,-10.471574306488035,-7.452927732467651,97.57202911376952,42.62466049194336,15.521448135375977,18.764720916748047,20.74988174438477,14.281391143798828,11.672270774841309,10.328428268432615,10.76887321472168,9.355820655822754,1.9913009405136108,9.290904998779297,6.914775848388672,7.752110481262207,2.6853671073913574,7.65189790725708,6.70745325088501,7.493246078491211,0.3531866371631622,7.106688022613525,2.3313050270080566,6.956974029541016,-1.6500831842422483,6.488698482513428,19.507516790036792,13.93671699979847,16.00146014156721,15.614567034470571,16.637583167954926,16.31333625013167,45.96397004047144
Oshakashama.mp3,129.19921875,0.0,0.7510416320720592,-11.654025077819824,1.4061658382415771,0.0338743291795253,0.1250207715817728,2463.081671725229,742.1946264952012,5108.869684065235,1516.0910910863518,-16.714157104492188,-9.553724765777588,-7.361091136932373,85.68812561035156,29.288862228393555,-15.418401718139648,30.51661872863769,29.411535263061523,15.09742832183838,2.219207525253296,13.117238998413086,8.631559371948242,10.328716278076172,0.2279380708932876,9.528701782226562,2.326977252960205,10.544724464416504,2.5001442432403564,8.79543685913086,-0.9796552062034608,8.809684753417969,-4.539639949798584,7.411200523376465,-0.6342703700065613,7.838081836700439,-6.66149377822876,7.52911901473999,19.409408250301343,15.14951434151719,18.064011620112467,18.024647560830196,18.558192651837675,18.213052939815736,48.77780773179739
Official髭男dism - らしさ [Official Audio].mp3,112.34714673913044,10.0,0.7745240489471242,-11.585122108459473,1.220836520195007,0.0245208758860826,0.0914041546934865,2399.9450312309223,494.4724954001132,5504.965853987069,1148.727796861864,-13.506085395812988,-10.94228458404541,-8.106010723114014,86.00891876220703,17.7819881439209,4.473182201385498,12.699652671813965,23.1965389251709,10.21872615814209,9.72839069366455,8.826227188110352,11.88162326812744,8.100435256958008,3.2364015579223637,7.417280197143555,9.067233085632324,6.294486045837402,3.5564212799072266,6.971766948699951,7.668869495391846,6.504151821136475,-1.8740328550338743,6.7600932121276855,1.1312525272369385,7.094452857971191,-3.1561501026153564,6.590194225311279,19.593070586791924,14.185098872930611,17.899390337719872,18.39395271459525,17.78308191329285,16.285278240550166,47.30402929900548
PELICAN FANCLUB 『Who are you？』Music Video.mp3,123.046875,8.0,0.8219466208495602,-12.264057159423828,1.104287028312683,0.0673654377460479,0.1275225352294652,2670.91904586498,700.9304173356813,5559.0563520707,1460.233192266403,-11.452947330474853,-9.20283842086792,-8.011422634124756,71.40839385986328,22.12489318847656,-7.994754314422607,17.996824264526367,29.600954055786133,13.122269630432127,2.625666856765747,8.853401184082031,8.161709785461426,8.365791320800781,1.5623615980148315,7.488492012023926,7.743359088897705,7.4955363273620605,0.0416789092123508,6.494518280029297,6.3262858390808105,7.060329914093018,0.9499980807304382,6.443812370300293,2.5474395751953125,5.936806678771973,-3.0296859741210938,6.588019371032715,19.92849442717261,14.27604014598194,17.1366669768773,17.12733585524719,16.630157885467586,16.282053667644284,47.40563935919764
PAiNT it BLACK.mp3,103.359375,3.0,0.4011563447746449,-10.115939140319824,1.0745083093643188,0.0637659281492233,0.179101454690009,3133.1732886741684,534.5008332491475,6180.634404951576,1102.2206143563037,-10.986241149902344,-9.179595947265623,-8.112173461914063,60.034461975097656,24.975929260253903,-18.362157821655277,12.41005802154541,20.223114013671875,14.813775062561035,-5.697403430938721,10.022310256958008,14.869061470031738,7.43880033493042,3.73692798614502,8.59315299987793,9.899747848510742,7.035011291503906,5.584685325622559,7.0890703201293945,8.846871376037598,6.168323040008545,-1.859590768814087,6.031412124633789,8.757074356079102,6.349854946136475,2.892167091369629,6.069303512573242,22.903684632342078,13.1538520247722,16.15483483096367,18.08498294460818,17.448401476704294,16.69872384335251,50.64593185889354
PAPERMOON.mp3,107.666015625,10.0,0.7376726252769624,-10.820852279663086,1.0765373706817627,0.0394519045948982,0.1448567276493544,2780.3621853082072,448.6081136141536,5422.6764341917615,929.442618703266,-13.3105655670166,-9.872502326965332,-7.733291435241699,66.62159729003906,15.874800682067873,-19.737537384033203,16.638259887695312,35.092227935791016,12.620306968688965,4.929243087768555,9.300501823425291,4.243447303771973,9.071133613586426,7.5117506980896,8.814850807189941,4.748260974884033,7.813044548034668,9.89726734161377,8.01898193359375,6.140341758728027,6.936741352081299,1.3629881143569946,6.673470973968506,3.721578359603882,6.864320755004883,-2.5987863540649414,6.05922269821167,17.12031638576598,14.909393543926798,17.80853124202849,18.069674016968538,17.40084600791139,18.30006942644134,46.88867922040835
Prayer X.mp3,86.1328125,6.0,0.6433448620000278,-13.326916694641112,1.2831764221191406,0.01789459772408,0.0849494970377914,2108.293414398449,719.3811182201154,4536.623071149686,1669.0701695307068,-18.08621273040772,-12.121755599975586,-7.838606262207031,101.96858978271484,30.31278610229492,2.589003801345825,17.866182327270508,22.54467010498047,14.768746376037598,8.668450355529785,11.65968418121338,5.940547466278076,12.25840187072754,2.303691864013672,9.431727409362791,1.322617530822754,9.723362922668455,-3.865973234176636,8.00586223602295,3.102895975112915,9.403013229370115,-3.106862068176269,7.307237148284912,1.6355712413787842,8.435154914855957,-4.747303009033203,7.740360260009766,18.51864608982797,14.754053197995626,18.49673556389656,17.946449383876114,17.730849192809387,17.49177604213538,47.62679812668595
Paradisus-Paradoxum.mp3,135.99917763157896,0.0,0.8961833333913888,-11.878007888793944,1.176948070526123,0.0425959825515747,0.1153124764518235,2713.7874765575248,694.6459497970228,6067.152518693328,1693.4717292265325,-16.27153434753418,-9.671963691711426,-8.413348007202147,74.5843276977539,23.312576293945312,4.077735424041748,18.703800201416016,25.34724998474121,14.700393676757812,7.443436622619629,10.822278022766112,4.646344661712647,13.20304012298584,7.845064163208008,8.77415657043457,1.9775903224945068,10.656679153442385,8.089774131774902,8.31545639038086,5.401634693145752,9.349554061889648,-3.1718103885650635,7.745458126068115,4.172789096832275,7.638838291168213,-0.3035924732685089,7.969820499420166,16.642908906651915,13.8808915133659,17.907121538761064,18.01245734497957,17.489587303788685,18.09580193125053,47.00467735799896
Orange.mp3,86.1328125,1.0,0.8468685921827651,-15.328893661499023,1.0977675914764404,0.0262178871780633,0.1142746520178405,2521.427701432357,680.7338496684749,5360.877858961525,1549.6317180190094,-23.97046813964844,-12.556234359741213,-9.229086780548094,76.60836791992188,25.11307144165039,-6.027835369110107,15.581488609313965,13.60114860534668,18.450439453125,-1.5592020750045776,10.618430137634276,2.2526497840881348,12.24171543121338,-1.882012963294983,10.27624225616455,-4.230425834655762,11.14857578277588,2.414414882659912,9.858821868896484,2.710815191268921,9.162620544433594,-8.694501876831055,9.026246070861816,2.681047201156616,9.632665634155272,-1.5276058912277222,9.799389839172363,20.064281317532185,16.91470209315468,22.26882099594394,21.592260199411072,21.70429375906712,20.23655302909482,48.92231963193221
Play Goodbye.mp3,143.5546875,4.0,0.8040251612616317,-14.171332359313965,1.3356140851974487,0.0252189710736274,0.0876739530544672,2165.38552064559,886.9549607064198,4794.347226482651,1975.8879423640049,-19.68717193603516,-11.884102821350098,-8.486883163452148,99.83968353271484,39.46603775024414,3.751063346862793,23.83939743041992,23.63088798522949,18.650436401367188,2.493144989013672,15.990473747253418,7.62047815322876,12.545233726501465,0.304279088973999,12.839497566223145,1.3874794244766235,11.335905075073242,-3.4812982082366943,11.02853298187256,8.159052848815918,12.020960807800291,-3.078387498855591,9.224818229675291,1.196655511856079,9.891207695007324,-5.438196182250977,9.16388702392578,19.699276481453733,15.961611629335488,19.03031306083937,18.764003824439023,18.794936124746965,18.782469784674987,48.37958680092435
QUEENDOM ⧸ チキチキバンバン（TVアニメ「パリピ孔明」スペシャルMV）.mp3,129.19921875,1.0,0.9024106808902356,-10.965911865234377,1.3390929698944092,0.0601172521710395,0.1487974010565902,3265.192742067187,727.4403559722806,7004.242570849749,1356.380468390213,-13.570001411437987,-8.514714241027832,-6.594291687011719,55.92316436767578,18.34307289123535,5.062984943389893,15.846624374389648,17.874370574951172,14.677350044250488,2.829155445098877,8.895740509033203,6.009581565856934,9.465067863464355,6.18610143661499,8.948020935058594,2.712038040161133,8.0194673538208,3.1347906589508057,9.984850883483888,7.700464725494385,7.214797019958496,-3.143693208694458,7.8731560707092285,2.7270357608795166,6.862235069274902,-3.956449270248413,6.948187351226807,18.73767599773288,14.377121204919243,17.22451456378125,17.813589636720597,17.955392400776848,17.430694385815297,47.06297473752346
Polaris.mp3,123.046875,6.0,0.7272588085153632,-13.327230453491213,1.2726926803588867,0.0347153358161449,0.1200235457082926,2539.7059198252814,656.3901014391015,5292.241122931557,1255.8869757361167,-17.02622871398926,-11.262059211730955,-8.304134559631343,77.40568542480469,24.58026123046875,-10.887681007385254,15.445796012878418,31.31692886352539,14.75331687927246,4.675271511077881,11.34053897857666,2.442915678024292,9.550836563110352,-3.059918165206909,8.21316146850586,3.476658821105957,8.965174674987793,3.919830799102783,7.608615875244141,4.814867496490479,7.877737045288086,-0.9724359512329102,7.395745277404785,3.897812843322754,6.973658084869385,-3.718347787857056,7.012221336364746,20.892665550031023,15.76315151133218,18.092350799148505,17.37622780901557,17.818449893508475,17.213348105578444,48.18994743069515
RAYTRACER.mp3,151.99908088235293,9.0,0.8288040420521455,-12.747892379760742,1.2768006324768066,0.0502080135047435,0.1168532358384986,2751.109614325114,653.6675239324644,5942.949597455102,1392.7314199356742,-16.084798431396486,-10.98854398727417,-9.479774951934814,73.98311614990234,26.278682708740234,-5.29341459274292,18.66506576538086,22.9999942779541,12.496367454528809,3.944462776184082,11.5366792678833,8.466660499572754,9.527751922607422,-0.0073956656269729,8.540099143981934,7.717168807983398,8.683073997497559,1.8373667001724243,8.096065521240234,9.273183822631836,7.262844085693359,0.4027923345565796,7.158646106719971,7.090445518493652,7.388090133666992,2.1617202758789062,6.029246330261231,20.00103621595161,13.464748226958692,16.635854897743698,16.61368758628841,16.787355726279962,16.08952272289699,47.26261967135613
Professionalism.mp3,123.046875,0.0,0.7688566015032128,-9.653058052062988,1.247114896774292,0.0463468544185161,0.133197186496571,2891.9614833742407,694.0555675841774,6328.961452144489,1406.4223778844027,-10.626838111877442,-8.513309478759766,-7.047672843933105,72.93457794189453,21.18492889404297,-2.66190505027771,16.1177921295166,19.167625427246094,13.477704048156738,12.314075469970703,9.63002109527588,7.588470935821533,9.575895309448242,5.847836971282959,7.8627119064331055,10.407525062561035,7.554871082305908,1.452282190322876,7.108027935028076,3.6833112239837646,6.789259910583496,-4.297160625457764,7.306499004364014,-1.3368507623672483,6.818963050842285,-2.682391166687012,6.343742370605469,18.805622788111897,14.277080412856352,16.475842367977073,17.281128800272768,17.245302074584018,17.332015462664486,47.09382019682043
ROUGH DIAMONDS.mp3,129.19921875,8.0,0.8325182983948153,-10.678297996520996,1.1425769329071045,0.0478198416531086,0.1167808815550211,2539.6109447533445,584.7416583870587,5328.610891398551,1176.903718463269,-10.25711555480957,-8.41382122039795,-7.613942813873291,80.08686065673828,23.73611640930176,-9.241083145141602,14.040610313415527,30.33903312683105,13.64674472808838,-0.9278095364570618,11.457322120666504,7.084020137786865,8.603998184204102,-1.345637559890747,8.320256233215332,7.512327194213867,7.381994724273682,1.4825419187545776,7.516601085662842,5.131725311279297,7.553420543670654,1.2218555212020874,6.253061294555664,6.284858226776123,7.362087249755859,0.2387275099754333,6.677525997161865,18.849045686213465,13.414624943816674,16.434780680326455,16.624003410185278,16.491314839321273,16.929559634684214,47.64457644863341
Rapport.mp3,123.046875,5.0,0.6235556493278276,-12.53084945678711,1.2484087944030762,0.0402457043528556,0.1242683804529312,2574.5962001518674,782.9650956461322,5174.705152249749,1456.4858966046309,-17.33251152038574,-10.09549331665039,-7.753689384460448,70.90682220458984,30.805917739868164,-12.243319511413574,21.069448471069336,43.31826400756836,17.166166305541992,13.869868278503418,12.93198299407959,11.355202674865724,11.46034049987793,-0.2438706308603286,10.668106079101562,1.463612675666809,10.024874687194824,-2.98848557472229,9.42288875579834,4.307669162750244,9.039289474487305,-2.230496883392334,7.874785423278809,2.245868682861328,7.981620311737059,-1.2907785177230835,7.1381001472473145,20.26227295887209,14.63404812349214,17.44538583530944,16.601375975857614,17.08231468406252,17.81880402624607,47.96601993170229
SAKASAMA.mp3,112.34714673913044,1.0,0.9081117771930471,-10.556985855102539,1.2060867547988892,0.0357937328517437,0.11711357826289885,2625.5932737507173,663.860259799702,5706.686221120799,1340.9864191772183,-12.535949516296386,-8.995501518249512,-7.430143642425536,78.87759399414062,25.015003204345703,-1.8981430530548096,18.999107360839844,24.242952346801758,12.615448951721191,2.4836528301239014,8.496258735656738,6.439344882965088,8.849546432495117,-0.16331887245178223,7.569090843200684,6.968785762786865,7.92268705368042,-0.8883237838745117,7.614557266235352,5.84993839263916,7.962705135345459,-3.736316204071045,7.6517486572265625,3.0315349102020264,7.453211307525635,-5.341999530792236,6.90190315246582,20.768242933550844,14.809646953631738,18.338551422300345,18.140873119233746,18.04507840213512,17.450697657036745,49.85449452596047
START.mp3,99.38401442307692,3.0,0.8338938579465487,-13.807543754577637,1.0974762439727783,0.04022546112537384,0.13130659940102682,2551.565181261079,616.3563348266339,5075.931196631667,1250.2876569756058,-13.903016853332518,-10.988768577575684,-9.505234336853027,82.03687286376953,24.42406463623047,-23.487621307373047,19.222625732421875,28.47552490234375,13.29802131652832,2.002074718475342,9.716843605041504,5.214956283569336,9.045913696289062,3.285855531692505,7.349328994750977,9.25766658782959,6.618872165679932,4.255995750427246,6.5482988357543945,8.08619499206543,6.46121072769165,-2.778874635696411,6.191739559173584,4.117225646972656,6.238356590270996,-2.471210241317749,5.446874141693115,20.793887153674795,14.471999774654083,16.34880708568037,16.997002431319427,16.60415482170422,17.634617856770827,48.374229976042486
Reason Living.mp3,123.046875,10.0,0.8475325030388624,-10.907112121582031,1.1271777153015137,0.051878172904253006,0.12869597576925826,2706.1895817969134,661.27684618035,5733.479647018603,1432.1153376041857,-12.498627853393556,-8.94969367980957,-7.901011657714844,75.43923950195312,22.147422790527344,-5.348578929901123,17.154373168945312,29.403806686401367,13.943065643310547,-0.7477757334709167,10.723221778869629,6.0485992431640625,8.273359298706055,1.5086017847061157,7.682051181793213,9.557604789733887,8.154867172241211,-0.12613670527935028,7.419798851013184,4.955639362335205,7.737873077392578,-2.2829203605651855,6.484779357910156,3.382459878921509,7.3984575271606445,-1.9169933795928955,6.743038177490234,18.587006676946615,13.70075725036716,16.315296762950158,16.721897324849152,16.911267217650632,17.00900349044588,48.581611714926105
SPARX.mp3,123.046875,2.0,0.7665196411498839,-11.559991836547852,1.238959550857544,0.030718719586730003,0.08657403884454666,2187.4694531886043,626.4466357718103,4711.559873638731,1357.489489935256,-13.9008150100708,-8.97722578048706,-6.86041259765625,88.9422836303711,24.599416732788086,-6.120494365692139,16.80930519104004,40.19853973388672,16.088214874267578,2.4168198108673096,11.125222206115723,13.579858779907227,8.655739784240723,5.546214580535889,7.099178791046143,7.025735378265381,6.976226806640625,4.16281270980835,6.69717264175415,7.564023494720459,6.302235126495361,-3.3874197006225586,6.21524715423584,6.700465679168701,5.59565544128418,3.481294631958008,6.132582664489746,19.7978391191573,14.679632641095466,17.784240931946936,17.151332067352552,17.089471818648835,17.867197089773914,48.95798561573714
Rarabaisayonara.mp3,95.703125,7.0,0.7332815962044648,-13.634089469909668,1.3347989320755005,0.030480368062853813,0.0957083796002538,2011.5507920270243,628.5594404092427,4015.4439492782362,1431.480315631582,-17.433716201782225,-10.494102954864502,-8.035825252532959,101.71453857421875,32.164920806884766,-25.561487197875977,24.030405044555664,28.62801742553711,21.81625747680664,6.288796901702881,14.207795143127441,-1.7516207695007324,13.385330200195312,-0.8886879086494446,11.38011646270752,4.585392475128174,10.567116737365723,-0.8225575685501099,9.765426635742188,-0.6526286602020264,9.73209285736084,-4.547969818115234,8.94627857208252,6.4400715827941895,7.48740816116333,-5.578847885131836,8.49109172821045,18.708249074901783,15.651043487640951,20.799035020661755,19.40628970268552,18.68156157484556,19.57028434641268,48.017492763938435
SEKAI NO OWARI「最高到達点」ONE PIECE リリックMV.mp3,129.19921875,7.0,0.9015329917690886,-11.232067108154297,1.31436026096344,0.027036985382437706,0.10239759213575297,2461.7537635239205,666.7280491930384,5284.288861736161,1458.1528358472963,-15.861644268035889,-9.92308759689331,-7.161909484863282,86.12294006347656,23.386062622070312,-4.761274337768555,18.19106101989746,22.441661834716797,13.464029312133789,-0.28566864132881165,12.26269245147705,1.361521601676941,12.911470413208008,0.5210180878639221,10.126757621765137,3.3245227336883545,10.038529396057129,-1.2559199333190918,8.938985824584961,4.508302211761475,8.520528793334961,-4.430902481079102,8.587324142456055,1.9032090902328491,8.268195152282715,-4.806796550750732,8.272464752197266,19.35340751798394,15.023564829340286,17.68766503287632,18.71195186598462,18.017802024214998,17.888402624244318,48.083704753697745
Realize.mp3,103.359375,2.0,0.6471254382855072,-13.451139450073242,1.27595055103302,0.046037741005420685,0.1256048076467242,2715.762495269054,785.3033539623716,5598.82778935583,1470.8480539794703,-18.410425186157227,-10.141504287719727,-7.676988697052002,67.21187591552734,26.986223220825195,-10.651496887207031,19.715770721435547,22.96552085876465,19.261714935302734,2.6210334300994873,11.663562774658203,7.15530252456665,14.260099411010742,3.614203929901123,9.617870330810547,7.921273708343506,10.931366920471191,3.5804286003112793,10.117859840393066,5.14924955368042,9.163658142089844,-1.8659697771072388,9.9324369430542,6.529547214508057,9.218523979187012,-0.2528302073478699,9.385144233703613,18.95565129963365,14.632844398318007,18.209091842293336,18.944968146067318,18.069582428101352,17.421720173592032,48.393312861546164
Saruhakikadokoheochiru.mp3,123.046875,2.0,0.7127249673931697,-11.043633460998535,1.2438982725143433,0.03403765708208084,0.11918165852731645,2543.281899711156,670.3674950217207,5260.763391109957,1353.8980006782845,-12.449101638793945,-9.13524055480957,-7.455177593231201,78.7190170288086,24.322307586669922,-18.075584411621094,19.710731506347656,22.060401916503906,15.992050170898438,7.101274490356445,12.112521171569824,6.115571022033691,9.530660629272461,-0.2825852930545807,8.517931938171387,11.757110595703125,8.701800346374512,4.307019233703613,9.349283218383789,7.264211177825928,8.104341506958008,-3.325178623199463,7.699931621551514,3.7860512733459473,7.2621564865112305,1.2831851243972778,7.062747001647949,20.608135230947155,14.067099650960644,16.44579126552267,16.36553503021626,17.44005401425369,17.336952190590715,47.84802628167421
QUESTION.mp3,117.45383522727273,10.0,0.6925140226850534,-11.037293434143066,1.1771221160888672,0.04637807235121727,0.152005198112899,2800.365594172139,500.6784683143433,5580.592698317308,1072.30221117468,-12.701038837432861,-10.330857753753662,-8.589418411254883,69.33712005615234,17.409082412719727,-17.84744644165039,17.677574157714844,36.846946716308594,12.120025634765625,8.88396167755127,9.872593879699707,6.227682590484619,8.53490161895752,4.576681137084961,7.720070838928223,11.499088287353516,7.33682918548584,-1.1786845922470093,6.972850322723389,2.7653493881225586,7.138689041137695,-3.608297348022461,5.235450267791748,2.2796313762664795,5.97867488861084,-3.035891532897949,5.371391296386719,20.33729063746146,14.057831569077175,16.630532276555233,15.816708969227147,16.804923035754072,17.61436032756015,49.036563567863816
STORYSEEKER.mp3,112.34714673913044,2.0,0.8578255299218509,-15.309430122375488,1.3066867589950562,0.025794174522161484,0.09813055391918511,2529.2853211725856,808.6417783627527,5527.288237593974,1845.3215985651734,-22.542409896850586,-12.688089370727539,-9.922245502471924,82.9563217163086,37.314815521240234,-2.3028271198272705,21.504589080810547,18.28260040283203,16.253700256347656,4.895840167999268,13.866377830505371,4.211148738861084,12.296455383300781,-5.2447967529296875,11.567708015441895,2.561109781265259,10.164198875427246,-2.998575448989868,10.842081069946289,4.833461761474609,9.675370216369629,-1.067057490348816,8.669215202331543,2.3197600841522217,10.062232971191406,0.3167339265346527,8.408063888549805,22.03325639324306,15.010170011057063,19.125646075152776,18.13454833715669,18.9906643302888,17.873508419185686,48.27286555445706
Redo.mp3,129.19921875,9.0,0.8274154384561233,-11.451844215393066,1.2711886167526245,0.06225733086466789,0.15939768666277085,3063.2464156380825,674.5911579415111,6369.444241292676,1438.1188009101406,-15.103826522827148,-9.50617504119873,-7.208537864685057,58.83647155761719,19.80350112915039,-7.659650802612305,19.330768585205078,28.900388717651367,15.804800033569336,4.912903785705566,11.154852867126465,5.436941146850586,13.841874122619629,3.2579288482666016,8.956089973449707,6.365911483764648,9.578944206237793,4.85345983505249,8.52101993560791,3.816681146621704,8.390134811401367,-4.107209205627441,10.039313316345215,8.522734642028809,8.1671724319458,-3.744094133377075,8.65583610534668,18.74306351219614,13.412660927679315,16.628594449638484,17.4599438518834,17.70062468832969,17.575673068261004,48.75394112839715
Renegade.mp3,135.99917763157896,6.0,0.7630948462567929,-10.905245780944824,1.1533726453781128,0.053509488701820374,0.11847402943686007,2830.1738083488162,566.5756243676155,6076.7452513398575,1127.8098865711645,-13.523421573638917,-9.12462043762207,-7.498891162872314,68.83753967285156,19.793840408325195,-3.6025631427764893,14.583282470703125,23.724876403808594,11.564738273620605,3.9765713214874268,9.088583946228027,9.792290687561035,8.584518432617188,-1.2555116415023804,8.131125450134277,8.456615447998047,7.21189546585083,3.825465202331543,6.91813325881958,6.506712436676025,6.5652689933776855,2.5934455394744873,6.369500160217285,7.446274757385254,6.5856709480285645,1.70748770236969,6.2800726890563965,18.245278901008998,13.463089657704698,16.35980975061274,16.339052171920514,16.534628389919913,15.705026333241312,47.04833789956825
Rising Hope.mp3,95.703125,8.0,0.672929461772267,-13.344310760498047,1.3319973945617676,0.037393663078546524,0.12954220238848738,2608.439412757003,611.1784547450067,5405.787535351167,1398.8288224814962,-18.02642478942871,-10.906033992767334,-8.47132797241211,78.28839874267578,23.669898986816406,-17.4101619720459,21.636213302612305,15.884119987487793,15.118239402770996,4.271458625793457,10.6670560836792,6.093349933624268,10.955222129821777,3.6810414791107178,8.958733558654785,2.7039661407470703,9.81812572479248,6.057275295257568,9.474434852600098,2.6374216079711914,8.718965530395508,-5.45383882522583,9.56263256072998,3.641902446746826,7.723910331726074,-6.190346717834473,8.691324234008789,19.12597083291188,13.766627107653527,16.508420859805664,18.259167601825524,18.096281246656144,17.927881786757165,48.454907810849875
Same Blue.mp3,123.046875,8.0,0.8350618397211166,-13.019868850708008,1.1248576641082764,0.030455682426691055,0.09127446220894757,2237.2817668963353,542.0188685577756,5001.048059974647,1329.8878395715803,-15.391444778442382,-11.000596046447754,-7.654297828674316,90.98917388916016,21.927560806274414,-4.808120250701904,14.258728981018066,21.057817459106445,12.02535629272461,9.770270347595215,9.054285049438477,12.019916534423828,8.78167724609375,4.295688152313232,8.344742774963379,8.82465648651123,7.998326301574707,2.391826868057251,7.594289779663086,8.42932415008545,8.860790252685547,-2.309293031692505,7.178986072540283,1.6913223266601562,7.519435405731201,-3.156043767929077,7.449990749359131,19.23884128049019,14.062732409974835,18.18674445044252,18.70694955766777,18.407118781596903,17.02367111590766,48.14813799552844
STRAIGHT BET.mp3,112.34714673913044,9.0,0.7562747712328323,-11.312773704528809,1.284009575843811,0.029070664197206497,0.11073732711301434,2586.411055033052,761.7727327344518,5690.77207476099,1815.2098430185542,-16.638852691650392,-9.236576080322266,-7.64801139831543,78.5583724975586,30.79972267150879,-3.4676787853240967,23.419456481933594,24.9657039642334,18.05252456665039,8.288838386535645,13.212679862976074,8.398820877075195,11.547080039978027,11.816773414611816,9.606605529785156,4.766790866851807,10.146342277526855,5.142658710479736,8.917044639587402,9.304845809936523,8.16247844696045,-2.1479921340942383,7.633198261260986,5.996510982513428,7.958737373352051,-0.5522807240486145,8.327067375183105,16.302189803400495,13.808544700057693,17.48906451241956,18.318491297339474,17.881030760690948,18.795222395338175,47.53609655507829
Promise Me.mp3,129.19921875,3.0,0.7673071425925424,-12.28812313079834,1.1988275051116943,0.027325933799147606,0.10087841506630087,2405.681421468807,840.5004315909407,5222.672144257973,1686.1277910554252,-18.023776245117187,-9.534852027893066,-7.45012903213501,87.14515686035156,35.432212829589844,-2.8487792015075684,18.71006965637207,26.60572052001953,14.812067985534668,11.0378999710083,12.027878761291504,8.793210983276367,11.785798072814941,1.3865947723388672,8.832399368286133,8.115763664245605,7.861187934875488,-3.914468288421631,9.735278129577637,9.958526611328125,7.960170745849609,-2.625433921813965,7.715261936187744,-0.8042430877685547,8.487093925476074,-0.26261281967163086,6.652090072631836,20.09826844073054,14.81058820355761,18.68682443633047,18.305893452793505,17.914720526079247,18.52351697716809,48.66660691771994
Runaway.mp3,99.38401442307692,5.0,0.759585988785001,-13.613363265991211,1.3126155138015747,0.03214409202337265,0.08253286623261707,2284.17357944998,675.8164683173115,5160.10463011867,1647.0671518844108,-17.277804565429687,-10.713759422302246,-7.464149951934815,91.53634643554688,28.930505752563477,5.265737533569336,16.075010299682617,13.97188663482666,16.067712783813477,-1.1096335649490356,14.46265697479248,9.677619934082031,11.851512908935547,8.408576011657715,11.188224792480469,3.7515976428985596,10.67247200012207,-0.23128798604011536,9.163219451904297,3.8203539848327637,10.155889511108398,-0.5730283260345459,8.531381607055664,0.4239978790283203,8.360488891601562,-5.755771636962891,8.606720924377441,21.288940643695483,15.30755333079795,18.449539636946955,18.694891759016777,17.768707499438378,16.920336649286504,46.71680061759819
Ray.mp3,129.19921875,10.0,0.7457213649042663,-12.381340026855469,1.1768393516540527,0.02513737417757511,0.10786969866071429,2377.502333232186,607.1695238368261,4879.994167018581,1299.6094584303785,-20.3303804397583,-10.81225872039795,-6.768800830841064,84.53899383544922,22.42095947265625,-14.445026397705078,17.53765296936035,32.8639030456543,14.014471054077148,3.896738052368164,10.679518699645996,3.0264029502868652,10.870155334472656,2.1700689792633057,9.801541328430176,6.782320022583008,8.937300682067871,3.8064630031585693,8.120534896850586,7.7520318031311035,9.660017013549805,-1.0728473663330078,8.15681266784668,3.331052780151367,8.450784683227539,0.4614930748939514,7.401821136474609,21.1675890611335,15.275886153256517,19.07579296164676,18.998654955131606,18.237533679483786,18.367015511024572,47.81788254384455
Sanitizer.mp3,103.359375,6.0,0.7842499688507443,-13.110695838928223,1.2663627862930298,0.022361701354384422,0.09076883403551798,2229.0393014129254,685.2203655783692,4912.713413834072,1718.6700998494105,-19.11506805419922,-10.82079792022705,-8.194013023376463,96.322998046875,30.021581649780273,0.7681529521942139,15.815707206726074,17.918611526489258,16.078468322753906,7.887730598449707,11.582225799560547,5.071166038513184,11.426384925842285,-2.504481315612793,11.201013565063477,6.057715892791748,10.200228691101074,-2.560863733291626,9.198509216308594,4.167585372924805,10.548986434936523,-6.786157131195068,8.653630256652832,-1.6143745183944702,9.081451416015625,-6.664385795593262,9.064570426940918,20.30776313134416,15.553270994069441,19.581102475800634,19.67783364569948,19.2548396323636,18.108152362166667,49.266844265005034
Pretender.mp3,92.28515625,8.0,0.8162645687412102,-11.805211067199707,1.1532789468765259,0.026904314756393433,0.10091598492291415,2347.7930855446057,675.9201295032598,5101.323647149402,1713.8020561272754,-16.60461540222168,-9.521602630615234,-7.3032688140869135,92.066650390625,29.34952163696289,-9.25324535369873,20.61600685119629,18.113306045532227,14.740972518920898,8.153717041015625,10.956881523132324,3.837995767593384,12.511765480041504,-1.2439415454864502,11.2975435256958,5.990635395050049,12.832139015197754,-1.9375346899032593,10.445630073547363,2.978803873062134,10.539900779724121,-0.5141113996505737,7.903958320617676,0.5952209830284119,9.484664916992188,-5.7927374839782715,7.334996700286865,19.583172340471037,15.899169307598363,19.483647925417568,19.581458509381783,19.77382602323415,17.835957385410744,47.81232042579721
Seasons die one after another (Tokyo Ghoul Root A Edit).mp3,92.28515625,0.0,0.8400330001440187,-11.922467231750488,1.132016897201538,0.02875269204378128,0.08897430156170565,2243.8305710797003,670.7612592717772,4909.389683190614,1532.6214775088927,-13.836758995056153,-9.775905132293701,-7.5705029487609865,90.34784698486328,28.492294311523438,-0.15300321578979492,15.382555961608887,28.661151885986328,15.868754386901855,3.8443264961242676,11.304828643798828,3.6358790397644043,13.00949478149414,3.090203285217285,10.185894966125488,6.338502883911133,7.405104160308838,-3.939390182495117,9.842281341552734,6.456839561462402,8.601852416992188,-1.4719817638397217,7.431196689605713,2.172722339630127,8.483582496643066,0.2871905565261841,6.902928352355957,16.958661529477098,15.627866307373854,18.81050243946241,17.729791048108964,17.675647350490973,18.04880068014357,47.76572713237607
SawanoHiroyuki[nZk]：Akihito Okano（ポルノグラフィティ）「odd：I」Music Video.mp3,151.99908088235293,0.0,0.7612725102362039,-24.279098510742188,1.1944749355316162,0.07362890243530273,0.06452269875323834,1747.5954917682736,1020.2709065648587,3920.979522546956,2407.2638970869884,-42.37862777709961,-18.282761573791504,-11.710681438446045,98.74935150146484,43.628265380859375,22.84221649169922,23.035852432250977,18.829957962036133,20.142202377319336,8.521854400634766,12.501471519470215,8.98884391784668,11.386066436767578,2.749694347381592,11.401369094848633,8.745332717895508,9.46725845336914,-5.105494976043701,11.517074584960938,3.7295281887054443,9.99337387084961,-1.0635493993759155,7.716580867767334,0.5776485204696655,8.56668472290039,-0.3319903016090393,7.5500078201293945,19.449123478514625,15.826255966692816,18.406304645040613,18.35081696823921,18.177006571638962,17.662720792139716,46.138198157435525
SawanoHiroyuki[nZk]：ASKA「地球という名の都」Music Video.mp3,123.046875,10.0,0.8121274678898919,-13.621236801147461,1.290675401687622,0.027460305020213127,0.07359640215180943,2038.1154587025808,713.3599520665747,4701.8223249579805,1842.8369403180632,-21.455994606018066,-9.758238315582275,-7.0906548500061035,101.5311050415039,31.979433059692383,14.115152359008789,18.702938079833984,23.266448974609375,14.199909210205078,8.124850273132324,12.449462890625,13.30880069732666,9.775874137878418,1.0400514602661133,11.017988204956055,1.2200255393981934,9.936325073242188,-3.5963151454925537,8.92724323272705,2.196887254714966,9.801051139831543,-0.34681472182273865,8.174359321594238,0.9645132422447205,10.613595962524414,-4.1032304763793945,8.962432861328125,18.71039363518485,14.949720325955225,18.550345045238807,17.469792178240002,18.085923409523318,17.079872863343635,46.6273788924178
SawanoHiroyuki[nZk]：suis (from ヨルシカ)「B∀LK」Music Video.mp3,112.34714673913044,0.0,0.593459471872076,-13.172947883605957,1.6814802885055542,0.026755154132843018,0.07185672021238301,2184.459669237805,884.3370245647524,5021.1631534321,2137.0627279834225,-21.040092849731444,-9.961694717407227,-7.138822078704834,96.4746322631836,30.984973907470703,19.891366958618164,23.01543426513672,22.787412643432617,16.033124923706055,7.993992328643799,11.894351959228516,3.0775249004364014,12.4634428024292,6.534756183624268,11.95329475402832,-0.3848414123058319,12.310434341430664,-0.7813605070114136,11.368795394897461,6.04786491394043,11.857722282409668,-3.803158760070801,8.429901123046875,3.392374277114868,9.110898971557617,-3.0349621772766113,9.100412368774414,19.30512413933389,14.865983761660107,18.56674103084522,17.810361961956826,17.7006951279503,17.69100630376966,46.59191538376436
Shinigami.mp3,117.45383522727273,3.0,0.723755525239275,-14.18664836883545,1.5647467374801636,0.030304495245218277,0.09776381613278741,2345.946676626339,875.3087770856419,5072.163283507948,2004.4714394178936,-21.29881820678711,-12.466683387756348,-8.02016315460205,93.16708374023438,35.78377914428711,-6.173800945281982,21.311222076416016,18.89771842956543,15.610346794128418,13.604220390319824,15.01805591583252,9.185480117797852,11.700719833374023,2.470582962036133,12.264639854431152,4.992361068725586,11.74787425994873,-0.38555780053138733,11.529112815856934,2.0948495864868164,10.195260047912598,-6.371213436126709,9.90585708618164,3.447136402130127,8.816027641296387,-6.880720138549805,8.36218547821045,21.87745940380242,15.50711368973214,17.592248292934993,17.454677058615925,17.992906555546554,17.853099592230876,47.89026266477944
SawanoHiroyuki[nZk]：Jean-Ken Johnny & TAKUMA『PROVANT』 Music Video.mp3,135.99917763157896,11.0,0.6947993827163792,-11.902124404907227,1.3586297035217285,0.0338052399456501,0.09651781093028781,2432.0680205855365,734.3668641821894,5285.62814804189,1633.2041230017965,-17.009655952453613,-9.125621318817139,-6.644789934158325,83.19983673095703,28.428062438964844,-0.5738037824630737,20.229188919067383,25.76666831970215,13.699554443359375,11.839956283569336,12.653047561645508,10.676525115966797,10.507368087768555,-2.4765217304229736,12.363395690917969,6.983254909515381,9.945563316345215,2.5479249954223633,7.913042068481445,6.4034013748168945,7.3477783203125,3.3923563957214355,7.467892646789551,3.6041460037231445,6.896663188934326,0.19083423912525177,7.501129150390625,18.503076396763614,12.659798029379662,16.353347866372417,16.311693729948427,17.34890176921553,16.68501050466267,47.5594886922146
Scar.mp3,135.99917763157896,10.0,0.7083985231086436,-15.635140419006348,1.478330373764038,0.03442903235554695,0.07849328928667103,2217.941761225631,1241.4928642661862,4760.374877798882,2449.627644046923,-22.997912216186524,-14.073433876037598,-5.695820617675782,85.84011840820312,40.33784484863281,19.365102767944336,26.77867889404297,29.184162139892578,23.543149948120117,10.571436882019043,16.873605728149414,6.577836513519287,15.622941970825195,5.201259613037109,11.966714859008789,4.784927845001221,10.711505889892578,-3.2208263874053955,10.516753196716309,3.223820924758911,10.422015190124512,-4.285991668701172,12.305427551269531,-2.3479042053222656,12.470624923706055,-5.199348449707031,11.222258567810059,21.64153823258367,16.08567774482584,18.831916203109945,18.06499113208827,17.847460234945093,18.57640848978014,47.15464109390001
SawanoHiroyuki[nZk]：Honoka Takahashi『LilaS』×TVアニメ「８６―エイティシックス―」Collaboration Movie.mp3,151.99908088235293,0.0,0.8516744475247499,-18.943708419799805,1.018263816833496,0.07835321128368378,0.07333487730112132,1668.4552377854545,839.8381614148544,3395.088005301684,1808.8841315185566,-33.71726036071777,-10.533766269683838,-7.868135213851929,105.08500671386719,42.013587951660156,-8.590130805969238,22.01706314086914,20.6632022857666,16.624141693115234,-1.3531619310379028,12.738937377929688,6.083965301513672,14.015520095825195,7.888186454772949,11.788596153259277,-1.0463011264801025,13.136466026306152,3.1989729404449463,9.590673446655273,1.5392130613327026,10.353962898254395,-5.721059799194336,9.361764907836914,2.240619421005249,10.536524772644043,1.059882402420044,8.014251708984375,20.089635741918887,16.873261186024955,20.145875493299496,20.760536974610346,19.663938556247025,20.07748508936549,45.479649204503026
Shinsekai.mp3,112.34714673913044,4.0,0.6847962452974862,-10.895819664001465,1.2849633693695068,0.03657166287302971,0.12118750854291963,2831.71677667208,648.4076704389979,6166.422996792134,1189.8947269346315,-13.44990005493164,-9.4430513381958,-7.170316314697265,66.70713806152344,20.840120315551758,2.776540994644165,15.928699493408203,31.601213455200195,20.18418312072754,4.246470928192139,11.561807632446289,14.735255241394043,10.316771507263184,1.47380530834198,8.688309669494629,3.936793088912964,8.434759140014648,1.8647500276565552,8.060949325561523,3.329867124557495,8.428897857666016,-1.9277734756469727,7.5283050537109375,0.2686372697353363,6.785367012023926,-0.33358606696128845,7.744808673858643,19.54092817040848,15.777710479454568,17.72102807350183,17.598059814422587,18.071062994227017,16.92092529000068,48.00752202395412
SawanoHiroyuki[nZk]：Jean-Ken Johnny『Chaos Drifters』Music Video.mp3,123.046875,1.0,0.7086622768097631,-13.249470710754395,1.3477883338928223,0.04313220828771591,0.09856825630674296,2431.378728587439,789.2671586840218,5277.23947189155,1623.5814285402998,-16.42148914337158,-11.44483232498169,-8.96139736175537,84.29096984863281,29.951698303222656,0.0770912691950798,16.77737045288086,34.41306686401367,12.436580657958984,5.502808094024658,10.580164909362793,10.659016609191895,8.718330383300781,1.6097697019577026,8.385881423950195,9.990769386291504,6.962398529052734,2.486748456954956,6.74533748626709,5.87209939956665,6.991825103759766,1.457214117050171,6.605697154998779,5.3351149559021,6.009812831878662,-0.5873854160308838,5.70803689956665,19.98289294557857,13.23216373728117,16.24990144165565,15.953933302276386,16.36587005255144,16.241575495080493,47.60427519595349
Silent Solitude.mp3,112.34714673913044,7.0,0.7413147324331765,-13.17848014831543,1.1288291215896606,0.021777933463454247,0.10229410589697527,2188.7549306718797,553.5851215215184,4468.569065032796,1195.9520526433291,-19.22195053100586,-11.51244306564331,-9.296302795410156,100.12567901611328,22.86527442932129,-18.03462791442871,18.980491638183594,20.443483352661133,15.492584228515625,-0.9450231194496155,10.63221549987793,6.437532901763916,9.412750244140625,-0.558832049369812,9.00776195526123,5.028120994567871,7.6710052490234375,1.0818952322006226,8.063823699951172,5.17615270614624,8.64925765991211,0.8726261854171753,7.451931476593018,3.28816819190979,6.993894577026367,-3.1331300735473633,7.330204010009766,18.825372992579158,13.42752293417093,18.03290615288986,17.28310521530515,17.34122913477564,17.120438387814527,47.91992335357043
Song of the Dead.mp3,112.34714673913044,3.0,0.627564556157763,-9.872096061706543,1.1870707273483276,0.042850129306316376,0.13640978993737354,2791.9679503181114,594.2265879103046,5599.716775956132,1174.5009095464443,-11.024735260009766,-9.200925827026367,-7.736060333251953,71.48406982421875,17.600526809692383,-8.728156089782715,15.667553901672363,38.92344665527344,13.10566520690918,0.12620408833026886,9.780056953430176,10.628449440002441,8.52042293548584,8.188704490661621,8.906906127929688,4.888341903686523,7.005833625793457,6.21124267578125,7.017406940460205,4.729978561401367,6.723124027252197,-2.4371163845062256,6.2606024742126465,7.454309940338135,6.980075359344482,-4.72382926940918,5.8685622215271,20.087313397244916,14.46307663568746,16.466105689703053,16.588785997696554,16.463379845771495,17.63888861871566,48.95103556358162
Sou「ネロ」MV (TVアニメ「デッドマウント・デスプレイ」オープニングテーマ).mp3,123.046875,7.0,0.7768166374276436,-19.070465087890625,1.2045618295669556,0.08573825657367706,0.10863644626886344,2431.3220073544394,905.0007277124192,5148.7363455415325,1836.7107463405182,-20.696836471557617,-14.313845157623291,-11.695915222167969,77.33944702148438,33.25914001464844,-11.870182991027832,18.85059928894043,22.918935775756836,17.793540954589844,5.34666633605957,8.771294593811035,9.229913711547852,12.953030586242676,-1.998526692390442,8.075148582458496,8.892891883850098,8.825838088989258,1.6012084484100342,7.527881622314453,4.867588043212891,7.18461799621582,2.3460400104522705,6.964974880218506,5.206024169921875,7.424264430999756,-0.15624792873859406,6.493569850921631,20.280066730728773,14.327652381331664,16.86119952022203,16.13301098095785,17.07362511088467,16.599525167765492,47.54008791206092
Shitodo Seiten Daimeiwaku.mp3,117.45383522727273,10.0,0.6495873293329257,-9.594672203063965,1.435696005821228,0.03913060203194618,0.12077913122922543,2363.6343670129763,641.5906178537111,4776.418206693663,1385.3879762353592,-10.40619592666626,-7.485707759857178,-6.31573429107666,89.42227935791016,27.09876823425293,-21.552371978759766,21.41297721862793,24.377840042114258,16.383378982543945,7.77092170715332,11.538544654846191,7.6371989250183105,10.181937217712402,-3.5708696842193604,9.179649353027344,11.95346450805664,8.545572280883789,3.955090045928955,7.526230812072754,0.10810759663581848,7.179497718811035,-5.308709621429443,7.408449649810791,10.313365936279297,6.908268928527832,-3.9329957962036133,7.191604137420654,19.110067225799746,14.20441016906124,17.03887018933251,17.140265223443997,18.19535282330086,17.032807224613602,49.481294451816815
Symbol.mp3,103.359375,9.0,0.7844605393487765,-11.44803237915039,1.2696691751480103,0.043541647493839264,0.10755565665439536,2465.55623766046,635.5576912732831,5284.5937215659515,1323.7989263407649,-12.729797840118408,-9.36954116821289,-7.892985773086548,81.20382690429688,24.205717086791992,-5.68868350982666,15.761385917663574,27.549924850463867,15.050976753234863,3.386064291000366,11.814462661743164,2.980844497680664,9.659669876098633,-1.9697855710983276,7.975925922393799,8.16349983215332,8.8875150680542,0.9667527675628662,8.930027961730957,4.015942096710205,8.764100074768066,-2.08992862701416,7.366591453552246,4.167131423950195,7.202025413513184,-2.6060144901275635,6.836066246032715,20.601472792891673,14.720360841621016,17.705723305951917,17.494207215894562,16.936366197155593,16.29979151982629,48.08863051678361
Stardust Eureka.mp3,151.99908088235293,0.0,0.6605797263559835,-11.085165977478027,1.2435847520828247,0.03628593310713768,0.1242006640741246,2642.6731738425,600.9529449685665,5550.934449997985,1097.8728844724492,-13.18403148651123,-9.420681953430176,-7.637158393859863,77.27664947509766,23.429058074951172,-0.7903879284858704,17.622936248779297,31.968263626098633,16.536354064941406,-3.942613363265991,10.416952133178711,9.604711532592773,9.310742378234863,-0.8936119675636292,8.689175605773926,4.1887664794921875,7.521884918212891,1.049673080444336,7.8266921043396,2.680767297744751,7.321214199066162,-2.4298696517944336,6.798250675201416,2.121689796447754,6.528378486633301,-2.193601131439209,6.971254825592041,18.421910437042637,13.76409269111814,17.249648790446166,17.941931670865554,17.13558774813845,16.088517060940184,48.65466735735625
Snake.mp3,129.19921875,3.0,0.8241572199889589,-14.675941467285156,1.3579257726669312,0.013149368576705456,0.07286367971659552,2016.005312115756,862.199733854986,4492.855204317916,1815.3641401779112,-18.992013931274414,-12.600384712219238,-10.333548736572265,99.90982055664062,31.480451583862305,10.390398025512695,17.123891830444336,28.35298728942871,15.535308837890625,6.142976760864258,11.828141212463379,9.468554496765137,11.328577995300293,2.577378034591675,9.737785339355469,3.0226168632507324,9.932845115661621,1.1861939430236816,9.16135025024414,7.1779465675354,8.624658584594727,-6.849732398986816,8.051152229309082,-1.7403985261917114,8.475564956665039,-5.863408088684082,8.423065185546875,20.167918828687064,18.151150868952072,20.41210163991087,19.860174883577795,19.025782511824534,17.704792206427094,48.768523418628135
Stardom.mp3,117.45383522727273,1.0,0.7597043810096209,-13.248909950256348,1.212560772895813,0.02711586467921734,0.10278079985755939,2262.9829038242615,501.36849975062324,4836.71200778993,1208.5938707458297,-18.084274291992188,-11.837207794189453,-9.62511920928955,99.30209350585938,21.443313598632812,-10.263590812683105,17.778888702392578,19.566011428833008,14.227337837219238,-2.139296293258667,14.111332893371582,7.451085567474365,9.48025131225586,-2.144887924194336,8.759786605834961,5.098954200744629,7.399625301361084,1.777889370918274,7.340538024902344,4.562694072723389,7.679069519042969,1.5154893398284912,6.691754341125488,4.601973056793213,6.791534423828125,-1.171689510345459,6.59466552734375,18.78924352206652,13.569648933964945,15.862866626164847,15.966427235176768,16.430550694636054,15.909730756710507,47.981648684970565
Sing My Pleasure.mp3,117.45383522727273,0.0,0.7293328350758989,-9.844731330871582,1.1449577808380127,0.026085661724209785,0.10541670429007144,2456.823455761924,602.6775478035192,5316.483730699193,1313.8239939813543,-11.309889602661134,-8.797173500061035,-7.432909297943115,85.76834869384766,21.980117797851562,-2.186007022857666,14.228889465332031,28.869659423828125,11.169376373291016,1.3955916166305542,8.096064567565918,7.554572105407715,8.79084587097168,8.032746315002441,7.584854602813721,9.362547874450684,8.017752647399902,5.5204362869262695,7.835567474365234,8.22453498840332,6.43289041519165,-2.4707415103912354,7.027424335479736,7.0723161697387695,6.3450846672058105,-2.3590493202209473,6.7156877517700195,19.67206957993962,14.08243658192454,17.584359076103492,18.650712954343142,17.89694324138109,18.145458421961514,49.04949899687628
Syoushimin Eea.mp3,95.703125,5.0,0.49671706154513556,-12.868330955505371,1.2849030494689941,0.035696957260370255,0.1017827153043444,2505.1243877699394,775.0660830868205,5622.419542856979,1607.8697803625553,-16.299129486083984,-10.367666244506836,-7.900017738342285,83.54010009765625,29.20136070251465,0.24707823991775513,20.1497859954834,23.35639190673828,16.316320419311523,8.76015853881836,12.002140045166016,12.409238815307617,8.748713493347168,1.2235528230667114,8.523276329040527,11.909732818603516,8.206644058227539,2.7728095054626465,7.513845920562744,8.193963050842285,8.666918754577637,-1.3821834325790405,7.602551460266113,5.342850685119629,7.037354946136475,-1.1328880786895752,6.577181339263916,19.285026445546194,14.654441396502106,16.65179866011862,15.81456006941825,16.70404451369382,16.693721904968626,48.441177540060366
TVアニメ「悪役令嬢レベル99」ノンクレジットOP.mp3,143.5546875,1.0,0.6420086102232547,-27.100343704223633,1.4928374290466309,0.07216360419988632,0.15973163025798764,3235.557025377693,839.4233262126838,6571.52745345916,1527.9509981476403,-30.651012420654297,-25.332393646240234,-22.39354133605957,48.42308044433594,25.317167282104492,-4.671253204345703,20.55185317993164,22.403079986572266,16.82237434387207,4.1126627922058105,11.95095157623291,12.740693092346191,12.007027626037598,9.052079200744629,11.279438018798828,6.716446876525879,10.408929824829102,6.539948463439941,10.365038871765137,8.739779472351074,9.065122604370117,-0.9017537832260132,8.914302825927734,5.1298441886901855,8.347461700439453,-2.7423768043518066,9.44351577758789,21.24504727018169,14.796817244757438,17.98320269805419,17.767232727060748,17.7868730744868,17.423360822421454,46.86936838323876
TAIDADA.mp3,143.5546875,10.0,0.8478521120880759,-11.51555061340332,1.524274468421936,0.039955396205186844,0.11482659620570108,2535.3668638744994,823.2441565362254,5439.13890962057,1718.417940211747,-14.00470428466797,-9.747566223144531,-7.916642189025879,79.52253723144531,27.998056411743164,5.45722770690918,20.214632034301758,28.9105281829834,15.114147186279297,8.868569374084473,11.487446784973145,11.041090965270996,11.245208740234375,5.479106903076172,8.922785758972168,1.9052554368972778,8.918334007263184,4.313823223114014,9.194945335388184,3.6527674198150635,8.21237850189209,-2.4480650424957275,8.275362014770508,0.8501003384590149,7.821417331695557,0.23165130615234375,7.89481782913208,17.556746090213995,14.238299826620096,17.76499425971577,17.751118162330794,18.324410006407767,17.05339844511396,46.835106264400046
THE SIXTH LIE - Shadow is the Light(Audio).mp3,123.046875,11.0,0.6669977885060422,-9.73905086517334,1.1450245380401611,0.054278139024972916,0.14191047724347064,3133.909588410011,740.8567684657503,6742.551365176107,1160.1511717652163,-12.644057846069336,-8.422646522521973,-6.55550479888916,60.33709716796875,24.228784561157227,6.116476535797119,16.079059600830078,26.522716522216797,12.882828712463379,10.935236930847168,10.564233779907227,11.691739082336426,9.186073303222656,4.401726722717285,7.3481221199035645,10.736811637878418,7.270630836486816,5.009009838104248,6.540438652038574,7.225848197937012,6.879075527191162,-0.7108635306358337,5.550878524780273,4.361754894256592,6.597673416137695,-2.3128740787506104,5.5368852615356445,16.90798118785556,13.890365036523367,15.642505949157401,16.23904879869142,15.981399300911548,15.654805365960708,47.534993629945276
THE HERO !!： Ikareru Kobushi ni Hi o Tsukero.mp3,129.19921875,2.0,0.8044725701556396,-12.349526405334473,1.083296775817871,0.05149155110120773,0.13438863081476146,2756.749421391861,562.8281372694275,5543.553821385593,1079.2799894472453,-13.916778755187988,-9.629014492034912,-8.275757312774658,63.42098617553711,20.348234176635742,-15.543848991394043,17.95899200439453,36.6455192565918,16.48855209350586,5.508552074432373,11.195453643798828,15.152993202209473,10.8847017288208,1.923983097076416,10.28343391418457,11.827801704406738,8.065325736999512,2.29221510887146,7.525905609130859,3.4504804611206055,7.6571760177612305,2.527371406555176,7.063782215118408,7.061399459838867,6.824252128601074,-0.0007007507374510169,6.580132484436035,18.212507366960576,12.543718411650408,15.542878463133022,15.744615041311635,15.89057344268935,15.96795663022825,48.46072783134502
THE ORAL CIGARETTES「MACHINEGUN」Music Video - Scarlet Nexus Season2 opening theme song.mp3,123.046875,7.0,0.6844600789414023,-11.796754837036133,1.140560507774353,0.05354570969939232,0.15418421054798673,2955.3252559593293,551.1229172140677,5939.3383837957535,1018.048321298359,-13.071401596069336,-10.265153884887695,-8.499987602233887,58.67456817626953,19.798927307128906,-8.994132995605469,15.231366157531738,38.85154724121094,11.71703815460205,3.560727834701538,9.869099617004395,13.847408294677734,8.56682014465332,3.0837349891662598,8.270731925964355,14.195008277893066,6.889101982116699,6.378220081329346,8.097789764404297,5.205972194671631,7.147543907165527,-2.3436195850372314,6.827270030975342,3.2672712802886963,7.5963897705078125,-1.643295407295227,7.272891044616699,18.558100947087112,13.897037082460374,16.028674649449222,16.552249198686333,16.76684501379131,16.53031248682015,49.144115507314325
THE GREATEST LIVING SHOW.mp3,123.046875,1.0,0.7067220378425451,-17.60295295715332,1.1876335144042969,0.016088446602225304,0.10064665406897205,2153.5384073735877,718.3475882984086,4334.745461508408,1551.9477633056008,-25.404666709899903,-15.09373950958252,-10.877329254150387,97.29000854492188,34.47162628173828,-18.621326446533203,19.88452911376953,8.232648849487305,20.65719985961914,5.455131530761719,13.914319038391113,4.313868045806885,14.706668853759766,5.538651466369629,9.715853691101074,3.0954082012176514,15.09664535522461,-3.7118635177612305,8.913640022277832,2.7648820877075195,9.304891586303711,-4.535524368286133,10.356947898864746,-0.8391500115394592,9.699275016784668,0.735224187374115,9.910882949829102,18.96798927488204,15.036968960120182,18.7898077060982,18.91569296679259,19.168438808921703,19.311365153490076,47.824488762964
THE ORAL CIGARETTES「UNDER and OVER」Music Video.mp3,117.45383522727273,5.0,0.5955648731445827,-11.39277458190918,1.3454169034957886,0.04825213924050331,0.1382257468604734,2787.9681953212003,812.6156269205004,5773.482585299367,1599.5794209270784,-14.65364933013916,-10.269679069519043,-7.0417160987854,69.70274353027344,34.87177276611328,-8.994526863098145,17.008878707885742,30.510038375854492,15.142182350158691,12.591428756713867,9.590829849243164,11.125236511230469,8.710160255432129,2.6732146739959717,9.011109352111816,9.649625778198242,7.713598251342773,3.788456916809082,8.103706359863281,6.884223461151123,7.719141006469727,-1.416439414024353,7.531143665313721,-0.36760640144348145,6.21442985534668,-1.0405778884887695,6.540247440338135,19.60897137420794,14.569450786537253,16.899157996502684,16.18427993802075,16.88310249929143,16.661324609607718,47.47976953221166
TOXIC BOY.mp3,117.45383522727273,0.0,0.4211136492576657,-9.160857200622559,1.5292651653289795,0.025906769558787346,0.10949450003366468,2372.1984841317126,639.2164237969588,5011.791344238138,1396.161030966045,-12.517451286315918,-7.947265625,-6.313916206359863,89.00373077392578,26.097576141357422,-10.15320110321045,20.933452606201172,20.0584716796875,16.352659225463867,4.674404144287109,13.217597961425781,10.877437591552734,9.532258033752441,2.1943318843841553,9.705376625061035,5.683359146118164,8.799128532409668,1.1338542699813843,9.526287078857422,6.065056800842285,8.073246002197266,0.9911298155784607,7.908082485198975,6.063959121704102,7.282349109649658,-2.0528182983398438,7.8791913986206055,18.9097451275926,14.065617492805446,16.843131555814104,17.278519639039988,17.50595767633765,17.118699655459586,48.26249208429508
Teto territory.mp3,172.265625,8.0,0.6452118996359489,-11.708921432495117,1.3906993865966797,0.03761235624551773,0.14830861498202355,2859.289117521246,629.6148062306868,6111.419795920444,1188.58477911093,-13.85649299621582,-10.25661563873291,-8.070261001586914,69.4128189086914,24.608501434326172,-0.00795371551066637,21.714839935302734,10.571651458740234,20.274288177490234,-9.818315505981445,14.186599731445312,14.974449157714844,14.821754455566406,-3.138939380645752,11.25703239440918,1.8204329013824463,10.344273567199707,0.5590630769729614,9.793463706970215,9.734872817993164,9.300811767578125,-2.018172025680542,8.199678421020508,2.8143279552459717,8.282502174377441,-5.414007663726807,8.767975807189941,16.521253368331017,14.303613023514163,18.445901477931226,20.155103526608233,21.978305843160843,18.754425670907498,50.4338391303874
TATTOO.mp3,95.703125,11.0,0.7989343305673026,-13.044940948486328,1.3642213344573975,0.029704676941037178,0.09164729754744923,2270.773497157914,652.8525865806324,5128.804455873353,1520.5450690245455,-15.922901058197022,-11.764031410217285,-7.73017587661743,91.00698852539062,27.049671173095703,0.1925879567861557,16.611373901367188,21.908828735351562,14.487141609191895,10.366652488708496,11.483657836914062,13.754127502441406,9.922248840332031,2.5390641689300537,9.23593521118164,8.205643653869629,8.21174144744873,0.2806205749511719,8.496824264526367,5.264030933380127,8.191376686096191,-2.935861349105835,7.635098934173584,0.7626066207885742,7.24108362197876,-4.659765720367432,6.876570701599121,21.04948093050626,14.02845484660251,17.834189912545604,18.63983570654822,18.677911763244925,17.50249186236843,48.24835154166068
Thanatophobia.mp3,112.34714673913044,2.0,0.4860083350220754,-14.938477516174316,1.618974208831787,0.030911892652511597,0.0941783406610269,2296.5819298629294,909.7568949438033,4818.73343294243,1879.199062687474,-24.201847076416016,-11.791362762451172,-8.175130748748778,86.23216247558594,35.278682708740234,-9.881919860839844,25.84491729736328,25.388566970825195,20.575077056884766,12.776989936828613,16.102018356323242,3.4667000770568848,15.523994445800781,2.9880475997924805,12.375773429870605,9.043676376342773,11.323214530944824,-6.170795917510986,12.47015380859375,7.295452117919922,9.910849571228027,-0.46089643239974976,10.295251846313477,0.5586237907409668,9.44112491607666,-0.47285082936286926,7.907675266265869,21.37624440854919,15.698518622417149,18.04806300412716,17.027634405201283,17.81395450200317,19.273052242064093,48.42451247198997
TIT FOR TAT.mp3,117.45383522727273,0.0,0.521955949452566,-12.536491394042969,1.173622488975525,0.03196745365858078,0.11785935442109674,2653.4409024946326,590.850821495685,5625.659663759428,1160.5037621780666,-14.697501945495604,-11.0910964012146,-7.944231748580932,70.10880279541016,23.7580509185791,-6.331644535064697,20.029951095581055,35.99967956542969,14.85200023651123,4.075657844543457,10.985239028930664,19.726505279541016,9.641801834106445,5.668176174163818,9.049613952636719,13.282051086425781,8.166114807128906,4.915432929992676,6.628986358642578,9.65777587890625,7.230715751647949,-1.505884051322937,5.969249725341797,7.662419319152832,6.991155624389648,0.18371327221393585,6.778639793395996,18.018624303356344,13.11876210873255,15.356755292120722,15.939258673905242,15.672613878298264,15.826348761266004,50.077743660874056
TuNGSTeN.mp3,95.703125,4.0,0.7358454917999615,-10.361833572387695,1.3976686000823975,0.028311850503087044,0.0699199691916218,2108.230469045431,962.4073233830957,4859.345492828903,2335.7944848186366,-14.863695621490477,-8.417925357818604,-6.498864936828613,100.50435638427734,37.88300704956055,20.985422134399414,21.98396110534668,25.548498153686523,14.182665824890137,12.740035057067871,9.86114501953125,9.856176376342773,9.016115188598633,8.552465438842773,9.334317207336426,7.77078914642334,8.080662727355957,2.362835168838501,6.752340793609619,7.297266483306885,7.3829755783081055,-4.171686172485352,7.3355183601379395,5.472624778747559,6.127825736999512,-2.2031943798065186,6.663604736328125,19.349995043509384,13.941196159837485,15.791486452645103,16.68632226078175,16.75743733560387,17.07438480053182,47.099967277629524
True Peak.mp3,117.45383522727273,1.0,0.542812814960896,-15.188464164733887,1.2216217517852783,0.02458641119301319,0.10393629979043112,2544.987134623109,534.7849923043882,5116.574436382656,1110.218556564132,-16.472980499267578,-13.880532264709473,-12.735715675354005,73.98751068115234,21.508377075195312,-20.1563777923584,19.316303253173828,42.77438735961914,13.00732421875,5.499716758728027,10.162109375,11.522318840026855,9.973695755004883,6.365555286407471,8.164387702941895,10.423338890075684,8.200446128845215,7.076225757598877,7.024918079376221,11.101115226745605,7.181416988372803,0.5329055190086365,6.7993597984313965,10.643714904785156,6.521445274353027,2.8070454597473145,6.256545543670654,20.624475968266403,12.414870834378549,15.837228929747798,16.686764546246025,16.32678597912202,17.989959356312944,49.692519540288714
The WORLD is Mine.mp3,143.5546875,2.0,0.6263367439975551,-13.387741088867188,1.5474512577056885,0.04722334444522858,0.10050844479924602,2641.572530757433,970.0117174779045,5863.471001562006,1821.278672819126,-20.625092697143554,-9.439687728881836,-6.472016906738281,67.01256561279297,30.293180465698242,6.208911895751953,24.156131744384766,25.76148223876953,16.197999954223633,14.439058303833008,15.524147987365723,16.726272583007812,11.826651573181152,6.173073768615723,10.575104713439941,10.482956886291504,9.009297370910645,0.77374267578125,9.599893569946289,2.7230114936828613,11.20198917388916,-0.4023098051548004,8.78384780883789,1.7422972917556763,8.561835289001465,2.7528018951416016,9.571803092956543,21.144501066285933,15.210767528403824,18.460745137165453,17.900865372613673,17.92694057944394,17.341648280769743,46.28396236576648
Tamamono.mp3,112.34714673913044,2.0,0.7877945024749129,-10.11316204071045,1.2932851314544678,0.03752095252275467,0.12422832935967303,2755.5628039180124,815.9712347346258,6067.080070690039,1626.804652549483,-13.434759712219238,-8.00126600265503,-6.405571222305298,76.86809539794922,26.793291091918945,2.6112172603607178,17.893205642700195,13.496145248413086,16.03510093688965,2.031074285507202,12.947785377502441,-0.30023226141929626,12.20075798034668,-2.8649303913116455,11.160722732543945,3.859006643295288,9.644668579101562,-2.206369161605835,9.236479759216309,2.970858097076416,8.154996871948242,-2.76997709274292,7.947950839996338,3.7791950702667236,7.525076389312744,-2.568504571914673,7.604968070983887,17.525033942469513,16.024156723015555,19.180111522464514,19.340202576855145,19.013019198452955,17.975316182035833,48.63239359898212
Toppako.mp3,103.359375,10.0,0.8035609574691844,-11.360976219177246,1.0564674139022827,0.04644777998328209,0.1200513633118287,2358.201872922542,680.2312780946561,4747.447990446648,1443.87818085503,-14.930674076080322,-8.14444637298584,-6.349133729934692,83.70046997070312,26.731735229492188,-17.78738021850586,21.779769897460938,23.44723129272461,12.824191093444824,1.776039481163025,10.166390419006348,1.1943172216415405,9.495429039001465,-0.5053049325942993,8.391217231750488,6.309738636016846,6.833918571472168,-1.930323600769043,7.367008209228516,3.1019482612609863,6.862942218780518,-0.8450637459754944,6.410563945770264,4.098082065582275,6.6842942237854,-3.874974489212036,6.421414375305176,18.112849695157195,14.680254543509548,17.11649552970581,17.960259525266714,16.929322671688258,17.315229104896638,47.46916832958788
This game.mp3,143.5546875,2.0,0.9088285415416221,-12.17944049835205,1.1107345819473267,0.036569733172655106,0.11039044334359957,2350.3510875635166,752.8859670963952,4849.176502935822,1633.2860305743397,-19.550822448730468,-9.262365341186523,-8.039327812194824,89.82360076904297,34.0735969543457,-9.986645698547363,16.889514923095703,26.544153213500977,14.363909721374512,4.059491157531738,9.777928352355957,5.917998790740967,11.176748275756836,0.31629088521003723,8.899138450622559,-0.8038961887359619,8.688870429992676,2.818552255630493,9.121345520019531,2.710984706878662,8.837227821350098,-4.116536617279053,8.516042709350586,4.79899787902832,8.262232780456543,-2.3001222610473633,8.13704776763916,19.373610966505343,15.100335947481705,19.104168335578873,18.948887630089477,18.956217352987686,18.653777502511325,47.66039447087591
Tiny Light.mp3,112.34714673913044,1.0,0.8651985579544401,-14.007664680480957,1.1824235916137695,0.03324364870786667,0.10709120820858284,2605.042658671486,741.2691171671737,5747.854901525075,1670.4796560723396,-20.76893844604492,-10.659927368164062,-8.56409969329834,75.98519134521484,25.401662826538086,5.703822135925293,15.238885879516602,22.396648406982422,18.78826332092285,5.990999221801758,12.019461631774902,4.756446838378906,13.8007173538208,7.178816318511963,9.582093238830566,-2.892019748687744,15.73436450958252,6.047146320343018,11.236286163330078,3.195456027984619,10.793596267700195,-4.139613151550293,9.590127944946289,4.612043380737305,9.00009536743164,-6.580833911895752,9.85796070098877,19.546584247096824,16.057255795661938,20.17370691680017,20.39270318934379,19.313894990103616,19.612390218198527,47.6453278539061
Tsuukaku (sense of pain).mp3,103.359375,4.0,0.7992309826097971,-12.10732650756836,1.293503999710083,0.03264768794178963,0.10599863538439194,2464.813667504852,698.243017394414,5430.452732408259,1530.4735043639012,-15.47756290435791,-10.351160049438477,-7.526266479492187,86.33401489257812,30.101072311401367,-4.680295944213867,21.49506187438965,26.406179428100586,17.297157287597656,-0.03479790687561035,13.290427207946777,9.220422744750977,12.674079895019531,-0.3270684778690338,10.553618431091309,10.326918601989746,9.621635437011719,-6.13653564453125,11.409996032714844,7.888134002685547,10.693923950195312,-0.7397131323814392,8.704503059387207,1.6891369819641113,9.520865440368652,1.5018134117126465,8.667688369750977,18.72334600608982,15.865015354093888,18.602266731846157,18.160758457596454,17.742235232505777,17.78208460540121,48.661378749855274
UVERworld 『ODD FUTURE』.mp3,129.19921875,9.0,0.8472456859087047,-17.243131637573242,1.3230533599853516,0.06517482548952103,0.11736810054704043,2713.956012579126,893.192253825956,5818.942646327802,1792.8553226300182,-24.254618835449218,-13.41889476776123,-8.766152954101562,66.39423370361328,28.99666976928711,-5.474720478057861,19.916790008544922,20.175792694091797,17.683168411254883,8.533897399902344,12.885089874267578,8.801555633544922,12.306051254272461,7.9713945388793945,10.353289604187012,7.401155471801758,9.715877532958984,1.5090298652648926,9.611770629882812,8.898761749267578,8.953363418579102,-0.22825555503368378,8.431524276733398,5.872349739074707,8.298700332641602,-0.4997267723083496,7.579472541809082,19.575025268307282,15.112121179883989,18.140514082561317,17.74985846102274,17.53363419998865,17.552135747543755,46.44335596740625
Uchiagehanabi.mp3,95.703125,7.0,0.8801361536757554,-18.197431564331055,1.1043615341186523,0.029142266139388084,0.09604795085667282,2175.0651240515353,894.2859032080438,4621.089155587308,2064.5008620467083,-30.731040954589844,-14.333145141601562,-8.39367961883545,93.73198699951172,34.266334533691406,1.8187470436096191,19.172998428344727,17.121723175048828,17.582366943359375,0.4130394756793976,12.341081619262695,-2.7412288188934326,13.040836334228516,-4.654472351074219,10.044323921203613,-3.2419593334198,15.92404556274414,-2.882268190383911,12.133432388305664,-1.6905754804611206,12.675829887390137,-6.086803913116455,8.977619171142578,-3.23427152633667,10.184853553771973,-6.644052982330322,8.678776741027832,21.149050143786138,16.59736721018515,20.317741446615972,20.548465747197184,20.52678631494044,18.94072861478704,46.1409910439059
Underdog.mp3,161.4990234375,2.0,0.4694744921724367,-11.8409423828125,1.7099076509475708,0.03460792824625969,0.12381671519248053,2498.439958907968,888.040555552787,4953.795305712627,1716.8388463485785,-16.9494140625,-8.738828659057617,-5.620284557342529,76.89566802978516,32.57217788696289,-16.230554580688477,26.019350051879883,35.659645080566406,19.535486221313477,12.75780963897705,13.854755401611328,3.144026041030884,12.997647285461426,4.038668155670166,13.5260009765625,4.06273889541626,12.010903358459473,2.6148245334625244,10.903688430786133,7.541767597198486,11.938525199890137,-1.097127914428711,9.103404998779297,0.5176464915275574,10.012738227844238,1.507053256034851,9.11111068725586,19.41281581713914,14.393833533344544,18.02428345991738,17.587583281304088,19.0761771936918,20.1098082750864,47.469957328388716
Vigilante.mp3,129.19921875,8.0,0.8409224018439879,-16.204004287719727,1.1353023052215576,0.03429174795746803,0.11081377855575632,2730.47311012778,564.9670572694415,6021.372834118482,963.065644537587,-23.448811721801757,-13.088845252990723,-9.747641372680665,70.96028137207031,22.674623489379883,3.667050838470459,15.342950820922852,26.59996795654297,12.091386795043945,2.072134256362915,9.111174583435059,16.174617767333984,7.418707847595215,5.3940911293029785,7.581009864807129,11.030447006225586,6.41463565826416,3.8994574546813965,7.207308292388916,11.122909545898438,6.262680530548096,4.319937229156494,6.557768821716309,6.4260573387146,5.985235214233398,0.7525985836982727,5.41733980178833,19.330970158423508,12.773135731844816,16.679054964171765,17.031281490675763,16.543572187533684,15.894702823066881,48.05917335764429
Wanna be.mp3,143.5546875,7.0,0.5962943673742335,-7.416868686676025,1.2564866542816162,0.05605502426624298,0.1355199446622089,3070.3782858728605,592.5873701694198,6621.059037222411,1135.8198863952089,-8.757163333892823,-6.0318922996521,-4.490879392623902,64.05604553222656,22.04210090637207,-2.727447748184204,18.042316436767578,16.975101470947266,14.47281265258789,6.392739295959473,10.801448822021484,11.923444747924805,8.94552230834961,4.251843452453613,8.892158508300781,6.603295803070068,7.519784927368164,1.820426106452942,8.292667388916016,4.341352462768555,8.437403678894043,1.431173324584961,7.064586162567139,4.025390625,7.1413164138793945,-0.36249884963035583,6.754182815551758,18.189775920534963,12.7666645071408,15.639880810451558,16.184656786754687,16.585964227186786,15.89838278970442,46.76002488126941
When The Weak Go Marching In.mp3,161.4990234375,10.0,0.8083225651027838,-12.535202026367188,1.2903969287872314,0.031783681362867355,0.09811532111252612,2323.3544866663124,890.6017921425587,4874.185094564313,1970.8067459041868,-16.208267211914062,-10.908844947814941,-6.719073057174683,92.1785888671875,40.02579879760742,-16.214696884155273,33.531558990478516,21.392654418945312,16.621694564819336,11.265267372131348,17.073686599731445,2.7502570152282715,15.647895812988281,4.75111722946167,11.030782699584961,11.39162826538086,10.414801597595215,-2.7471330165863037,12.221059799194336,11.646188735961914,9.159066200256348,4.53200101852417,8.021321296691895,4.269758701324463,8.378527641296387,4.794337749481201,7.740339756011963,21.575832373673173,14.177938585837655,17.77979931589613,17.124958421382814,17.44599594705854,19.308235869564985,48.56189185615718
VORACITY.mp3,99.38401442307692,5.0,0.6126332668128469,-14.050665855407715,1.3613208532333374,0.031543079763650894,0.13200549190865093,2534.63406463164,682.2762943840083,5056.022364344657,1385.2937971114325,-20.35361270904541,-10.848626136779785,-9.422574901580811,79.61002349853516,26.711864471435547,-25.58995246887207,22.547245025634766,20.16845703125,15.871928215026855,11.285919189453125,12.195881843566895,14.247674942016602,12.744924545288086,7.178199291229248,9.142548561096191,3.8671717643737793,11.319185256958008,5.03193998336792,8.365052223205566,4.094915866851807,9.002280235290527,-2.6502060890197754,7.802255630493164,5.475620269775391,7.757213115692139,-2.3394899368286133,8.554909706115723,17.650075207011206,13.938362616793357,17.051346369647998,16.650037873498487,18.074597555401326,18.016460928584944,48.24136887017052
Unbelievers.mp3,135.99917763157896,7.0,0.7396149701909054,-9.011052131652832,1.2720943689346313,0.022993043065071106,0.08759263837160387,2100.691437121971,599.3645302279681,4435.189411282628,1449.2726305868132,-12.094670486450195,-8.067583084106445,-6.43465461730957,106.6375503540039,27.739498138427734,-14.06092643737793,14.111445426940918,7.683669090270996,12.125809669494629,4.815588474273682,9.519400596618652,13.455288887023926,9.06342601776123,5.355411529541016,7.424023151397705,8.56330680847168,6.995510101318359,4.799456596374512,6.43141508102417,7.757232666015625,5.595664978027344,2.1507630348205566,6.434152126312256,5.610033988952637,6.149476051330566,0.46321749687194824,6.325263500213623,20.114879766729565,13.2022929231716,16.6933002140178,17.523408270045522,18.20518029204842,16.594700968083146,48.0443032954419
Velvet.mp3,143.5546875,11.0,0.8308228153800526,-12.334370613098145,1.2539492845535278,0.027379261329770088,0.13117691169669773,2550.914772223755,699.5801060865582,5113.131567509934,1388.8774463160705,-16.374959182739257,-10.628198623657227,-8.569181060791015,79.92084503173828,30.361881256103516,-18.609987258911133,18.681486129760742,27.392436981201172,17.26603126525879,8.157059669494629,13.13676929473877,0.8476704359054565,11.509479522705078,-2.7353689670562744,11.425158500671387,8.990288734436035,8.748007774353027,-5.45857572555542,13.202703475952148,5.897485733032227,12.140243530273438,-1.1831703186035156,9.088628768920898,-3.3744957447052,8.911199569702148,2.358311653137207,8.033758163452148,19.565526388529076,15.787827255840842,20.010255376383878,19.191155979061808,18.95747491458476,19.719023138159145,48.780845355469324
Wendy -It's You-.mp3,117.45383522727273,4.0,0.8138444590599884,-14.171147346496582,1.2335960865020752,0.04921850562095642,0.12045342800951335,2499.114847683507,708.5226648781047,5068.205333253293,1351.9360687661765,-18.969310760498047,-10.351719856262207,-7.945924758911133,75.95011901855469,26.756614685058594,-13.446891784667969,20.741554260253906,31.016128540039062,20.145063400268555,1.3057780265808105,12.435643196105957,4.739767074584961,10.563690185546875,0.6509081721305847,9.362787246704102,7.542897701263428,8.595694541931152,0.07913991808891296,8.72023868560791,7.2304463386535645,9.477277755737305,-2.116806745529175,7.779834270477295,4.310532093048096,7.596372604370117,-4.164555072784424,7.20256233215332,19.657669476437633,14.883152170920209,17.17190402938379,17.508459368830813,16.77652756817928,17.520858756806756,48.326130298792705
Welcome トゥ 混沌.mp3,92.28515625,5.0,0.6489627064487236,-12.585356712341309,1.1287094354629517,0.0417751707136631,0.1342377196485623,2702.2350406985006,574.0427718212741,5563.543322870906,1118.6871398144428,-14.8305495262146,-9.912465572357178,-8.510921955108643,71.80716705322266,19.603172302246094,-11.911515235900879,16.790067672729492,34.518638610839844,14.073719024658203,0.8701702356338501,12.171441078186035,14.51906967163086,9.975994110107422,-1.1204591989517212,8.304056167602539,8.797250747680664,7.011919021606445,0.07309328019618988,6.618725776672363,3.9309988021850586,7.536057472229004,-1.192987322807312,6.740614414215088,1.3847875595092773,6.64333963394165,-1.6147054433822632,6.825778961181641,17.709665089676704,13.871882993408345,16.13090000414552,17.08377051214859,17.234358214345892,15.884070544143926,49.56978067781839
WHEELER-DEALER.mp3,89.10290948275862,9.0,0.8270087122435547,-16.97597885131836,1.1713041067123413,0.032486189156770706,0.11173178921018305,2522.3720080805238,505.3421558656111,5230.821353715599,1130.6278144951552,-21.58615493774414,-15.420906066894531,-13.299232482910156,83.78266143798828,22.00985336303711,-15.985570907592773,18.21703338623047,24.56171417236328,11.248684883117676,2.3375961780548096,10.241851806640625,6.52963399887085,9.194551467895508,4.695051670074463,9.003199577331543,8.418390274047852,7.456287384033203,0.7396016120910645,7.968291759490967,8.486473083496094,6.859871864318848,1.4802137613296509,6.731738090515137,6.5441179275512695,6.4863739013671875,3.1284451484680176,6.201940059661865,19.790116470876285,12.784618172033795,15.606940975569687,16.015205763246694,16.01334165550302,17.142363589181397,48.27335597575918
We hog us.mp3,89.10290948275862,3.0,0.8603407018210644,-11.685802459716797,1.372145414352417,0.029683152213692665,0.10571711733236663,2461.0061809477106,806.7830130813711,5193.265863926971,1619.6658396932228,-15.050138092041015,-9.347187995910645,-6.887192249298094,80.94458770751953,32.79291534423828,1.9994032382965088,19.943248748779297,33.477447509765625,15.088560104370117,3.105041980743408,12.286303520202637,12.483184814453125,10.069114685058594,1.893841028213501,9.171876907348633,2.49092173576355,9.111963272094727,3.167095422744751,8.756572723388672,2.7612428665161133,7.935558795928955,-4.1373467445373535,7.598209381103516,3.4182584285736084,7.53427267074585,-3.859999895095825,7.712632656097412,19.80363103897346,15.699425991918057,19.066929789707476,19.13868083832378,18.346481559217086,17.591435281813784,48.72630822917957
Wind.mp3,117.45383522727273,10.0,0.8624201708985225,-15.627256393432617,1.2008470296859741,0.01417686976492405,0.07261160009472688,1624.471945761714,873.4685702471232,3237.015419018393,1964.7152243280277,-23.716270446777344,-11.649130821228027,-9.520223617553711,126.77386474609375,39.34492111206055,3.0301153659820557,20.092300415039062,8.472683906555176,14.922099113464355,2.8325273990631104,12.491748809814453,6.047692775726318,12.624662399291992,0.7446572780609131,10.995712280273438,2.6658430099487305,9.634391784667969,-6.055160999298096,10.165228843688965,2.3526413440704346,8.63560676574707,-1.6024150848388672,7.848686695098877,1.452088713645935,8.015989303588867,0.6735283136367798,8.430754661560059,17.745071091378286,17.634463067683775,21.058471337977792,20.823891861713697,21.298506378796706,20.355852359603606,46.90317093186275
YOASOBI「怪物」Official Music Video　(YOASOBI - Monster).mp3,112.34714673913044,8.0,0.43853360840200534,-12.441492080688477,1.3709185123443604,0.03637734800577164,0.11039234334926963,2493.937129302044,751.2220604812153,5142.353650653713,1510.6626556271954,-14.485544776916504,-9.896893501281738,-7.255788278579712,76.50074768066406,27.963130950927734,-11.520925521850586,23.508867263793945,25.612897872924805,17.55602264404297,4.589435577392578,12.18250560760498,6.9432454109191895,13.549158096313477,6.540738582611084,10.094417572021484,3.239917039871216,12.825960159301758,5.1203532218933105,8.90820026397705,3.492095708847046,10.917828559875488,-2.021319627761841,8.951034545898438,1.0917139053344727,9.51529598236084,-1.6653932332992554,8.664225578308105,20.005888115948004,15.880562083843921,17.88827444752275,18.495697394294506,18.229988552665755,18.527464426681156,47.02687951240078
YOASOBI「アイドル」 Official Music Video.mp3,161.4990234375,5.0,0.36716603299726186,-15.698318481445312,1.4010642766952515,0.10039709508419037,0.13191181090279205,2792.020907253045,1060.9666191838228,5736.481629296714,1975.5145929466723,-19.531518363952635,-10.050192832946777,-7.5882665634155275,59.79315948486328,30.28179931640625,-6.305271625518799,21.7179012298584,19.698928833007812,17.063024520874023,-0.7258055210113525,12.287470817565918,6.406246185302734,13.866034507751465,3.6584932804107666,9.741272926330566,3.0345282554626465,12.10964298248291,1.211408257484436,9.09490966796875,3.967613935470581,10.360980987548828,-0.34054669737815857,9.46316909790039,3.8687164783477783,9.582194328308105,0.5265434384346008,8.6212158203125,18.99151639011525,14.359263704863558,17.394122393986365,17.36811008241035,17.116524031712697,17.01039540682426,45.42884400880862
YOASOBI「勇者」 Official Music Video／TVアニメ『葬送のフリーレン』オープニングテーマ.mp3,103.359375,10.0,0.7011125885298591,-15.694747924804688,1.3671717643737793,0.07536648958921432,0.10348339521452145,2447.7243204327606,929.626406166991,5129.108755854707,1887.7430169888496,-22.503738784790038,-10.198043823242188,-7.495254230499267,73.82720184326172,35.18244171142578,-10.547146797180176,30.239423751831055,21.1855411529541,16.79668426513672,-0.7444332838058472,14.968009948730469,8.948326110839844,13.845467567443848,4.162234306335449,10.027281761169434,4.9313788414001465,11.723636627197266,3.798384189605713,8.242130279541016,4.426474571228027,9.402267456054688,-0.9842512011528015,8.705700874328613,2.5559451580047607,9.532089233398438,0.3057611584663391,8.840932846069336,19.770004952859153,15.036470505938366,18.23986522127925,18.27113213167751,17.967549403140815,17.211944658936147,46.142100068197955
We'll be alright.mp3,129.19921875,0.0,0.8449362950781554,-14.451565742492676,1.0988365411758423,0.023577986285090446,0.11324688019606485,2244.6507895873,643.4648257257587,4564.811557063076,1330.1526381899416,-22.138553619384766,-11.529858112335205,-9.465195178985596,89.85922241210938,24.94839096069336,-18.26130485534668,19.718734741210938,27.21834373474121,14.546052932739258,-3.6804139614105225,12.03657054901123,3.164442539215088,12.333627700805664,-6.9344964027404785,9.715609550476074,5.065497875213623,9.313879013061523,-7.871667385101318,8.808049201965332,1.9609869718551636,8.421854972839355,-7.579119682312012,7.715466022491455,1.5046613216400146,7.510910511016846,-1.7408093214035034,7.545752048492432,20.917325176903212,16.53121703034618,20.601860329050705,20.627643302085488,19.901215219182813,19.186924111590393,50.99082679222772
Yodaka.mp3,95.703125,5.0,0.7659632831274278,-12.969708442687988,1.28044593334198,0.03381254896521568,0.1039817532788687,2497.263808314991,810.3762711415803,5620.347773025352,1976.1375942969062,-17.607430458068848,-11.287505149841309,-7.942302799224853,86.67601776123047,35.440574645996094,-0.6791785359382629,24.33894920349121,8.379499435424805,19.3279972076416,5.209208011627197,19.457468032836914,10.60700798034668,15.388627052307129,-0.43829673528671265,15.072739601135254,2.579127550125122,12.748806953430176,-2.5328831672668457,11.114020347595215,1.2966501712799072,10.264498710632324,-3.564087390899658,10.011712074279785,2.7926177978515625,8.672286033630371,-3.8632290363311768,10.205751419067383,19.402993448711513,14.765724997957483,17.826730826672488,18.002719697604753,18.42282015735607,16.82116639135524,47.52328368623395
Yoake no uta.mp3,151.99908088235293,1.0,0.9046495708771362,-12.683460235595703,1.1913352012634277,0.01965797133743763,0.0769006334876992,1921.906616128981,588.7403527098195,4107.241210369533,1376.7310841402086,-17.553813934326172,-10.938061714172363,-7.5309093475341795,109.42086029052734,31.393714904785156,-5.278645992279053,23.66806983947754,22.038007736206055,15.444231033325195,-1.9337244033813477,11.200959205627441,7.59050989151001,10.58100414276123,1.3473536968231201,9.441719055175781,3.215233087539673,9.27258586883545,-0.8458558917045593,9.313024520874023,3.466318130493164,7.6982645988464355,1.7821781635284424,7.289039611816406,4.8700127601623535,7.1204447746276855,-0.934691846370697,7.663334369659424,18.901503145597623,14.910796307143828,18.569365287293216,18.80004286287867,18.318310858945996,17.73925845248841,48.00643224737094
Why？ RED induction.mp3,129.19921875,3.0,0.7741773993962787,-12.22303295135498,1.3057847023010254,0.03737276419997215,0.12201786607603925,2473.471830952654,686.5516787705352,4947.756118833511,1425.2652416084939,-15.10290298461914,-10.28480052947998,-8.270333099365233,84.90916442871094,26.774700164794922,-17.873443603515625,19.93724822998047,25.61842155456543,13.440650939941406,8.592093467712402,10.711052894592285,12.0839262008667,9.370641708374023,7.26513671875,9.6212158203125,4.994880676269531,8.16501522064209,3.176236867904663,7.591630935668945,4.209351539611816,7.112925052642822,-2.410811185836792,6.769021034240723,4.577651500701904,6.720547199249268,-1.9796874523162842,6.603623390197754,18.92403794984335,12.798683403099762,15.260574008239182,16.384753822168694,17.064612711569797,17.462611676640577,46.76223786091047
Yukopi - 強風オールバック (feat.歌愛ユキ).mp3,135.99917763157896,1.0,0.5068228080950817,-17.705171585083008,2.023129463195801,0.048189882189035416,0.14346828074485282,3110.9929410832406,1084.5736042880076,6529.741412830207,1926.207566270205,-23.501954650878908,-15.331564903259277,-10.023128509521484,54.79050064086914,36.905235290527344,10.023714065551758,24.376358032226562,24.44205665588379,16.742977142333984,13.731277465820312,12.581324577331543,16.51105499267578,15.011713027954102,5.190053462982178,12.64897632598877,6.367420196533203,10.997249603271484,-1.3216784000396729,8.4827241897583,2.9417319297790527,8.43757438659668,-6.570446968078613,9.511138916015625,0.5333849787712097,9.203478813171387,-3.252408027648926,8.374593734741211,21.255888582250343,15.367532494718068,17.794655192198487,18.127834280829536,18.22929944386532,17.198571376411817,47.13170650132741
YOASOBI「群青」Official Music Video.mp3,135.99917763157896,10.0,0.7091263432776711,-14.495711326599121,1.380974531173706,0.07862307876348495,0.08747777001217892,2344.178759384361,933.900495652939,5133.940948675542,1950.2561597627541,-16.774931335449217,-8.784077167510986,-6.3597891330718985,77.85261535644531,32.60537338256836,1.849885106086731,20.062999725341797,22.70480728149414,17.683290481567383,5.746288776397705,11.47685718536377,8.788931846618652,12.053768157958984,7.976005554199219,10.1625394821167,0.18165554106235504,9.779281616210938,4.164467811584473,9.311431884765625,0.36218419671058655,8.892967224121094,-3.1533219814300537,8.190871238708496,-0.02194523625075817,8.940999984741211,0.9646230340003967,8.644652366638184,20.04162860696224,15.952189488518073,18.854693605278012,18.500729955464003,18.380152912923492,17.791520670924353,44.482723577636214
canzoni preferite.mp3,107.666015625,10.0,0.5985734391640152,-16.3780460357666,1.509574294090271,0.047391630709171295,0.09124230520716461,2267.419725360934,924.649113252592,5016.036971162996,1926.2371783757303,-18.194256210327147,-14.232271194458008,-10.333983612060546,86.62384033203125,33.648380279541016,2.9484710693359375,21.466899871826172,20.216381072998047,17.65717887878418,8.684123039245605,12.926563262939453,10.078306198120117,11.375844955444336,3.1465280055999756,10.048483848571777,5.950650691986084,9.347596168518066,0.3543910086154938,9.223409652709961,4.669964790344238,8.367815971374512,-1.3271760940551758,9.109780311584473,6.5777082443237305,8.217718124389648,1.670133352279663,9.462393760681152,18.825971973903428,14.051040258151582,18.367190115846768,17.7370032115173,17.926526258300438,17.11702996577548,46.756873927838186
Yoru Wa Nemurerukai？.mp3,129.19921875,1.0,0.7965013830765393,-11.899961471557617,1.206318736076355,0.0392758883535862,0.10436018020929813,2573.1988233393595,637.063589750414,5491.1861842486105,1401.6889778873747,-16.415147018432616,-10.00335693359375,-7.1380537986755375,75.27996063232422,23.00912094116211,-8.20194149017334,21.761703491210938,29.559242248535156,13.971355438232422,6.254537105560303,11.242145538330078,7.785610675811768,8.57947063446045,6.695139408111572,8.346277236938477,11.17978286743164,7.6667890548706055,4.4016900062561035,7.312097072601318,8.14819049835205,7.320733070373535,2.575483560562134,5.867801666259766,8.44736099243164,6.889527797698975,1.6852916479110718,5.820890426635742,19.528424855112107,13.825921325903648,16.387473886185685,16.19878203933222,16.589773676282608,16.805951878312502,47.54830887889466
asphyxia.mp3,107.666015625,0.0,0.8410570561946529,-10.959693908691406,1.1591895818710327,0.036573152989149094,0.13180798197147317,2724.5803134223074,528.5354930197727,5647.076798701514,1085.5483634466596,-13.74869146347046,-9.780022144317627,-8.750001621246337,73.29328918457031,21.022539138793945,-10.387507438659668,14.741254806518555,23.1688232421875,14.91878890991211,-1.2744910717010498,10.761317253112793,3.4750468730926514,10.554342269897461,-3.033386707305908,9.26333236694336,2.2935404777526855,9.351799964904785,-0.9401821494102478,9.513118743896484,1.9359368085861206,8.656888008117676,-2.3923847675323486,8.4566011428833,3.847651243209839,8.599937438964844,-2.5917563438415527,7.929815292358398,18.257040564784983,14.188273291302723,18.932984343643135,18.76854670447558,18.543320159638142,17.174786688676882,48.77119500233015
ZAQ ⧸ Dance In The Game -Lyric video full size- TVアニメ『ようこそ実力至上主義の教室へ 2nd Season』オープニングテーマ.mp3,135.99917763157896,9.0,0.7138386993512578,-16.8557186126709,1.3318594694137573,0.05585126951336861,0.11521597271151084,2570.4234895925306,731.9839450382385,5607.888186831689,1617.5162910692445,-18.417438888549803,-13.692201614379883,-11.951669216156006,73.4920425415039,24.77394676208496,-2.403782844543457,18.431459426879883,27.838727951049805,14.832996368408203,7.881774425506592,10.488934516906738,6.892155647277832,11.039546966552734,6.26762580871582,8.406646728515625,10.272862434387207,8.88067626953125,0.26486653089523315,9.02900218963623,10.297002792358398,8.716504096984863,-3.0356478691101074,7.77261209487915,4.273953914642334,7.238171577453613,-0.9937075972557068,7.493263244628906,19.071500327903898,14.265986857477131,17.52986985455016,18.31777137797593,17.70729658203599,17.676021108940624,47.5577062900091
back shot.mp3,123.046875,7.0,0.6124501211712049,-11.201003074645996,1.4521050453186035,0.04204414784908295,0.11125404392606746,2794.9348979068054,822.3938248416125,6218.068750197385,1605.8219215040149,-14.52483081817627,-10.33424425125122,-6.107156276702881,70.90078735351562,29.033809661865234,4.093644618988037,18.783065795898438,18.292415618896484,16.331134796142578,9.865550994873047,13.420927047729492,10.27634334564209,11.597585678100586,2.6021618843078613,10.464441299438477,7.684577941894531,9.326918601989746,-0.834547221660614,9.461929321289062,5.264800071716309,8.973172187805176,-0.33002379536628723,8.676057815551758,2.9364659786224365,8.078349113464355,-3.0847878456115723,8.064244270324707,20.694619794004655,14.527724070643933,17.522946906872733,17.317165733924377,17.322579044809345,16.511814958776753,47.20123404889757
[Official - The God Of High School - OP FULL] KSUKE - Contradiction feat.Tyler Carter M⧸V.mp3,129.19921875,8.0,0.7322873342876777,-10.08785629272461,1.1636475324630737,0.07188598066568375,0.14955653613314812,3250.7947041050693,618.4178045980645,6725.216006697324,1152.773489462572,-12.953187751770018,-8.349160194396973,-5.939669418334962,55.788368225097656,21.251718521118164,1.6302499771118164,16.717378616333008,18.846378326416016,12.844276428222656,-2.933868408203125,10.232752799987793,15.021756172180176,10.415787696838379,-0.24317094683647156,9.956067085266113,4.655054569244385,10.163888931274414,1.1858985424041748,8.784646987915039,6.322486400604248,7.936741352081299,-2.66491436958313,8.742355346679688,4.829672336578369,8.139914512634277,0.23344123363494873,7.995081901550293,20.086981324744446,13.352397642739234,15.695475111210744,15.810409611760582,16.411994540072577,15.050184683920964,47.71078111804915
Yoiyoi Kokon.mp3,151.99908088235293,8.0,0.7077793038414424,-9.589001655578613,1.3523690700531006,0.05958431214094162,0.15250395903716216,3174.6126969050174,653.163048746766,6768.914874102618,1326.1907842357336,-11.332259941101073,-8.400688648223877,-6.44408311843872,56.49051284790039,21.996118545532227,-16.692726135253906,21.92266082763672,1.502777338027954,16.71860122680664,5.823554039001465,14.627358436584473,11.732192039489746,13.38489818572998,10.387630462646484,10.093301773071289,8.121755599975586,10.376104354858398,7.474974155426025,9.732239723205566,8.269319534301758,9.209550857543945,2.0636682510375977,8.5573148727417,5.844653129577637,8.137310981750488,1.436447262763977,8.012930870056152,19.97596535620299,12.781795434967478,15.968925938451676,16.649135240794987,17.87485670301461,16.656664518114205,46.175667733772926
[HD｜60FPS] Bad Apple!! [Shadow Art PV].mp3,135.99917763157896,6.0,0.37570615019014963,-10.804166793823242,1.1949812173843384,0.04155608266592026,0.10857443985069297,2795.3781219874013,728.6564503129583,6031.294824549368,1407.0323498343585,-12.474331951141357,-8.799143314361572,-7.297759532928467,69.1988525390625,25.342723846435547,-1.7068312168121338,24.467605590820312,21.480356216430664,10.43470287322998,5.4537434577941895,9.810506820678711,10.502354621887207,13.058143615722656,0.8913614749908447,7.692931652069092,11.675466537475586,7.562039852142334,4.5984296798706055,7.959890842437744,4.533277988433838,7.106764316558838,3.676086187362671,6.689091205596924,3.9764790534973145,7.4972076416015625,4.381598949432373,6.361665725708008,20.82367513480475,13.098615929984183,15.415375958184816,16.308476468833835,16.407660251799342,16.70637103914335,47.93213840852746
White Silence.mp3,172.265625,0.0,0.8085138282550136,-18.927955627441406,0.98747718334198,0.00714855594560504,0.06950431875832824,1364.6619073067563,563.875580298673,2623.432423620895,1273.6235534940731,-25.868900299072266,-17.141630172729492,-13.107090950012207,150.10159301757812,41.81477737426758,-33.65867614746094,25.524311065673828,16.653581619262695,16.155147552490234,1.4421666860580444,12.926774024963379,-7.607429027557373,13.275938034057617,-6.841810703277588,11.576637268066406,-13.1149320602417,10.54224681854248,-13.914911270141602,9.601603507995605,-10.409621238708496,9.590093612670898,-15.248678207397461,9.619389533996582,-7.753911018371582,8.285353660583496,-9.719857215881348,9.239925384521484,22.327560876242103,17.530358226493533,20.703477369553024,21.06323800036667,21.690743915642862,23.692810307377517,48.42099434276489
Zenzenzense - movie ver..mp3,95.703125,6.0,0.8126080670961923,-13.307522773742676,1.1927385330200195,0.04350525513291359,0.1327106954216415,2674.915649545288,753.6786653684244,5536.524597524899,1471.837952453382,-16.63438014984131,-10.870855808258057,-8.873931694030762,70.96585845947266,26.268352508544922,-5.485095024108887,17.93370246887207,33.661895751953125,13.485138893127441,5.669447898864746,10.732637405395508,8.467446327209473,8.914911270141602,-0.2652294933795929,7.850409507751465,7.912198066711426,7.2434892654418945,5.579723834991455,8.007002830505371,6.594005584716797,6.42189359664917,-1.3474725484848022,6.914944648742676,5.108397960662842,7.026917457580566,0.7815130949020386,6.9034929275512695,18.342244822178536,15.018427624364767,18.36500399852807,18.314397793193308,17.801333780387637,17.134935844898592,48.660415739420785
lazy cat  – Eve MV.mp3,135.99917763157896,4.0,0.695552202663371,-13.647045135498047,1.5799882411956787,0.02892570197582245,0.08902016238065046,2213.3464887751074,913.4062286072095,4677.316582389648,1991.787767522863,-22.60695343017578,-10.45788288116455,-5.724350261688232,94.31993865966797,40.471099853515625,-10.474591255187988,26.46330451965332,12.037818908691406,26.46700668334961,3.9954285621643066,16.315731048583984,2.5554938316345215,19.039945602416992,-3.687601327896118,15.39133071899414,2.1020750999450684,13.952983856201172,2.497149705886841,13.356700897216797,4.889223098754883,11.55147647857666,-0.2742449939250946,9.496651649475098,-0.2253044694662094,9.004273414611816,-1.5081831216812134,7.755896091461182,21.124635554711553,15.497081149308054,17.820798731035662,17.918584185492524,18.363280448090055,17.56715963731516,46.751152548802025
grayscale dominator.mp3,95.703125,1.0,0.6744734160528059,-16.764053344726562,1.281224250793457,0.0335678793489933,0.11498557233936019,2739.2146668875635,716.1533505499629,6036.406471312726,1388.7159178413824,-19.928087043762208,-14.933072090148926,-12.721694374084473,73.84930419921875,22.214405059814453,6.637665271759033,18.900636672973633,30.05698585510254,15.251587867736816,13.281595230102539,11.905860900878906,7.553356647491455,10.248800277709961,1.7479090690612793,8.378849983215332,6.227282524108887,7.799670696258545,1.8167577981948853,8.783760070800781,0.572390079498291,7.883447647094727,-1.475073218345642,7.521083831787109,3.5909578800201416,7.383910179138184,-2.632516860961914,7.222932815551758,20.71648603501364,14.502773597662213,18.342941407580607,17.257760665894057,17.131616428467,16.30186504249306,47.61200402848853
fam.mp3,161.4990234375,0.0,0.6028177906282709,-18.31389045715332,1.1224088668823242,0.01483613345772028,0.08618338773465836,1926.9870571604408,770.8040362591457,3967.928047131562,1613.7862100593493,-29.847658157348633,-14.161709785461426,-11.749258995056152,111.48475646972656,30.579999923706055,-6.588256359100342,18.75452423095703,19.613826751708984,14.821779251098633,2.8453526496887207,10.710293769836426,3.057551145553589,12.72897720336914,4.35579252243042,11.549299240112305,-2.6538140773773193,11.640146255493164,5.495030403137207,9.108198165893555,3.843730926513672,8.826635360717773,-2.245300054550171,7.7650370597839355,1.7955374717712402,8.802773475646973,0.7741932272911072,8.66036605834961,19.593606481707717,15.269736997481056,19.302552803277177,19.17015876414927,19.294347694524458,19.24420598226096,46.860967234980116
innocent arrogance.mp3,112.34714673913044,5.0,0.7733210741251442,-13.120603561401367,1.1522130966186523,0.02576737105846405,0.11236749479566123,2529.1426410085496,674.885280920614,5341.706569450532,1429.9900503046194,-17.091046142578126,-10.982502937316895,-8.781309700012207,78.95525360107422,26.344995498657227,-8.677864074707031,18.65423583984375,24.137014389038086,16.999298095703125,2.682563543319702,11.230894088745117,14.33271312713623,13.394160270690918,2.030029058456421,9.83842658996582,8.160858154296875,8.545549392700195,2.995779275894165,9.187582969665527,6.4017486572265625,8.392208099365234,-3.845628499984741,8.033454895019531,1.6442312002182007,6.883824825286865,-1.5041708946228027,7.743263244628906,21.342276088092202,15.172825412946395,17.711175539319772,18.94140752881048,18.386231302638414,17.535390051827697,49.83764947317679
pray - Eve Official Audio.mp3,112.34714673913044,0.0,0.7186086748357702,-17.612552642822266,1.1138222217559814,0.01929355412721634,0.06839606665462428,1766.1606819670749,907.644183082674,3698.5901047638777,2073.689996569073,-27.87583656311035,-15.615829467773438,-9.701874828338623,113.37251281738281,36.19166946411133,14.594571113586426,23.64056968688965,20.649538040161133,15.313868522644043,7.441396236419678,9.912323951721191,6.66074275970459,10.27449893951416,2.1128830909729004,9.017520904541016,1.1757861375808716,10.609357833862305,2.7735748291015625,9.782862663269043,-1.6471627950668335,10.211933135986328,-1.854572057723999,7.863478183746338,-3.599443197250366,8.801360130310059,-1.7176218032836914,8.560883522033691,20.295404674947264,16.4665193621788,20.456038115514133,19.44523832977374,19.668331726463705,18.33397679835255,45.44484500693362
natori - Serenade.mp3,135.99917763157896,2.0,0.6967091288153212,-10.620026588439941,1.5877888202667236,0.036736346781253815,0.10797514238629093,2590.609291184016,804.9138225458903,5589.827323816752,1730.6119147798067,-15.612860679626465,-8.5853271484375,-5.896719455718994,77.91996002197266,28.505666732788086,-5.575940132141113,21.34035873413086,16.574268341064453,17.137828826904297,2.51990008354187,12.790953636169434,6.717587947845459,12.695320129394531,2.4412808418273926,10.587718963623047,-0.34391459822654724,10.78283405303955,1.4025381803512573,8.968017578125,9.171768188476562,9.482747077941895,-3.7417895793914795,8.92497730255127,7.788684368133545,8.689117431640625,-0.36760836839675903,9.02998161315918,19.99085124711284,14.472714805609861,17.797987660870085,17.5756027854572,18.704761542981238,17.95551052850029,48.02624688822945
seisyun complex.mp3,95.703125,0.0,0.35094898645453804,-11.36071491241455,1.1954257488250732,0.03546123951673508,0.1296033174173318,2601.588233535972,567.3988537592711,5135.320289115949,1145.2326595557215,-14.44728832244873,-9.235665321350098,-7.5858033180236815,73.21186828613281,23.963485717773438,-21.052425384521484,16.571393966674805,34.542747497558594,13.493558883666992,7.103926658630371,9.546798706054688,7.6574482917785645,10.564811706542969,5.695981979370117,9.260191917419434,8.95418643951416,8.668805122375488,6.57763147354126,8.656595230102539,2.312974452972412,7.529109954833984,-4.029956817626953,7.669856071472168,6.85903787612915,6.6947340965271,0.7717661261558533,7.35628604888916,19.75722154328831,13.531399931120093,17.20279614675168,17.58881312597776,17.44956374662329,18.09932599685837,49.07477847055399
mabataki ⧸ Vaundy：MUSIC VIDEO.mp3,117.45383522727273,1.0,0.5621800295837754,-17.953248977661133,1.3552287817001343,0.0882403552532196,0.0873701859060069,2137.4410119968525,966.346923197334,4514.731469484839,1939.9729577522428,-22.87783889770508,-11.420607566833496,-7.931688451766968,79.68900299072266,34.90196990966797,-2.836378574371338,19.269296646118164,33.86149978637695,17.065671920776367,10.511357307434082,12.623015403747559,2.4410221576690674,11.529533386230469,1.766504168510437,10.143343925476074,0.6891804933547974,10.050532341003418,-8.369183540344238,10.161423683166504,1.9546252489089966,9.343950271606445,-9.804447174072266,9.142837524414062,5.73893928527832,8.724936485290527,-2.1846234798431396,8.552903175354004,21.0506478627665,17.10982821336949,20.454651201820052,18.56696758027964,18.113019107438692,19.421348139111643,47.002643531553446
nobodyknows+「Hero’s Come Back!!」Official Music Video.mp3,103.359375,1.0,0.4239804281826988,-12.639481544494629,1.4001539945602417,0.04891397804021835,0.12385111983104419,2625.5581882236706,714.9188036716488,5611.485081334268,1556.8914629283927,-14.262994766235352,-10.756929874420166,-8.497081470489501,76.86941528320312,24.480419158935547,-4.98850154876709,19.43864631652832,25.775808334350586,15.589134216308594,11.042374610900879,12.335837364196777,3.7264187335968018,9.024935722351074,2.9386589527130127,10.346488952636719,13.073092460632324,8.892742156982422,-3.9448294639587402,9.075237274169922,9.2146635055542,8.762847900390625,3.0474627017974854,7.748532772064209,3.8894097805023193,6.636998653411865,-1.8598153591156006,6.411222457885742,17.00591520503528,13.367666040662092,16.193036737434493,16.214056368286418,16.877987374138677,17.542364902642767,48.832200454611865
story.mp3,112.34714673913044,1.0,0.8870500658137327,-11.050947189331055,1.2235757112503052,0.04887596145272255,0.1407098657666046,2932.2406497660995,544.2488401088654,5922.01736990078,996.0466953909273,-13.51992654800415,-8.947781562805176,-6.923027038574219,62.63888168334961,20.514400482177734,-12.378316879272461,14.513694763183594,28.529752731323242,11.419069290161133,-0.507017195224762,8.846369743347168,10.948075294494629,8.553396224975586,4.152124404907227,8.034241676330566,9.499505996704102,7.5997443199157715,5.5309624671936035,7.061734676361084,8.714783668518066,6.827437400817871,0.8494016528129578,7.3656325340271,7.591830253601074,6.337804317474365,-0.16202804446220398,7.072939395904541,19.774894634671462,12.470355331781413,16.55509109718202,17.3868281334089,16.96019630825218,16.985416069687197,47.91717277472301
il vento d'oro.mp3,135.99917763157896,2.0,0.5686689040426396,-12.957290649414062,1.1772819757461548,0.03337906301021576,0.10637991426502356,2231.317907776472,586.1020439200848,4716.462475221549,1245.9767391034334,-14.348827743530274,-11.439091682434082,-8.895547771453858,95.72189331054688,27.10090446472168,-10.065479278564453,15.051204681396484,34.46044158935547,13.652999877929688,1.6527200937271118,9.504289627075195,9.410719871520996,7.561549186706543,1.4975789785385132,7.088168621063232,6.352283000946045,6.927448272705078,0.39624419808387756,6.235274314880371,2.5032036304473877,6.568883419036865,-2.7256124019622803,6.800731658935547,6.856940269470215,6.922779083251953,0.1779015213251114,6.835739612579346,18.661073244345012,13.569172119693837,16.219703515047062,16.613632292378266,17.6474714689049,18.058974065658884,49.19784102105533
soldier game.mp3,129.19921875,2.0,0.7062656573813486,-12.046119689941406,1.295720100402832,0.03900355473160744,0.11517291732221523,2523.8155315746094,707.7238392352074,5287.23365010669,1472.3474759013673,-13.99086275100708,-9.260008811950684,-7.52877140045166,75.29854583740234,23.178462982177734,-7.313850402832031,18.450490951538086,30.708032608032227,13.814772605895996,8.866122245788574,9.572579383850098,10.165556907653809,10.834157943725586,5.749927520751953,9.056170463562012,5.681077003479004,9.529963493347168,-0.8101511597633362,9.245394706726074,8.981945991516113,9.541365623474121,-3.0797464847564697,9.803207397460938,6.499475002288818,8.123184204101562,-3.1479928493499756,7.688931941986084,18.801524895128246,13.927718073881604,17.931487372564423,18.303971435158545,18.80531602204795,18.85877101642769,48.97347013726566
kyoukaisen.mp3,92.28515625,3.0,0.6244975651333173,-10.516788482666016,1.226106882095337,0.022013485431671143,0.10298242835763395,2517.3230440518537,590.913061002453,5436.734742426432,1264.466078173429,-13.35597791671753,-9.57719087600708,-7.725016641616821,79.49761962890625,25.219778060913086,-7.029580116271973,16.285905838012695,34.45859909057617,13.589086532592773,3.038374662399292,13.10391616821289,12.034363746643066,10.46230411529541,-3.480027675628662,9.748991012573242,10.661757469177246,8.54919147491455,-2.4680891036987305,11.008101463317871,13.920753479003906,10.993490219116211,-1.1663130521774292,7.2365899085998535,7.2150092124938965,8.519532203674316,2.055755376815796,7.5433430671691895,21.086872761480162,14.739266853477742,18.715532987673114,17.48057647069882,17.690280642189855,17.787234176751824,50.18513874411403
yattyattawa.mp3,107.666015625,6.0,0.645989892490236,-12.970355033874512,1.4506794214248657,0.048380061984062195,0.1520896952127278,2938.145899376076,838.4981815357171,5882.851627660219,1606.380721508058,-17.880386734008788,-9.762922286987305,-7.305826187133789,61.87825393676758,30.685935974121094,-22.668439865112305,30.317659378051758,16.628284454345703,17.57118034362793,0.9780527949333191,14.449322700500488,10.194345474243164,14.2317533493042,5.582300662994385,11.913107872009277,8.776423454284668,11.9579496383667,-3.755932569503784,11.325615882873535,5.884258270263672,10.819296836853027,0.9504119753837585,9.083231925964355,5.251096248626709,8.917609214782715,0.3492359519004822,8.126076698303223,20.29869984646885,15.392330593851911,17.703805179569024,18.82440667226591,18.143052240029423,18.05218423500795,49.07293313861282
《キルミーベイベー》 NCED ふたりのきもちのほんとのひみつ Full Version.mp3,129.19921875,2.0,0.7355591512623936,-16.197233200073242,1.913859248161316,0.03679860010743141,0.09452149720762155,2224.919930985529,972.3743629565342,4620.0039075332625,2023.155038444522,-17.811146545410157,-13.423182010650635,-11.439507675170898,91.56829833984375,37.1907958984375,0.6482193470001221,23.981142044067383,15.503752708435059,18.873016357421875,3.834690570831299,14.484220504760742,12.125137329101562,12.26485538482666,6.832649230957031,10.738460540771484,5.269474983215332,10.973775863647461,4.056338310241699,11.102945327758789,7.032656669616699,8.766655921936035,-1.299425721168518,7.770271301269531,2.5613441467285156,8.521783828735352,0.48039424419403076,8.631797790527344,20.177307381867237,15.380037850691881,18.677070933914973,19.657216330290503,20.271950968254746,18.67306686168985,47.10902352875275
yama 『麻痺』MV.mp3,99.38401442307692,9.0,0.6863816004014894,-12.989770889282227,1.267720103263855,0.04905782267451286,0.10207641812392056,2309.3784846156145,871.423343057509,4938.113893499029,1734.403528497787,-13.250057220458984,-10.05314826965332,-9.202696990966796,89.13471221923828,31.25564193725586,-2.790217638015747,19.948169708251953,24.166593551635742,16.674177169799805,3.5917301177978516,14.556990623474121,7.5776519775390625,13.074271202087402,7.034152507781982,10.286837577819824,2.9845967292785645,11.937445640563965,3.2221109867095947,7.646309852600098,1.8865256309509277,8.059362411499023,-0.8087673783302307,7.766039848327637,0.3149072825908661,7.585147857666016,-4.342054843902588,7.7112321853637695,19.368642422163315,14.695866907973084,18.256377842870968,18.408800058719095,17.570868486561295,17.80439848691915,46.28237273063262
sumika ⧸ フィクション【Music Video】.mp3,123.046875,3.0,0.8312103837339812,-19.412397384643555,1.1408530473709106,0.09479311108589172,0.12187103877793874,2633.4459561653525,918.2958767114974,5881.368008038856,1976.4278456359962,-33.84905281066892,-13.132314682006836,-10.641067028045654,70.82757568359375,27.766603469848633,5.581585884094238,13.52550220489502,19.017824172973633,14.173778533935547,0.12115830928087234,10.3623628616333,1.0276509523391724,8.90078067779541,-0.4974926710128784,8.798595428466797,6.02311897277832,7.968953609466553,0.5070667862892151,7.408627033233643,5.1634416580200195,8.85471248626709,-1.3968992233276367,7.2213826179504395,1.0470350980758667,7.169926166534424,-1.4449639320373535,6.929698944091797,20.114918676677227,14.701905038928095,17.875726978670144,18.34450982759681,18.225397712219106,17.213715204485073,45.81978659793523
the WORLD.mp3,129.19921875,2.0,0.6376878621805311,-11.935559272766113,1.078147053718567,0.04978208616375923,0.10563431830011898,2388.107515302898,620.2161500567604,5027.670943460459,1356.9358689638736,-11.211147785186768,-8.497871398925781,-7.1712493896484375,77.15080261230469,23.056316375732422,-13.292397499084473,14.86161994934082,32.396183013916016,13.833944320678711,9.304455757141113,9.974803924560547,10.029948234558105,8.826475143432617,-2.143061399459839,8.59040641784668,9.182998657226562,8.205900192260742,0.15503770112991333,7.666901588439941,5.667862892150879,7.723720073699951,-3.166480302810669,6.799647331237793,5.8922929763793945,6.413674354553223,-1.4286550283432007,6.105620384216309,20.097686951397648,14.402362823037308,17.45732217399923,17.55191512948359,17.285490596658416,17.40494746184039,48.45754780375554
twilight.mp3,135.99917763157896,6.0,0.7770487898814107,-11.908127784729004,1.2774561643600464,0.026163488626480103,0.10906820666910308,2398.4183623565,731.3059916175033,5057.447345938354,1577.901308460048,-16.66925392150879,-10.218037605285645,-7.102904891967773,85.6902084350586,32.59020233154297,-12.773416519165039,18.473814010620117,26.768871307373047,15.083617210388184,11.796497344970703,10.203192710876465,12.834731101989746,10.9705810546875,3.7584166526794434,7.894848823547363,15.257940292358398,7.8909125328063965,5.913915157318115,7.389577865600586,7.625786781311035,7.626821041107178,1.160079836845398,6.776918888092041,7.792778491973877,7.065131664276123,0.8400146961212158,7.174355983734131,18.182240554795115,15.214986309244416,17.85285493774187,18.073597225955474,18.909085791581425,17.608711813084316,49.003428733464354
「僕は... 」.mp3,117.45383522727273,2.0,0.8121904226492375,-11.632100105285645,1.2220922708511353,0.03586934506893158,0.10600795889925915,2402.7273393106825,722.5881623334606,5336.285786958436,1638.604544532389,-14.662879943847656,-9.259774208068848,-7.511026620864868,88.32478332519531,26.05181121826172,3.1201083660125732,21.44839859008789,22.567190170288086,15.846580505371094,2.325568199157715,11.764257431030273,3.983241319656372,12.169246673583984,1.465476632118225,8.463064193725586,4.6676106452941895,8.447266578674316,3.1365392208099365,10.182108879089355,5.421684741973877,8.970721244812012,-3.982102155685425,8.483548164367676,5.578573226928711,7.11176872253418,-4.759967803955078,7.2756452560424805,18.695436487826928,15.110377914350039,18.591841502338543,18.60257515418566,18.42834478326391,17.689458772012955,47.29803301763596
【GUMI】Dec.【Kanaria】.mp3,135.99917763157896,1.0,0.8663959450304235,-14.763860702514648,1.8522024154663086,0.03316166624426842,0.1015313059107174,2733.1178842163404,962.5771105943296,5977.313114165594,1856.1329162512993,-19.54883728027344,-13.95107364654541,-9.116306495666505,67.02667236328125,33.76615524291992,9.314752578735352,21.48978614807129,25.525083541870117,18.743152618408203,10.76069164276123,13.617509841918945,19.67365264892578,12.641646385192871,8.025754928588867,10.63122844696045,3.205223798751831,10.934407234191895,8.78398323059082,10.725314140319824,2.377326250076294,9.592164993286133,0.9637032151222229,8.902948379516602,3.4378137588500977,8.75529670715332,1.714972972869873,8.534402847290039,20.634018846097128,15.348611530980193,18.151752794421935,18.27577734118244,18.51216125923633,17.020585044305967,46.9233437064628
【Ado】Value.mp3,107.666015625,7.0,0.6544053322504317,-17.24996566772461,1.4256998300552368,0.06315206736326218,0.09515885982995047,2356.9435707772423,943.2306084173524,4970.277971666591,1950.1046502649217,-24.69272575378418,-11.973509788513184,-7.236392784118652,78.01836395263672,36.9521369934082,-4.418324947357178,23.877151489257812,28.355846405029297,16.352699279785156,8.293561935424805,11.789774894714355,9.626391410827637,13.382951736450195,3.051682233810425,11.152823448181152,11.782584190368652,11.489837646484375,-2.924657106399536,12.005749702453613,10.623552322387695,10.728182792663574,-4.01434326171875,10.495126724243164,3.2688448429107666,8.664532661437988,-2.4733612537384033,9.29470443725586,20.149073538433946,14.683132142702322,17.95446021359092,18.051031955313228,18.01821721335037,18.430503565116233,49.80883717045258
【Ado】クラクラ.mp3,123.046875,11.0,0.5036120873060342,-12.283931732177734,1.3309326171875,0.036211345344781876,0.12190530505497862,2722.3825544747006,585.6895321667027,5880.854575705368,1252.1041964343403,-17.574546432495115,-10.09935474395752,-8.363860130310059,73.50707244873047,21.12314224243164,-8.85645580291748,28.432701110839844,23.3897762298584,14.301218032836914,7.080592155456543,12.40099811553955,9.717911720275879,12.663541793823242,1.099898338317871,10.046172142028809,5.817612648010254,9.407681465148926,-2.225163221359253,7.800931453704834,8.025635719299316,9.141963958740234,-1.3547636270523071,7.997164726257324,3.5220911502838135,7.594099521636963,-0.7932912111282349,6.964545726776123,19.703269455773526,14.11513268547582,17.20872807922728,16.812290007537786,17.09273908032693,16.724556025763214,48.624799418787156
【OP】 まりあ†ほりっく オープニング Hanaji by 小林ゆう.mp3,117.45383522727273,4.0,0.5801162373940042,-17.807897567749023,1.2987080812454224,0.058581139892339706,0.16381848541559113,3099.7638786543007,588.5563573071153,6210.8144402688595,1286.4710571776072,-20.01602897644043,-14.579337120056152,-12.45360927581787,58.0597038269043,23.276329040527344,-13.659269332885742,19.001630783081055,28.80372428894043,15.090540885925293,5.405381679534912,9.933175086975098,6.492077827453613,8.982553482055664,4.25162935256958,8.129199028015137,2.850964069366455,7.123157501220703,-0.483814537525177,7.704786777496338,2.204806089401245,6.941847324371338,-1.5445280075073242,7.0940728187561035,5.5524582862854,7.409919738769531,-2.059525728225708,7.556707382202148,18.456120175221624,13.618943075167067,17.5618757809081,17.04969676455739,16.974173807542712,17.196415809989876,47.81653034364138
【Ado】リベリオン.mp3,117.45383522727273,7.0,0.36921998159450703,-11.687962532043457,1.3437695503234863,0.0440039187669754,0.12490508118073664,2706.9680184725453,688.04050048544,5605.892898977347,1393.0297695497736,-16.857912445068358,-9.243997573852539,-6.958730125427246,68.56682586669922,23.768714904785156,-8.90418815612793,20.542081832885742,26.526880264282227,14.101862907409668,6.436532020568848,12.225215911865234,5.288286209106445,11.837821006774902,8.393052101135254,11.097002029418945,7.566828727722168,10.76361083984375,5.72033166885376,10.116009712219238,7.763886451721191,9.12386703491211,-1.9939390420913696,8.535271644592285,7.9077301025390625,8.714595794677734,-1.7401373386383057,8.06814193725586,19.48361442672813,14.556769329262076,17.268421196214835,18.66354211162138,17.531339761003967,18.094069705452565,47.463119877871485
【GUMI】酔いどれ知らず【Kanaria】.mp3,117.45383522727273,3.0,0.7658238755724635,-15.837949752807617,1.7622109651565552,0.031930599361658096,0.1102825160201273,2489.1628614254305,984.8888006206878,5305.028532491829,1945.0718195252432,-18.58623008728027,-14.157997131347656,-10.636595344543457,83.27487182617188,40.658912658691406,0.49725502729415894,21.11711883544922,20.027603149414062,19.17914581298828,7.717466354370117,16.51375389099121,20.580699920654297,14.602334022521973,2.9238510131835938,12.398646354675293,2.8373231887817383,12.461882591247559,3.168627977371216,11.31563663482666,0.09522116184234619,9.03607177734375,-4.637834072113037,8.462175369262695,-2.1508448123931885,10.142386436462402,-2.402716636657715,9.569612503051758,20.54507827074369,16.97022637437202,19.173707139684712,19.583688871252566,19.833726681440705,17.480214287760866,48.53308314481086
【Kanaria】レクイエム【星街すいせい】.mp3,103.359375,11.0,0.6837789432594852,-13.581153869628906,1.4804377555847168,0.03384208679199219,0.10403627092098465,2636.7051303641674,659.2716741257273,5686.388403298688,1291.0913792692716,-15.734545040130614,-11.223183155059814,-7.944421243667603,71.14484405517578,23.678508758544922,-4.770840644836426,16.794416427612305,24.526479721069336,15.848925590515137,9.580767631530762,10.300366401672363,14.720632553100586,11.341546058654785,6.199690341949463,8.707416534423828,7.449525356292725,8.352663040161133,6.645378589630127,8.700203895568848,7.994853973388672,7.410162448883057,-1.7077052593231201,6.655379295349121,5.641346454620361,6.962003707885742,-0.43487218022346497,7.49337100982666,20.75320871830581,14.363556735316054,17.844594605747915,16.92777203818688,17.75626671468718,16.84285884983351,46.617277978288634
【Ado】エンゼルシーク.mp3,135.99917763157896,9.0,0.4737123415818073,-9.856319427490234,1.4065921306610107,0.04839707165956497,0.14514753690994733,2900.566751571487,659.4033676592372,5920.528242460526,1356.8689135848656,-13.006242179870606,-8.239337921142578,-6.4961686611175535,63.68855667114258,25.835588455200195,-10.84936809539795,23.654094696044922,31.987651824951172,16.273725509643555,9.098591804504395,11.186982154846191,5.4171013832092285,11.848148345947266,5.852447986602783,9.948515892028809,3.6460883617401123,8.761414527893066,-1.6036080121994019,9.957151412963867,10.469013214111328,9.679823875427246,-6.822462558746338,8.945114135742188,4.288959503173828,8.357789039611816,-3.643984317779541,8.272850036621094,19.513202672900764,13.676825510198833,17.037142879031176,17.28149989660777,17.676225585642687,18.201187745632716,48.05901749638874
『バッハの旋律を夜に聴いたせいです。』.mp3,123.046875,9.0,0.8289939880029108,-12.827831268310547,1.5713787078857422,0.03176552802324295,0.11962962614568999,2624.606558820882,923.8414113266856,5474.434867485441,1654.7771780565574,-19.804483222961426,-10.538885116577148,-7.386438751220703,74.37983703613281,35.12963104248047,-5.148578643798828,21.391653060913086,17.13118553161621,20.055830001831055,-4.895886421203613,13.998318672180176,8.945353507995605,14.862883567810059,1.3344659805297852,11.480789184570312,3.8862595558166504,10.494329452514648,-0.6558424234390259,9.551088333129883,8.222033500671387,10.710731506347656,1.1292909383773804,10.228389739990234,4.319430351257324,9.674100875854492,0.24412383139133453,9.365972518920898,22.245272991768033,15.371798393742443,19.18965009053359,18.607238603560887,18.695451896665585,17.768083781887537,48.94800248068027
【Kanaria】大脳的なランデブー.mp3,123.046875,3.0,0.5907651869398649,-16.085174560546875,1.4215108156204224,0.04870197921991348,0.11309235039082913,2575.383544190096,892.5341408598756,5470.982664101964,1702.9108663151687,-24.760284423828125,-12.299602508544922,-8.244641304016113,72.83809661865234,30.280336380004883,0.39911332726478577,18.69985580444336,29.845476150512695,18.834659576416016,7.343258857727051,11.591202735900879,12.840177536010742,12.33829402923584,4.306535243988037,9.216291427612305,8.565576553344727,9.710226058959961,2.3360044956207275,9.458283424377441,8.080702781677246,8.32894229888916,-0.970186173915863,6.443275451660156,1.4604111909866333,7.02972412109375,-0.7626367211341858,7.29191780090332,19.732256532977317,15.221822740541056,17.55547853421488,17.365967205787914,16.77988664512912,16.65000609720236,47.80778195348374
【Kanaria】BRAIN.mp3,99.38401442307692,11.0,0.6987153027227364,-17.92751693725586,1.6961101293563843,0.02514016442000866,0.09455927360052538,2234.7326422395163,974.4745935732712,4924.184974262802,2099.2776962326193,-23.832002639770508,-15.353089332580566,-10.639510345458982,99.19847869873047,38.04277038574219,6.249892234802246,22.75564193725586,13.107843399047852,19.719526290893555,0.34281232953071594,13.480193138122559,5.682012557983398,14.530134201049805,-3.1175739765167236,11.487160682678223,0.7057317495346069,11.47835922241211,-8.112804412841797,10.90095043182373,3.298638105392456,10.279444694519043,-4.23069429397583,8.591353416442871,-2.3089468479156494,8.544291496276855,-4.203454971313477,7.888455390930176,19.543936320252495,16.24430360797231,19.46535792177613,19.256464716897085,19.330500704932664,18.21631056286894,47.88336763586237
【MV】Creepy Nuts - 堕天(DATEN).mp3,99.38401442307692,8.0,0.6248684534910344,-10.795633316040039,1.449719786643982,0.03152048960328102,0.10082443614966498,2669.8942091558274,837.5500741254531,6099.879729110403,1730.338332271393,-13.717059135437012,-9.448164939880371,-6.886012363433838,76.20672607421875,29.40987205505371,10.617101669311523,18.441991806030273,23.320165634155273,16.044797897338867,10.79311752319336,12.97448444366455,4.68794059753418,12.576959609985352,2.925222635269165,11.087565422058105,12.79794692993164,8.893194198608398,-1.2006598711013794,10.89489459991455,10.243406295776367,9.543378829956055,4.891715049743652,7.482151031494141,4.865637302398682,8.3784761428833,3.217710018157959,7.673296928405762,20.62790555013274,13.989088088089458,17.436379189452555,17.497786420404434,17.370198289266053,16.880314442785433,47.950131680388886
【meiyo】なにやってもうまくいかない【MV】.mp3,123.046875,4.0,0.623821586824972,-14.173961639404297,1.7422510385513306,0.027832074090838432,0.09929029553189805,2340.9802818777875,1044.7568463490663,4857.4093066081605,1917.2847840659385,-24.23900604248047,-11.650260925292969,-6.544660377502441,92.9182357788086,36.83784866333008,-2.7437427043914795,22.781597137451172,20.900936126708984,16.970109939575195,7.166033744812012,11.513225555419922,9.185469627380371,11.467276573181152,6.055593013763428,11.542837142944336,9.196429252624512,9.145816802978516,-0.740384042263031,9.104933738708496,12.37853717803955,10.481992721557617,1.0811687707901,8.477306365966797,8.075011253356934,9.071430206298828,0.10167565941810608,9.292716026306152,20.6044026612692,14.18280508142791,16.4771188926739,16.288080510931554,17.3778747103513,17.987623684185817,48.31560071169191
【Ado】逆光（ウタ from ONE PIECE FILM RED）.mp3,143.5546875,7.0,0.3741750566235562,-23.968868255615234,1.2105001211166382,0.09008133411407471,0.1362483869118125,2648.995288931746,922.2826378522242,5233.116491821697,1748.463608570121,-26.54786834716797,-19.067212104797363,-16.17488079071045,60.14988708496094,25.188173294067383,-13.12098503112793,23.420127868652344,39.16559982299805,17.553258895874023,16.601728439331055,11.897734642028809,8.726503372192383,10.708927154541016,5.43913459777832,9.520166397094727,5.775070667266846,8.697501182556152,3.267470598220825,8.904067039489746,2.5529820919036865,8.683653831481934,-1.1973121166229248,7.233576774597168,5.653229236602783,7.743506908416748,-2.937448740005493,6.458413600921631,19.179821816445575,14.092188164897482,16.800896497489628,16.735085485086426,16.697661305393556,17.40710934546161,46.32250866588203
【MV】「TO BE HERO X」Episode Theme Song of X　X編 劇中歌「New Type of Hero」Griff Clawson.mp3,99.38401442307692,0.0,0.8431868150777043,-15.993528366088867,1.4207168817520142,0.03353309631347656,0.08245712491633686,1990.6113688943542,871.0085090533279,4340.156074375618,2104.7536716329037,-20.97341537475586,-13.142724990844727,-9.717989921569824,109.16781616210938,38.76016616821289,1.2227990627288818,22.515037536621094,6.274204254150391,15.859274864196777,4.5072455406188965,14.512556076049805,3.8712615966796875,12.493249893188477,-1.8403908014297485,11.010437965393066,4.2479095458984375,11.569158554077148,-0.7575095891952515,10.681427001953125,-1.590464472770691,9.913946151733398,-2.2239973545074463,9.312084197998047,0.3831762969493866,8.068536758422852,0.4596208930015564,7.452425956726074,17.653015758843566,14.235119780087281,19.052069012152764,19.01281083992818,18.880158251444765,17.77154336423782,46.40743621327885
【オリジナル楽曲】ひっひっふー ⧸ しぐれうい【じん】.mp3,143.5546875,9.0,0.6502446143053628,-13.277981758117676,1.7105833292007446,0.05943882837891579,0.12001598361377076,2750.7741284203066,866.3091410244505,5809.553296221575,1734.5246474500805,-16.878378105163574,-10.72765588760376,-7.113118362426757,63.90596008300781,28.48291015625,-5.628218650817871,20.24798583984375,27.687938690185547,19.08401870727539,9.780525207519531,17.340364456176758,11.66734504699707,13.841496467590332,10.164064407348633,10.236741065979004,10.954422950744629,11.81095027923584,8.024824142456055,9.357054710388184,1.6813470125198364,8.603187561035156,-2.779102087020874,8.79159164428711,4.764313697814941,8.83354377746582,-1.6740421056747437,8.936996459960938,19.350024453591967,14.12387111858417,16.730492048419286,17.566093176203868,17.254688418611806,16.78960530036341,46.519858561763485
【MV】Creepy Nuts - よふかしのうた.mp3,117.45383522727273,7.0,0.6368990193742722,-14.421829223632812,1.660997748374939,0.06987090408802032,0.11132122252261804,2541.500608844967,849.0770562707945,5612.7264978928115,1847.8275842061348,-21.686107635498047,-9.995396614074707,-7.787631988525391,79.21247863769531,28.073890686035156,-2.2780933380126953,20.219898223876953,13.384786605834961,18.695058822631836,8.368063926696777,16.269258499145508,6.194576263427734,13.44072151184082,-2.10805082321167,12.101821899414062,3.007673978805542,9.420121192932129,-4.296464920043945,9.891322135925293,6.39641809463501,10.33037281036377,-3.045461654663086,8.50583267211914,3.0580878257751465,8.00709342956543,-1.343430519104004,8.287034034729004,18.892287167818655,13.120971813908664,17.06284873806152,16.56377527685416,16.742287519950057,16.366310225506354,46.38809495125675
【syudou】リヴァーサル.mp3,99.38401442307692,5.0,0.5568546910975076,-11.097696304321289,1.3062092065811157,0.0446828231215477,0.1372255566751168,2830.649127955837,598.2932464691612,5712.204082758915,1150.1875261218734,-12.690401649475097,-9.371420860290527,-7.102797412872314,64.47088623046875,22.448238372802734,-15.301108360290527,16.36975860595703,32.82141876220703,16.2685546875,1.91537344455719,10.907750129699707,11.857717514038086,9.705037117004395,5.183370113372803,9.119221687316895,13.850874900817871,8.184126853942871,0.16943047940731049,8.270108222961426,9.647659301757812,7.932803153991699,-0.9166395664215088,6.6442108154296875,5.809144973754883,6.557184219360352,0.13872011005878448,6.385749340057373,19.763586416713625,14.245678264633444,16.812873215194106,17.158377686239664,16.42451936118459,17.202000276942375,49.96276256100835
【MV】OxT「Clattanoia」Music Clip フルサイズ.mp3,129.19921875,10.0,0.7603579746190231,-9.272894859313965,1.1739999055862427,0.0437888503074646,0.13426625959213384,2665.3778464144702,543.2219684286556,5473.497103854125,1103.1568855020294,-10.299792289733887,-7.956042766571045,-6.920739984512329,74.86805725097656,19.841751098632812,-19.267335891723633,15.023641586303711,20.674043655395508,12.388700485229492,6.512811183929443,9.91752815246582,12.267561912536621,9.107524871826172,0.28909286856651306,7.9352850914001465,4.5262451171875,7.658467769622803,6.855357646942139,7.816543102264404,5.583334445953369,7.531564235687256,0.3123905062675476,5.801768779754639,2.98394775390625,6.420038223266602,-1.481592059135437,6.359046459197998,16.570094202435403,13.237301166085429,16.724217296630385,17.15177998544026,17.241453798158336,15.921650241473872,47.550386924968066
【初音ミク】デーモンロード【Kanaria】.mp3,172.265625,5.0,0.6790460773669093,-14.184721946716309,1.933484673500061,0.030648816376924515,0.09557769953855993,2596.2751295519547,826.1447901949699,5732.837556537829,1649.1583693694865,-17.125333404541017,-13.037285804748535,-9.962689971923828,70.75120544433594,27.977643966674805,3.659799098968506,22.280981063842773,26.243982315063477,18.860069274902344,12.929978370666504,14.22756576538086,21.96645736694336,12.436087608337402,10.182646751403809,11.743273735046387,7.311130523681641,10.815570831298828,7.33573055267334,9.025527954101562,4.8279924392700195,7.503201484680176,2.1127922534942627,7.2971415519714355,7.184192180633545,7.510522842407227,2.3276779651641846,7.3334455490112305,19.385244883891314,15.614681483124302,18.005556728440336,17.546926547634794,17.767974482860065,17.16039673219404,46.872734949991326
【東方ヴォーカルPV】KAPPAYAPPA【暁Records公式】.mp3,103.359375,0.0,0.7234458469003494,-11.435615539550781,1.2257393598556519,0.06881307065486908,0.1370446508187419,2784.053149874008,617.9635890501229,5873.998073473978,1336.654246396335,-11.784222602844238,-9.340393543243408,-7.826959657669067,72.75525665283203,19.434616088867188,-10.004339218139648,14.174723625183105,18.997997283935547,11.940179824829102,1.6490460634231567,9.180439949035645,11.651116371154785,8.089908599853516,-0.25594231486320496,7.109067440032959,4.160604953765869,6.350290775299072,4.764514446258545,6.118898868560791,7.370193004608154,6.2974162101745605,-3.462810516357422,5.953956604003906,7.959718704223633,6.451974868774414,2.322246789932251,6.51131534576416,17.64888461004743,12.89809626450752,15.690347570065425,15.97907137030191,16.419831855605292,16.047966202181907,47.21297222411398
【東方ヴォーカルPV】乾坤イッテキ！【暁Records公式】.mp3,95.703125,3.0,0.7616288174019221,-11.014453887939453,1.18513822555542,0.076434426009655,0.1421875,3026.1755589044424,668.5551128424102,6561.669805015968,1294.8033288801996,-11.541849517822266,-9.162766456604004,-7.959807443618774,67.62841033935547,19.53553009033203,1.0425245761871338,14.524521827697754,13.230144500732422,11.0006742477417,2.568398952484131,7.442159175872803,14.862348556518555,8.389250755310059,4.436925411224365,6.895602703094482,7.791754245758057,6.343642711639404,0.5821166634559631,6.10408353805542,4.077436447143555,5.692462921142578,1.7840831279754639,5.510487079620361,8.360333442687988,5.633105754852295,0.011138908565044403,5.6067214012146,16.750559503535396,12.812566769808234,15.68845171027743,15.725170145817772,15.778616128872992,14.839715985327688,46.43990457868634
【東方ヴォーカルPV】三つ目のタンゴ【暁Records公式】.mp3,135.99917763157896,3.0,0.5748594969302163,-11.550293922424316,1.5097181797027588,0.04333515465259552,0.1000362074963698,2644.706442305137,880.1045777695941,5889.207285671474,1785.363145118409,-12.424320411682128,-9.501784801483154,-8.044972229003907,80.48735809326172,28.42729377746582,6.850430965423584,18.876752853393555,13.818172454833984,13.59377384185791,2.8566219806671143,10.963277816772461,12.890530586242676,9.83741283416748,7.710252285003662,8.63064956665039,3.92878794670105,8.37954044342041,2.7861790657043457,7.781221866607666,5.283318996429443,7.039882183074951,-0.39314499497413635,6.872391700744629,5.508017539978027,7.125687122344971,-2.0944454669952393,6.972445487976074,21.16289094291895,14.359268951198585,17.339847838731874,17.1803879877597,17.23931082317545,16.243676128257402,46.137695427805326
【オリジナル楽曲】ういこうせん ⧸ しぐれうい【にゃるら・Aiobahn +81】.mp3,143.5546875,2.0,0.46719932243139267,-12.396595001220703,1.4558963775634766,0.05348166078329086,0.12860184195656446,2988.3468288929735,788.5478940437216,6344.460733281741,1480.501427259064,-17.501867485046386,-10.408034324645996,-7.128430795669555,64.73297882080078,26.62278938293457,1.2931818962097168,19.341989517211914,15.560166358947754,15.423311233520508,-1.83782958984375,12.476309776306152,12.302727699279785,12.498939514160156,4.014871120452881,9.80227279663086,4.843360900878906,11.58658504486084,3.8848772048950195,9.749971389770508,5.960803508758545,9.16937255859375,-3.1843295097351074,7.4891252517700195,3.2639551162719727,8.524680137634277,-0.6530721783638,7.977381229400635,20.564088531320778,14.208368445999454,16.684378488248424,17.199452331290654,17.592986958417917,16.52306966432178,47.76540168491631
【東方ヴォーカルPV】Gotcha Gotcha【暁Records公式】.mp3,117.45383522727273,5.0,0.5182143225622304,-12.226204872131348,1.2743306159973145,0.04988323152065277,0.12263911676061554,2681.97758829471,617.7081545029555,5757.504567792339,1326.0897162202482,-13.004231357574463,-10.359751224517822,-8.50370807647705,77.50152587890625,23.609420776367188,-8.77780532836914,17.50531768798828,15.390985488891602,12.62695026397705,1.6605567932128906,10.044024467468262,10.516314506530762,9.917686462402344,5.03876256942749,7.871882438659668,7.999960422515869,7.623532772064209,0.5790066719055176,6.705215930938721,4.992012977600098,6.558949947357178,1.365716576576233,6.489552974700928,8.622458457946777,6.314222812652588,1.2823792695999146,6.3956732749938965,17.28517564864918,13.252217644851571,16.020943996687727,16.173429525475825,16.099285179540786,15.90657546565752,46.88139238312255
【東方ヴォーカルPV】BAD MAGUS【暁Records公式】.mp3,117.45383522727273,4.0,0.8235484327967408,-11.389243125915527,1.2406854629516602,0.0556466318666935,0.12504971590909092,2787.240203867263,764.3297216341766,6099.648547873157,1469.425290841968,-12.295502662658691,-9.649006843566895,-8.053949356079102,78.5357437133789,24.63577651977539,6.414114475250244,17.804475784301758,18.04803466796875,10.782665252685547,0.4704219698905945,8.392999649047852,10.361382484436035,8.86877155303955,3.8933422565460205,7.844853401184082,7.065186023712158,7.032363414764404,-1.7010859251022339,6.377618789672852,3.9885799884796143,6.39501953125,-4.673169136047363,6.209897994995117,4.208805084228516,6.379999160766602,-3.684027910232544,5.890451908111572,18.374102572689825,13.563147657312683,15.564493158105709,16.14450456965053,15.555290730778133,15.472360776409419,47.62862842660124
【東方ヴォーカルPV】Let’s Ghost【暁Records公式】.mp3,117.45383522727273,4.0,0.7472441253089965,-9.671127319335938,1.2025716304779053,0.06296809762716293,0.13382134652106456,2986.958976275415,713.6687343996542,6473.100842927632,1349.1075662531891,-9.814241409301758,-7.980140686035156,-6.909059619903565,68.77941131591797,20.596040725708008,8.017369270324707,15.217082023620605,22.485734939575195,12.548389434814453,2.610933542251587,9.220921516418457,11.839570999145508,8.21436595916748,2.9544663429260254,6.907585620880127,3.187387704849243,6.9400153160095215,2.087956190109253,6.678318977355957,6.472826957702637,6.52733039855957,-0.43621209263801575,6.028221607208252,6.338781833648682,6.234878063201904,-0.9152315855026245,6.694629669189453,17.28453456336046,13.734146338847944,15.96985970968876,16.375248672785137,16.53128376339381,16.001314865992,46.72433924412773
【東方ヴォーカルPV】こ～んさるたん！【暁Records公式】.mp3,161.4990234375,7.0,0.5776100346883661,-12.751144409179688,1.2749583721160889,0.07385233044624329,0.14819946416245572,3038.3746683615095,803.1712297168237,6345.721439362367,1406.1790816370585,-15.20809202194214,-10.483500480651855,-8.672548580169677,66.05777740478516,24.870946884155273,-1.2341243028640747,20.31675148010254,17.98040199279785,13.518736839294434,-1.0673048496246338,9.549981117248535,13.304972648620605,8.95885181427002,0.9705813527107239,8.152897834777832,5.765985012054443,7.460426330566406,1.0644582509994507,6.7568511962890625,7.749838829040527,6.2574543952941895,-1.1611021757125854,6.014244556427002,6.407535552978516,6.17970609664917,0.1089802011847496,6.1631574630737305,17.97358948127915,13.097057410586265,15.106106537784907,15.283758906475324,15.863687589809075,15.499037192274226,47.933294205851944
【東方ヴォーカルPV】＊MoshiMoshiMode＊【暁Records公式】.mp3,161.4990234375,7.0,0.7486162278670654,-13.891951560974121,1.5770188570022583,0.046060435473918915,0.10622110839190094,2388.436431536659,792.3798727359213,5054.659342269647,1721.535729953047,-19.966184616088867,-10.988513946533203,-7.788179683685303,85.7459716796875,31.498281478881836,-9.634291648864746,20.301565170288086,19.700082778930664,17.254003524780273,1.2426797151565552,12.698909759521484,11.763583183288574,11.367852210998535,8.909071922302246,10.344511032104492,1.3944728374481201,9.529338836669922,-1.5089094638824463,8.612503051757812,3.0620431900024414,8.813864707946777,-2.889890193939209,7.857533931732178,5.115878105163574,8.704401016235352,-0.8221697807312012,8.373028755187988,18.955572913501623,14.070715092367928,16.66254802598519,17.48230599868856,17.858753687132804,18.115828799225927,46.69503442235235
【東方ヴォーカルPV】悪戯センセーション（Vo：あやぽんず＊⧸あよ）【森羅万象公式】.mp3,95.703125,2.0,0.609249174302024,-10.680434226989746,1.3193973302841187,0.07029407471418381,0.16448392518734883,3207.2521795310768,644.6343314516942,6738.561634203444,1237.0010371097626,-12.095961570739746,-8.248164653778076,-6.980320453643799,57.34980773925781,20.53041648864746,-1.521915078163147,17.813814163208008,13.410423278808594,14.348238945007324,2.655358076095581,12.114795684814453,11.158941268920898,11.318800926208496,3.341681718826294,8.696032524108887,3.739821672439575,10.008700370788574,2.496809720993042,8.649619102478027,2.69050669670105,7.719119548797607,-2.259948968887329,7.898612022399902,6.370865821838379,7.493963718414307,-1.7831544876098633,7.66585111618042,20.174298014679135,13.98841858379998,16.93192566463826,17.882096703817954,17.890936393291824,17.076869382121433,47.367746526889356
【小野崎人】TouhouMAD - Touhou & Nitori Get Down! (+lyrics) 【HD】.mp3,143.5546875,11.0,0.8168256302470737,-11.460147857666016,1.1503264904022217,0.047921545803546906,0.1310540859214579,2880.1793726477217,617.548621811565,6188.915243599205,1272.265960528214,-14.308860683441162,-9.698498725891113,-8.165002346038818,66.06282806396484,21.410579681396484,-1.755574345588684,14.990386009216309,22.06772804260254,11.25843334197998,4.000100612640381,9.382784843444824,12.44237232208252,8.509465217590332,1.1943182945251465,7.584341526031494,2.6392502784729004,6.984267711639404,-3.70719575881958,7.143912315368652,2.6396090984344482,7.0749125480651855,-4.019551753997803,6.614226341247559,3.2691752910614014,7.2900824546813965,-0.4103409945964813,7.913799285888672,20.053010828627894,14.211483182219087,18.99179211284225,18.457585100831217,18.102578433701385,16.33281070558134,48.22902628593263
【東方ヴォーカルPV】無意識レクイエム （Vo：あよ）※閲覧注意【森羅万象公式】.mp3,129.19921875,1.0,0.6123887846776127,-13.655498504638672,1.3004242181777954,0.036482229828834534,0.14336031898720386,2702.2389184774697,875.5802688970111,5346.024163828515,1649.8139529449143,-22.101299285888672,-10.494126319885254,-8.145438194274902,72.21434783935547,34.67994689941406,-10.548026084899902,24.26233673095703,25.82375144958496,17.14069366455078,-0.516663670539856,13.425278663635254,13.01123332977295,12.692566871643066,1.0408480167388916,10.545037269592285,5.469575881958008,10.955483436584473,2.00593900680542,10.03947639465332,4.982539653778076,9.829769134521484,-0.7504966259002686,8.59744930267334,1.998741865158081,8.363232612609863,-2.869157552719116,8.082780838012695,19.24621146209525,16.115234528968788,18.85334825512667,18.471553912348813,18.635440995508738,17.507499193658436,49.20572434117534
いのちの食べ方 - Eve MV.mp3,143.5546875,3.0,0.6140300079065492,-13.414488792419434,1.3685154914855957,0.04759747534990311,0.09213387726750934,2107.9310650080024,882.6933743276437,4359.959695731153,1949.1231619495043,-16.920566558837887,-9.303018569946289,-5.985841083526611,93.21885681152344,40.58552169799805,-12.002263069152832,28.12161636352539,35.29615020751953,25.330093383789062,11.891195297241211,14.088277816772461,2.7809536457061768,13.447992324829102,3.636371374130249,9.751522064208984,4.726922988891602,12.339996337890625,1.6597480773925781,9.132668495178223,6.481808662414551,8.817888259887695,-0.8795121312141418,7.954223155975342,0.7613607048988342,7.948309898376465,-0.07140336185693741,6.991525650024414,19.69235006909178,14.977304023804905,18.02676620169002,17.838437527945946,18.535293166925236,19.362244892564252,45.98810433530382
いってらっしゃい.mp3,151.99908088235293,11.0,0.5330403064756033,-18.347562789916992,1.2254868745803833,0.009335769340395927,0.0619044317061144,1670.7830743821125,925.6425129331689,3397.0284329927886,1883.438524364854,-27.25417957305908,-15.55019760131836,-8.846635913848877,116.18047332763672,43.724876403808594,4.809296607971191,26.918933868408203,23.893102645874023,17.101051330566406,3.502598285675049,14.088085174560547,4.798471450805664,14.733283042907715,15.799837112426758,12.945143699645996,-2.943282127380371,12.03468132019043,5.526143550872803,8.942340850830078,9.116942405700684,9.77587604522705,-1.331027865409851,8.998022079467773,8.071105003356934,9.271017074584961,-0.3046075105667114,9.158900260925293,20.51084101455052,16.055295567420746,20.616629107537687,20.60009927291454,20.414199829539864,21.157931824497787,47.700480070182756
いらない.mp3,151.99908088235293,7.0,0.8362642202033288,-9.608141899108887,1.7790658473968506,0.0226996298879385,0.0877927383105058,2285.902358711053,849.5268420435161,5036.379162338412,1857.927752405626,-13.015097618103027,-7.625970840454102,-5.902421379089356,92.85453033447266,33.524295806884766,10.224002838134766,23.70467185974121,25.663148880004883,16.00811767578125,4.713461399078369,11.512890815734863,9.158835411071777,9.850179672241211,3.9427499771118164,9.581607818603516,6.910885334014893,7.5043158531188965,-1.5526281595230103,7.786523342132568,5.447966575622559,7.484862804412842,-2.7603492736816406,6.851770401000977,2.6559579372406006,7.607494354248047,-1.4897524118423462,6.726047039031982,19.489753162041218,15.218684618615427,18.16569873066245,18.607848660982444,18.030954103037832,17.197496040943502,47.58595403665922
【超学生】アンノウン・マザーグース @歌ってみた.mp3,112.34714673913044,3.0,0.5866220026101909,-16.780370712280273,1.3931480646133423,0.03593672066926956,0.10993496915937774,2747.7124064643813,916.4762885307715,6201.311373899173,1781.2717507401512,-20.1354995727539,-12.38370418548584,-9.202013969421387,70.77703857421875,28.32709503173828,16.910913467407227,17.481786727905273,22.75193214416504,13.148615837097168,3.448375940322876,16.258153915405273,10.804811477661133,9.888240814208984,11.264650344848633,11.305862426757812,6.0566277503967285,10.056074142456055,-7.674229621887207,10.264495849609375,9.38302993774414,9.33120346069336,4.385605812072754,10.266012191772461,1.7799204587936401,8.669466972351074,-0.6316030025482178,9.223000526428223,19.949956309071574,15.463052248612854,18.01621767676928,17.333960571366447,17.28648588053096,17.06843111325836,47.63195807601137
じん ft.メイリア from GARNiDELiA ⧸ daze【OFFICIAL MUSIC VIDEO】.mp3,99.38401442307692,8.0,0.7667914379926121,-10.845094680786133,1.3192886114120483,0.04297155886888504,0.14370904580629057,2823.8907332780664,669.5180045538544,5757.9140127699075,1230.3136749791167,-13.01100025177002,-9.419988632202148,-7.844339656829834,67.39674377441406,22.39191246032715,-4.5383806228637695,15.818831443786621,40.72211837768555,14.154996871948242,2.4037017822265625,9.691581726074219,3.770340919494629,10.483560562133789,1.1277976036071777,8.507905960083008,4.0766072273254395,8.382713317871094,-0.48376989364624023,8.4508695602417,7.582713603973389,8.365277290344238,-6.004164218902588,8.83973503112793,3.204529047012329,6.878654956817627,-4.234508514404297,6.903301239013672,17.953513149407787,13.850969693235012,17.32845785497132,17.228349890727724,17.095620904894457,18.075608154978163,49.11554254505318
さよなら、素晴らしき世界よ.mp3,107.666015625,0.0,0.7620013120609214,-13.550613403320312,1.109126329421997,0.02781067043542862,0.10932616712933715,2429.8332453511402,673.3074009937668,5178.707098258759,1413.702453062485,-16.7165885925293,-11.647701263427734,-9.908572006225585,84.5997314453125,25.72688102722168,-8.42141056060791,18.4400634765625,27.777429580688477,17.19794273376465,7.980777263641357,12.200255393981934,9.43930721282959,13.562494277954102,2.476435899734497,9.219413757324219,-0.6471901535987854,13.114378929138184,3.9429988861083984,8.964629173278809,1.2746984958648682,8.992049217224121,-5.0621232986450195,8.315415382385254,5.123480796813965,7.658435821533203,-2.9163084030151367,8.064404487609863,19.7456366313626,15.174754914015558,19.405251694670145,18.994202866876954,19.430298704169978,18.90389435312626,48.10202016906491
ただ君に晴れ.mp3,143.5546875,0.0,0.6031829018114552,-13.354778289794922,1.4274542331695557,0.043693527579307556,0.13100958031859028,2793.308926783205,828.4221179306837,5777.82529879234,1632.1225078274267,-17.804128265380857,-11.287632942199707,-9.000012969970703,68.82024383544922,31.04737663269043,-2.1205878257751465,21.174640655517578,36.08588409423828,17.598649978637695,3.5288426876068115,11.4640474319458,2.096562385559082,13.3478364944458,0.539607584476471,9.430132865905762,-3.876023054122925,12.044492721557617,-0.6626867651939392,8.281429290771484,-0.7075126767158508,8.063313484191895,-3.1847171783447266,8.494853973388672,4.184062957763672,7.999800205230713,-7.988204002380371,9.074641227722168,20.067932536305275,15.749863998565752,19.60816033717241,18.66315889840532,18.598619197402076,18.510819811279557,48.21280137563206
しるし.mp3,123.046875,7.0,0.8114572734239299,-11.516246795654297,1.170151948928833,0.02682703547179699,0.10519111399209896,2404.679148873171,773.161333138809,5187.960324190316,1596.698431563118,-14.187734985351563,-9.20803451538086,-7.454118347167968,87.30842590332031,32.70820999145508,-5.693675518035889,19.862512588500977,25.676651000976562,17.10665512084961,6.8934454917907715,12.607297897338867,4.285430908203125,10.363508224487305,2.7880589962005615,9.070516586303711,7.531356334686279,9.278219223022461,3.5936830043792725,8.391134262084961,10.278863906860352,10.115781784057617,-0.8221824765205383,8.484434127807617,7.4449310302734375,7.431419849395752,-0.5422646999359131,7.687106132507324,20.44717876373443,15.57029576498808,19.140013405723092,18.92412299485858,18.861648367505833,18.179564035714378,48.4096158341901
それでも僕らの呼吸は止まない.mp3,107.666015625,2.0,0.46136119090256594,-12.009264945983887,1.1869717836380005,0.04977162927389145,0.1662299435461762,3039.328427568279,574.7283286149684,5991.647136037475,1073.2296533075446,-14.224411392211914,-11.279180526733398,-8.75322608947754,56.15279006958008,22.26531982421875,-10.360893249511719,18.244665145874023,45.67859649658203,15.801644325256348,5.777246475219727,10.548739433288574,9.572322845458984,10.822639465332031,0.9982328414916992,8.00080680847168,9.77226734161377,7.923135280609131,-4.322550296783447,8.186077117919922,6.292562484741211,8.108077049255371,3.613172769546509,7.2779436111450195,4.7559733390808105,6.985355854034424,-0.7739259600639343,6.837042808532715,19.621493225744086,14.66885303543877,17.533337149385257,16.61093792800425,17.44331548054451,17.241527546205646,50.584553133980826
はいよろこんで ⧸ こっちのけんと MV.mp3,143.5546875,2.0,0.8609435223750364,-22.539722442626953,1.5989806652069092,0.027493266388773918,0.09289189750321475,2215.2052811486465,710.5532654397025,4638.523925571957,1726.1343538356548,-28.330136108398438,-19.270435333251953,-14.516377830505371,93.248046875,30.7574520111084,-7.747252941131592,21.104999542236328,19.16921615600586,17.479175567626953,8.618311882019043,15.336395263671875,0.20794111490249634,15.995798110961914,9.48775577545166,12.627297401428223,6.06334924697876,10.12012767791748,-4.2548370361328125,10.298715591430664,10.72689151763916,10.057538986206055,3.670088291168213,8.17160415649414,2.166594982147217,8.639786720275879,2.483438014984131,8.50229549407959,19.222098226155506,14.356428557909387,17.380548396116307,17.63498750229357,17.59927693425564,19.304250570177615,46.95749814943495
はいよろこんで.mp3,143.5546875,2.0,0.8586695621962346,-17.849695205688477,1.6127970218658447,0.023081494495272636,0.09844861101134894,2360.4812404900676,720.2074543688576,4993.681583807328,1694.1088118866348,-23.70061492919922,-15.007182121276855,-10.03364372253418,88.48173522949219,29.05963706970215,-5.009537696838379,20.280902862548828,19.458667755126953,16.52001953125,8.111943244934082,14.745064735412598,1.383382797241211,15.389463424682617,8.808801651000977,12.229562759399414,6.4264750480651855,9.960408210754395,-3.9531593322753906,10.24173355102539,10.929621696472168,9.896706581115723,3.7610065937042236,8.132611274719238,2.5971102714538574,8.62916374206543,2.542754888534546,8.468376159667969,19.425749463374647,14.344437966984069,17.3574214786946,17.672982854547197,17.595751470509075,18.9878218236427,47.42083506464954
なとり - Overdose.mp3,117.45383522727273,2.0,0.8819349019299434,-16.874637603759766,1.6360712051391602,0.029556183144450188,0.09723430174020198,2377.348476845474,961.027114732566,5203.0656965457065,2121.210908807804,-20.591614532470704,-15.861860752105713,-10.551840877532959,96.25379180908203,37.874603271484375,-1.7816129922866821,26.57923698425293,14.48701000213623,18.34453773498535,8.844440460205078,13.177207946777344,4.975324630737305,12.816278457641602,1.9645459651947021,12.349700927734375,-2.7912046909332275,10.520345687866211,-1.0539716482162476,10.567397117614746,1.1410751342773438,8.760260581970215,-4.337381839752197,8.623028755187988,3.1772654056549072,10.152949333190918,-9.641273498535156,8.792323112487793,21.586997869804787,15.855840285110762,18.4658247495744,17.61450640222854,17.923861857806703,17.947454700961178,46.90608044501562
たりないふたり.mp3,129.19921875,5.0,0.38770726430837676,-12.287782669067383,1.5414769649505615,0.03695164620876312,0.1056254840825746,2426.8939131503926,732.7292562064392,5303.224930944139,1701.0563107068645,-15.51525478363037,-9.422393798828125,-7.318329524993896,84.7990951538086,31.4377384185791,-8.882272720336914,26.520448684692383,21.51140594482422,22.6995792388916,2.257624626159668,17.918407440185547,2.7693030834198,15.286243438720703,-0.8720785975456238,12.194876670837402,14.417121887207031,11.1035737991333,-9.136093139648438,11.223969459533691,10.558432579040527,10.979954719543457,-2.8778178691864014,9.281557083129883,3.599045991897583,9.265558242797852,2.945310592651367,8.042701721191406,20.380501715554402,15.95947225270458,18.07772414639101,17.89152542774446,18.084696128364456,18.76878237444629,49.48658478595057
ひゅるりらぱっぱ - HYURURIRAPAPPA.mp3,117.45383522727273,8.0,0.8264470078411753,-11.539011001586914,1.325696587562561,0.03309795260429382,0.11001739785047542,2560.5437189210325,736.071540500311,5390.433155406605,1552.616214314651,-12.680874252319336,-9.186020374298096,-7.26501317024231,82.56087493896484,29.369327545166016,-4.916324138641357,16.170368194580078,18.190349578857422,15.415648460388184,2.4773521423339844,9.944820404052734,5.381809711456299,11.189010620117188,10.501646041870117,9.77470588684082,5.182430744171143,8.851177215576172,5.642237186431885,7.81865930557251,7.149964809417725,7.35739278793335,2.8944339752197266,6.393166542053223,6.355027198791504,6.939560413360596,1.3203914165496826,7.7537455558776855,20.373222036085366,14.423034295394665,17.699087395370324,18.38450536252936,17.691279902165267,17.299865311723472,46.55317029245262
もういいよ.mp3,143.5546875,4.0,0.6879876881966538,-15.455521583557129,1.5262949466705322,0.027176400646567345,0.09703139014595565,2314.9428320053166,791.8217515527451,4830.771149935787,1703.2492335595073,-21.179650115966798,-13.145940780639648,-8.9219388961792,89.39369201660156,28.828941345214844,-8.701029777526855,21.005096435546875,21.36531639099121,15.67817211151123,7.5257697105407715,14.627808570861816,3.073211431503296,13.426104545593262,7.298677921295166,12.991255760192871,5.834841728210449,9.602384567260742,-4.162447929382324,9.890887260437012,11.296463012695312,11.317500114440918,1.4308234453201294,8.8313570022583,1.0155272483825684,8.241146087646484,2.007608652114868,8.461517333984375,20.051658591553025,14.846311118976736,17.896438494941123,17.43000358360844,17.807348094637444,18.51191022896893,47.24746655688307
ぼくらの (Bokurano) - Eve Music Video.mp3,123.046875,8.0,0.7146030996632873,-14.75812816619873,1.1023496389389038,0.06716766208410263,0.09370030112629055,2250.019231811722,767.4393516962788,4746.284902256166,1715.2337751376792,-18.817633438110352,-10.251289367675781,-8.388344001770019,83.621337890625,32.66704177856445,-10.634171485900879,20.53028678894043,34.137386322021484,16.67919158935547,18.723615646362305,11.725972175598145,6.8156890869140625,11.016974449157715,3.0122251510620117,7.36056661605835,3.9442052841186523,8.611896514892578,2.561774969100952,8.735486030578613,4.077732086181641,7.868974208831787,-1.244369387626648,7.480798244476318,1.2242345809936523,7.18558931350708,-0.7662901282310486,6.57269287109375,19.822805021895782,13.943680670832853,17.267940516463526,17.241347579622293,18.037381461843193,17.932843528224513,45.60395839237688
イガク.mp3,112.34714673913044,7.0,0.4360024050789876,-7.946685314178467,2.1271474361419678,0.020577924326062202,0.07679465964988426,2183.651971024357,786.9804294679103,4915.761523776584,1873.7014136385376,-11.638278484344482,-5.459535837173462,-2.970214819908142,97.46944427490234,34.2614860534668,8.873937606811523,26.349971771240234,21.980113983154297,19.339603424072266,0.8970393538475037,14.176055908203125,8.888910293579102,11.859085083007812,3.8974790573120117,9.664048194885254,3.6282083988189697,9.885306358337402,1.1463974714279175,8.960358619689941,1.4668612480163574,8.901140213012695,0.14976713061332703,8.087204933166504,4.080544471740723,8.682230949401855,1.2915377616882324,8.36641788482666,17.271638761538245,13.74222678600718,17.51580271431669,17.690010641828827,16.94146281539715,17.43004557531171,46.809327878025684
アウトサイダー - Eve MV.mp3,117.45383522727273,4.0,0.6719034438517212,-11.320416450500488,1.1981936693191528,0.03715544939041138,0.1439109523701859,2599.228073854051,600.2033445364981,4893.026130112387,1278.6487690189253,-11.237054824829102,-8.63624382019043,-7.13248872756958,75.31581115722656,25.55590057373047,-23.163955688476562,19.399627685546875,46.43000411987305,19.08207893371582,9.677328109741211,10.223206520080566,0.30166900157928467,10.206757545471191,4.432692050933838,8.399910926818848,5.491205215454102,7.840461730957031,1.9615793228149414,7.0891947746276855,5.3010783195495605,6.972315788269043,-0.8059516549110413,6.494328498840332,2.695516586303711,6.438877105712891,-1.3045071363449097,7.00742769241333,18.724908957786017,13.532788930353124,16.385810376388903,16.64360654002081,17.34132117801741,19.014956098725854,47.50092591992557
アマデウス.mp3,117.45383522727273,4.0,0.7440762477906833,-14.32387638092041,1.1264805793762207,0.05224814638495445,0.14630510265700483,3037.351045839534,919.2782069468961,6387.743567425272,1790.2805870871307,-22.511161041259765,-10.836755275726318,-8.38997220993042,63.61497497558594,28.39394187927246,1.535793662071228,19.558439254760742,23.76727867126465,14.4769926071167,9.013165473937988,10.786406517028809,5.847198009490967,11.067580223083496,5.460899353027344,7.959329605102539,9.433897972106934,8.21337604522705,1.2178367376327515,7.309006214141846,4.762486934661865,7.331071376800537,0.7561817765235901,7.3172607421875,5.019235134124756,6.786364555358887,-0.0012859960552304983,7.9435715675354,19.751490979944546,14.87729480451979,17.61997235948545,17.965534555327196,18.15089720060328,17.652240133678184,47.25754763975033
エンヴィーベイビー.mp3,112.34714673913044,3.0,0.7953107458390561,-16.818218231201172,1.468192219734192,0.04566167667508125,0.1391072201500513,2823.4223837485374,707.1156806005182,5582.805098130504,1348.4308325562852,-20.892284774780272,-15.104912281036377,-10.88143310546875,58.92533874511719,25.803905487060547,-23.34562110900879,17.866880416870117,28.518884658813477,16.921913146972656,9.448954582214355,13.481868743896484,17.188953399658203,10.34205150604248,6.810577392578125,8.666829109191895,6.756555557250977,8.697007179260254,5.184966087341309,8.173083305358887,2.11895751953125,8.126972198486328,-0.7824259400367737,7.072511196136475,2.704308032989502,6.681525707244873,0.9977760314941406,7.434270858764648,20.287119586760078,15.61285657199185,19.317795449459958,19.52037058575653,19.191284530783257,18.42144487552499,48.13620590910183
アヴァン(Avant) - Eve MV.mp3,123.046875,6.0,0.7713013649675293,-12.803413391113281,1.1644747257232666,0.040862519294023514,0.10821289602335545,2377.93429323008,688.1096168911878,4855.623032299441,1531.0895651913333,-16.132082366943358,-10.079813003540039,-7.23906946182251,83.08927917480469,31.125520706176758,-9.516887664794922,24.532501220703125,41.387271881103516,19.287845611572266,15.105844497680664,10.738868713378906,-1.4422738552093506,10.541919708251953,2.838764190673828,8.338361740112305,7.841662406921387,9.472454071044922,0.6878080368041992,7.587924003601074,5.421677112579346,8.002528190612793,0.07193812727928162,7.14238166809082,2.1143109798431396,6.964184761047363,0.3077346682548523,6.551833629608154,20.16299805458325,13.779854932793096,16.861273729003162,17.13946720709906,17.45190614673073,18.410666835938194,46.56331727747466
オーバーライド - 重音テトSV[吉田夜世].mp3,135.99917763157896,8.0,0.7526669519396473,-12.76203727722168,1.682511568069458,0.04756515845656395,0.1346718160624476,3120.560457092416,736.7510329109144,6990.764321825231,1232.3729958382526,-14.469873237609864,-11.61633014678955,-9.695217323303222,68.04280853271484,20.197406768798828,15.54869270324707,16.418806076049805,14.284148216247559,14.190520286560059,-0.6936661601066589,9.575403213500977,4.577888011932373,11.04229736328125,3.23889422416687,8.982122421264648,3.985837936401367,7.043213844299316,1.4763630628585815,7.478010654449463,4.058570384979248,6.675873756408691,-4.299499034881592,6.855449676513672,3.875020742416382,6.715953826904297,-4.009925842285156,6.575238227844238,19.37523785563881,14.975483459494747,18.24935681786479,19.192126881559346,17.497797282834366,16.63371922405905,47.084974346948485
やんぐわーるど prod. NEE (Lyric Video) ⧸ キタニタツヤ - Young World prod. NEE.mp3,99.38401442307692,5.0,0.7581797196523319,-12.213932991027832,1.2883074283599854,0.02281332202255726,0.10474122441352346,2250.998300111362,677.1434890187414,4547.682746108125,1488.478272922944,-18.140506362915037,-8.93775463104248,-7.087153482437134,91.33550262451172,29.799840927124023,-16.75613021850586,27.58648681640625,25.878591537475586,17.621374130249023,6.283499717712402,13.629728317260742,1.4401218891143799,13.3876953125,-0.9796367287635803,10.86125373840332,7.152108192443848,9.833793640136719,-0.2450380176305771,12.588066101074219,8.950051307678223,10.092771530151367,-4.545457363128662,9.947482109069824,2.846855878829956,8.132661819458008,-2.8006086349487305,7.901951313018799,19.641657190928772,14.424362861506914,17.426151808779135,18.49601932967592,18.144568554222463,18.99043671844801,49.0562937828463
ガランド ⧸ ピコン(cover) - Eve.mp3,92.28515625,2.0,0.7032741304054748,-9.54883861541748,1.4084986448287964,0.013150501064956188,0.09821291705429634,1997.4521164359292,639.6199484777853,4009.8524782751183,1434.6317858444027,-10.537316989898681,-8.072661876678467,-7.035793876647949,108.25017547607422,29.264801025390625,-14.977511405944824,26.45527458190918,30.63475227355957,20.47245979309082,7.112696647644043,14.627588272094727,7.0248212814331055,11.429192543029785,1.6600524187088013,11.304488182067871,0.8682036399841309,10.521305084228516,0.933273434638977,9.542611122131348,7.572868824005127,9.389321327209473,-0.4392010569572449,8.605321884155273,4.910046100616455,7.8977460861206055,-2.4561047554016113,7.597024917602539,19.713837177726052,14.966622624063163,17.919093449028477,17.571224486636975,19.266932773163038,19.570766816546953,48.48194759663417
キュートアグレッション ⧸ キタニタツヤ - Cute Aggression ⧸ Tatsuya Kitani.mp3,99.38401442307692,8.0,0.6596432631336047,-13.807238578796387,1.5720990896224976,0.020735228434205055,0.09882228944359756,2241.2781423128395,843.1087024577898,4638.718068192645,1701.1363913550742,-20.023272895812987,-11.863555431365967,-6.562105989456176,88.38192749023438,36.946388244628906,-10.319647789001465,30.504777908325195,38.928836822509766,19.93303108215332,11.42428207397461,18.740354537963867,4.332083702087402,17.586036682128906,0.9379923343658447,13.781414031982422,5.529409885406494,11.820536613464355,-12.114965438842773,14.146653175354004,11.101848602294922,12.054877281188965,-4.221292972564697,9.869991302490234,-1.941250205039978,9.825493812561035,-3.2169909477233887,8.774389266967773,22.117002181015636,16.343412446877668,19.298038186531446,18.660301240043843,18.82195847260596,20.63226088514919,50.87165054667607
カラノア - 番(Official Music Video)【TVアニメ「ガチアクタ」第2クールエンディング主題歌】.mp3,107.666015625,3.0,0.6479420789831816,-18.33030128479004,1.3141106367111206,0.11128901690244675,0.1015545995452874,2484.9681674450844,989.228124096326,5414.607739108643,1996.3880610801089,-20.954153060913086,-11.583744525909424,-8.822442722320556,66.08084106445312,29.690534591674805,-2.850613594055176,17.755680084228516,24.8799991607666,15.791695594787598,6.384332180023193,11.178143501281738,9.472006797790527,10.484580039978027,1.1794705390930176,9.40088176727295,6.754863739013672,9.306859016418457,0.709537923336029,7.942452430725098,5.934493541717529,7.865952491760254,1.1036216020584106,7.524452209472656,2.7978506088256836,7.187165260314941,-1.597521424293518,7.049158096313477,19.534701567080784,14.329946884592237,16.960592818752332,16.36284699796867,16.06942025986999,15.63975705124347,44.69533587416609
スイートメモリー - Eve  ×「小市民シリーズ」 MV.mp3,161.4990234375,2.0,0.6799395263669858,-14.13499927520752,1.2627978324890137,0.03373169153928757,0.11039930202769392,2270.9873237016736,792.019608167128,4661.250874279712,1768.8582691093209,-17.617179298400877,-11.088529586791992,-8.731043815612793,93.87538146972656,36.08946228027344,-6.18105936050415,23.789409637451172,21.260679244995117,19.589954376220703,6.134862899780273,14.103135108947754,0.32614850997924805,11.742518424987793,-1.0548478364944458,10.781840324401855,1.0987945795059204,10.027352333068848,2.915208578109741,9.998950958251953,5.8414306640625,10.38105297088623,-0.4535142183303833,8.359253883361816,-3.961143970489502,9.326401710510254,-3.4238803386688232,8.149601936340332,19.54401216522327,15.319365931509102,19.001068012491558,20.377572501846632,20.684492377918712,19.457701552713317,46.96202209888287
カナデアイ.mp3,95.703125,8.0,0.8585653561900672,-10.061656951904297,1.159964919090271,0.03522603213787079,0.13613331818860785,2622.941932179377,709.3420826866951,5276.787334503679,1415.7451828021317,-12.4290132522583,-8.43508768081665,-7.4441577911376955,76.43576049804688,26.740352630615234,-13.617965698242188,24.177947998046875,33.81144332885742,14.592842102050781,6.791069507598877,11.706877708435059,7.443675518035889,10.231833457946777,5.348071575164795,8.065779685974121,11.093502044677734,7.1035356521606445,2.598738193511963,8.479453086853027,4.51359224319458,7.441657543182373,-3.8139543533325195,6.408748149871826,4.484137058258057,7.0057373046875,-0.7673254013061523,6.572995662689209,18.58473545492432,13.92160480312595,16.4395808109648,17.619047524263095,18.100748782619323,18.125626650669872,48.26385301054494
オートファジー.mp3,135.99917763157896,3.0,0.7209891028954475,-9.608654022216797,1.3399170637130737,0.03536131605505943,0.11526212764937024,2528.5778622748867,695.0577795313569,5306.388181836599,1233.7790738539416,-12.167828273773193,-7.555673599243164,-5.878282260894775,84.89328002929688,27.08771514892578,-8.06078052520752,19.87721824645996,24.268144607543945,14.166376113891602,0.4708290696144104,9.879149436950684,11.34205150604248,9.716960906982422,0.47917425632476807,7.744509696960449,6.424414157867432,8.82827377319336,4.407655715942383,7.736307144165039,4.090559482574463,7.992707252502441,3.931980848312378,8.057490348815918,4.514469623565674,8.547744750976562,0.7227610349655151,6.836363792419434,17.98038036358228,12.886600682432348,15.845147055631381,15.769757791312133,16.895058578113577,16.78863094219225,49.190439793311455
イエスタデイ.mp3,129.19921875,7.0,0.8296263026457492,-11.695406913757324,1.1942867040634155,0.02757158689200878,0.09884542176827849,2233.686215786072,708.1603488865178,4740.204416421288,1675.8663298937483,-15.690922546386718,-9.655266761779785,-7.0382164478302,97.07414245605469,32.26081466674805,-7.157802104949951,16.085500717163086,21.73401641845703,13.189249038696289,5.891979217529297,10.858556747436523,6.4419331550598145,10.77896499633789,-2.6789207458496094,8.536520004272461,5.152430057525635,8.108511924743652,0.9864529371261597,8.612833023071289,4.566577911376953,8.149413108825684,-4.16064977645874,7.784332752227783,3.3574109077453613,7.843827247619629,-2.3447046279907227,7.361168384552002,19.027195805960947,15.877967377256292,19.278153820080586,19.725137279264807,19.873771868878727,18.52918201819405,48.67633219894291
シャルル／バルーン (self cover).mp3,143.5546875,7.0,0.7404684682182254,-12.204891204833984,1.3742425441741943,0.035340774804353714,0.15294649465983023,2744.092636270842,741.7805391640863,5360.275773923548,1543.8588345541377,-16.9258674621582,-10.156413078308105,-8.469789695739745,69.40621185302734,34.74950408935547,-17.86589813232422,22.725221633911133,30.329692840576172,19.160558700561523,6.061756134033203,14.069777488708496,-4.653432846069336,12.532894134521484,-3.298734664916992,11.349501609802246,3.4755859375,10.102450370788574,-2.764570713043213,9.16883659362793,3.334442377090454,10.154568672180176,-1.0724208354949951,8.10216999053955,1.2140960693359375,8.200398445129395,-4.8645124435424805,8.48373031616211,18.34919319879217,15.000938642672844,18.442308689111165,18.140314674831437,19.323246319673142,19.07097016009149,48.77588322097101
ウルトラトレーラー／重音テトSV.mp3,103.359375,9.0,0.574002789007179,-12.31679916381836,1.1724330186843872,0.0560382716357708,0.14697834794839615,3189.089733874505,593.7417964021228,6661.395230954996,1249.9768717879888,-13.781779670715332,-9.458406448364258,-8.312004661560058,52.236270904541016,17.369535446166992,2.7683358192443848,17.008766174316406,27.345266342163086,13.609414100646973,5.547025680541992,13.050678253173828,12.080658912658691,9.517632484436035,6.112747669219971,7.951889991760254,7.504562854766846,7.208944797515869,5.435827732086182,7.912031173706055,5.572793483734131,6.739788055419922,-1.4466326236724854,7.019805908203125,3.7611966133117676,6.680667400360107,-3.310945987701416,7.732167720794678,18.90148425804959,14.189689347838515,16.136602257522874,17.44393324385266,17.234465337186304,16.78209079607278,46.342949580030435
ツユ - デモーニッシュ MV.mp3,129.19921875,7.0,0.47199891555635237,-14.09998893737793,1.2999337911605835,0.035707443952560425,0.13375850101169065,2661.161034254201,635.9989730189899,5291.539902062725,1226.719408958765,-16.21946964263916,-11.817562580108643,-10.158905029296875,70.65763854980469,24.939382553100586,-21.862104415893555,18.838407516479492,28.642261505126953,15.893960952758789,6.29733943939209,11.483907699584961,12.059480667114258,11.481362342834473,5.492734432220459,9.899208068847656,5.917061805725098,9.751886367797852,3.3831863403320312,8.551201820373535,6.318536758422852,9.282552719116211,-3.1710398197174072,9.290728569030762,1.960222601890564,8.69626235961914,-4.8041157722473145,9.321544647216797,21.623344500084364,14.410205237802556,17.952727818962572,17.891171766242554,17.890704693185867,18.226359143518568,48.406708726420625
テトリス ⧸ 重音テトSV.mp3,112.34714673913044,4.0,0.5008638198184022,-11.333751678466797,1.583473563194275,0.055304888635873795,0.1428745445570754,3375.1423537075566,701.108558832261,7053.175963013709,1232.4292270072467,-13.421968460083008,-9.865029335021973,-8.111149787902832,42.98931884765625,20.570720672607422,8.123019218444824,18.16870880126953,29.740341186523438,13.5098295211792,10.712079048156738,10.436567306518555,17.06703758239746,10.985487937927246,8.574292182922363,8.737882614135742,11.234746932983398,8.038457870483398,6.126586437225342,7.863809585571289,7.289814472198486,7.146961688995361,0.6066272258758545,6.944111347198486,4.681725978851318,7.609261512756348,-1.918758749961853,7.721022129058838,20.58058958597609,13.571728983276593,17.595354365684432,18.34831435534621,17.302347273453954,16.744519850825366,47.039295611546336
アポトーシス.mp3,151.99908088235293,9.0,0.5823226134051815,-14.66385555267334,1.1927440166473389,0.027301695197820663,0.081411821712643,2317.438212796224,741.0869081525306,5275.192785853994,1691.8929185965321,-23.251187324523926,-10.930568218231201,-8.24378547668457,84.6358871459961,31.810928344726562,4.142335414886475,17.279882431030273,21.179885864257812,15.673282623291016,9.007073402404785,12.595682144165039,11.303607940673828,10.643259048461914,1.7576876878738403,10.126629829406738,6.015425205230713,9.323392868041992,-2.1071054935455322,8.947572708129883,7.240663528442383,9.929094314575195,-2.98408579826355,8.93104076385498,-0.2217203676700592,8.642370223999023,-4.570125579833984,8.539148330688477,21.638403377135283,16.524159387473084,19.60395613780338,19.578421317649042,18.960740127973597,17.462035379502918,48.22578045673566
スカイクラッドの観測者.mp3,112.34714673913044,5.0,0.8100801633408985,-14.011470794677734,1.1660876274108887,0.05335066094994545,0.13403059122546543,2810.8179333818307,826.9422410468911,5970.751268272602,1644.0154048547247,-18.41499137878418,-11.741714477539062,-9.773307800292969,72.46839904785156,30.11107635498047,-0.34853416681289673,17.201202392578125,24.001489639282227,13.988863945007324,2.6013524532318115,10.775701522827148,6.496683120727539,9.685962677001953,2.648777484893799,9.082767486572266,7.8812360763549805,9.081229209899902,-0.0005209608352743089,7.660216331481934,5.784476280212402,7.421754837036133,-2.238764524459839,7.06234884262085,5.343785285949707,7.572410583496094,-1.5508971214294434,7.274159908294678,19.12788885179024,14.505223754821595,17.04876836634907,18.24440269487391,18.17079948760248,17.60433360544274,48.66901429741133
スカー (Lyric Video) ⧸ キタニタツヤ - Scar (Lyric Video) ⧸ Tatsuya Kitani.mp3,129.19921875,8.0,0.7699906564393367,-13.04135799407959,1.188611388206482,0.042464837431907654,0.15880748027967012,2819.914990263377,579.8011355995835,5584.482587319884,1050.5643808556447,-19.45955753326416,-11.219243049621582,-8.345272541046143,65.7708740234375,21.582500457763672,-18.879955291748047,19.036075592041016,39.50167465209961,14.426867485046387,5.727960109710693,13.421487808227539,17.28249168395996,12.719071388244629,-1.892490029335022,8.676352500915527,4.5279951095581055,7.7771992683410645,-2.8101158142089844,9.340270042419434,5.733526706695557,9.057293891906738,-2.064781665802002,7.561492919921875,1.782209038734436,7.880545616149902,0.1686984896659851,6.82417631149292,18.51640056588263,14.269528389975621,18.37931428426468,17.558301713031998,17.56494034114807,17.16211528331449,50.16045162112897
タイニーバニー.mp3,117.45383522727273,1.0,0.5240499560618487,-14.682339668273926,1.6145591735839844,0.0651203840970993,0.1713131994387102,2945.2556300071683,861.3689605672798,5781.760891290966,1680.9608592499324,-23.004584312438965,-11.211222171783447,-8.363420009613037,55.763301849365234,34.265865325927734,-20.654253005981445,22.631505966186523,21.38492774963379,17.698179244995117,3.384639024734497,15.465270042419434,4.833251953125,14.715319633483887,-6.274535655975342,14.568575859069824,1.376054286956787,11.510533332824707,-2.448773145675659,11.292905807495117,1.610105276107788,10.610819816589355,-7.171863555908203,10.522392272949219,1.332329273223877,9.795557022094727,-3.4825735092163086,10.670097351074219,19.101774446115897,13.984471259974894,17.746624884871014,18.345672011464817,19.241177952469712,17.743190871265615,47.605559634960755
テノヒラ.mp3,103.359375,4.0,0.7554342492049461,-12.018999099731445,1.1003637313842773,0.04105009138584137,0.13833462593426601,2631.505421740542,671.1511349583658,5306.039032181272,1264.9031378958275,-12.82807903289795,-10.220125198364258,-8.562356948852539,77.97586059570312,24.014122009277344,-10.40458869934082,15.267891883850098,37.48408126831055,14.860013008117676,3.272721767425537,8.407272338867188,2.7530479431152344,8.03328800201416,0.3794778883457184,6.302608966827393,5.414927005767822,7.424282073974609,4.052404880523682,7.069333553314209,4.001094818115234,6.82427453994751,0.33772897720336914,6.635828495025635,1.998996615409851,6.539899826049805,-2.400226593017578,6.090678691864014,18.14813804381778,14.32746597822042,16.690135504867296,17.382440503947347,17.60684868904551,17.464636454015807,48.228739006915006
ゼッタイMUST断面.mp3,143.5546875,5.0,0.8522904952260594,-12.266935348510742,1.1682556867599487,0.058005571365356445,0.14074838038598447,2845.6614805187546,564.0921696751935,5934.245092594438,1188.543938969272,-14.985559463500977,-10.3351411819458,-8.568254470825195,67.9864501953125,19.04475212097168,-8.389004707336426,17.232946395874023,27.078189849853516,13.651247024536133,3.6157684326171875,10.17495346069336,9.248673439025879,9.457572937011719,-0.2412741333246231,8.337045669555664,8.838235855102539,7.268939018249512,2.6455702781677246,6.884554862976074,5.686298370361328,7.258890628814697,-0.9145423173904419,6.483401775360107,3.1207783222198486,6.80448055267334,-1.2560486793518066,6.94569206237793,17.991166265086335,12.71657511364813,16.15815290749419,17.158776090210797,16.47913015631153,15.439495445552703,48.034159702763745
ショック！.mp3,135.99917763157896,2.0,0.6064944333906424,-12.739968299865723,1.3936055898666382,0.028849244117736816,0.1002063140570983,2125.9806292638445,520.5159819294048,4456.069499970055,1149.2781592481815,-16.204809188842773,-10.232839107513428,-7.757874011993408,96.16522979736328,24.942176818847656,-14.860746383666992,20.42904281616211,20.477012634277344,13.216259956359863,-1.1094889640808105,11.280219078063965,8.990857124328613,9.900997161865234,-1.0988236665725708,8.776637077331543,2.7545077800750732,8.834434509277344,0.7721902132034302,8.666699409484863,2.8596959114074707,8.361791610717773,-4.337766170501709,7.378864288330078,2.900571823120117,7.02523946762085,-2.662600040435791,6.7788472175598145,18.368203705562035,14.507433160702423,17.6016695124436,17.96961277713115,18.873262366896622,17.56408532512081,47.97871835591541
スターダスト.mp3,112.34714673913044,6.0,0.8374429982310108,-12.322059631347656,1.134821891784668,0.025677526369690895,0.09844404235614042,2409.4557714199505,641.2997052672429,5433.9524721781,1512.5430324248525,-14.325383281707763,-11.051012516021729,-9.14750108718872,89.8064193725586,27.35565757751465,-0.16424547135829926,14.721168518066406,17.482969284057617,13.193580627441406,10.165485382080078,10.384352684020996,9.949785232543945,9.773089408874512,5.003998279571533,8.871943473815918,7.149733543395996,8.235008239746094,-1.1024034023284912,8.360575675964355,10.02217960357666,8.21543025970459,-2.49957537651062,7.443463325500488,1.815753698348999,7.50791597366333,-4.051553726196289,8.205558776855469,19.572068996097745,14.554139579097066,19.209586581891358,19.23409423276106,18.688191353393332,18.10307476056116,48.39818990293803
ナンセンス文学 - Eve  MV.mp3,103.359375,3.0,0.4889246365940448,-11.297521591186523,1.2440495491027832,0.05823476240038872,0.16608696301135087,3097.19992431111,621.2040900578714,6321.741150684318,1240.7067860834004,-12.357712841033935,-9.359249114990234,-7.895151281356812,58.52383804321289,23.033239364624023,-10.4169340133667,19.840532302856445,30.097532272338867,14.80687427520752,9.937967300415039,9.687453269958496,5.895127773284912,9.189143180847168,-0.11044702678918839,8.111307144165039,4.952679634094238,7.337003707885742,3.0033998489379883,7.240870952606201,6.722121715545654,7.199049472808838,-3.917532444000244,6.794613361358643,3.3873143196105957,5.884488582611084,-0.8127680420875549,5.566910266876221,19.383916306778012,14.397008095003175,16.74873157325216,16.50774448342026,17.595197746162725,17.0355626287631,47.54450414225118
デーモンダンストーキョー - Eve   MV.mp3,107.666015625,10.0,0.6039941885391824,-14.76113224029541,1.2794668674468994,0.054856181144714355,0.14529755867864388,2984.902247173525,726.2417544825211,6503.09078069536,1437.4345442494673,-17.475199890136718,-12.910110473632812,-10.071465873718259,64.67532348632812,22.41563606262207,1.551560640335083,22.476078033447266,12.156017303466797,18.828601837158203,-1.2186788320541382,13.1602201461792,6.933536052703857,16.644874572753906,2.3823177814483643,10.206823348999023,9.312019348144531,9.812826156616211,6.390819549560547,8.638142585754395,13.501575469970703,8.317893981933594,0.46743762493133545,7.7090349197387695,2.3830559253692627,7.785072326660156,0.22787170112133026,7.992254734039307,18.270238178794497,14.172953501151385,18.10737560695907,18.859087387598443,18.425807468856398,17.36392084616097,44.71399829011007
トーキョーゲットー - Eve MV.mp3,143.5546875,3.0,0.58277392112402,-17.048288345336914,1.3525488376617432,0.09344073385000229,0.12074151130161231,2497.2860816580555,1017.9389048668339,5100.125489217937,2114.5569395250377,-24.651681518554682,-10.531061172485352,-8.041170501708985,71.0858154296875,36.77869415283203,-11.240376472473145,28.63893699645996,37.88603973388672,25.12894058227539,8.499706268310547,11.414628982543945,4.176703453063965,11.381196975708008,7.64095401763916,10.137297630310059,2.365314245223999,9.167274475097656,5.235097408294678,8.30781078338623,6.3324384689331055,10.276717185974121,-1.946662187576294,7.562958717346191,0.6633108854293823,7.854250431060791,2.28974986076355,7.393922328948975,19.92557231883209,14.184543246733249,17.05804513066387,17.007747130388143,17.924460413753117,19.150224639040026,44.86789118748273
ドラマツルギー - Eve  MV.mp3,151.99908088235293,9.0,0.6607175150831635,-12.593280792236328,1.2877382040023804,0.05976206809282303,0.11694698122873949,2621.8296384888963,807.852177284081,5440.562254267605,1675.230033365762,-12.16162281036377,-8.66695499420166,-7.221177196502685,69.68816375732422,27.4013729095459,-5.865471839904785,19.397314071655273,32.87586212158203,17.576356887817383,12.199638366699219,10.82459831237793,5.774118900299072,11.54889965057373,2.945633888244629,8.667083740234375,7.249675273895264,8.644318580627441,1.2483795881271362,7.722322940826416,7.658801078796387,8.065415382385254,-0.47187480330467224,6.647625923156738,1.51578688621521,6.789380073547363,-0.584919810295105,6.750480651855469,20.08944245267419,14.210802895026676,17.686152786502767,17.80171689253504,18.30639972779787,17.82811619118659,46.26153055400011
ハルカミライ.mp3,123.046875,5.0,0.6461100739986173,-11.047550201416016,1.1242597103118896,0.045023076236248016,0.16538357347109334,2782.9092499461344,655.6072103601339,5264.821585948766,1257.6244488051175,-13.637129592895509,-9.105599403381348,-7.573479509353637,68.17269134521484,25.731077194213867,-30.125871658325195,22.17127799987793,33.30364227294922,13.835782051086426,6.8061842918396,10.808963775634766,6.660447597503662,9.054646492004395,-2.219942092895508,8.553400039672852,7.026671886444092,8.08486557006836,5.372884750366211,8.080031394958496,-1.1283323764801025,8.454843521118164,-6.455340385437012,6.5935282707214355,4.514524459838867,7.251499652862549,-2.7664382457733154,6.066237449645996,20.317221484875063,14.490039185705003,16.869082932257783,17.425479681614895,18.364366045730126,17.655992055431533,48.524651774235295
ノーダウト.mp3,151.99908088235293,2.0,0.8020935169528548,-12.165095329284668,1.3228869438171387,0.06571093946695328,0.14216240636502187,2793.217324192995,782.5130410937848,5733.093969372736,1506.4465270973421,-14.379810237884522,-10.141345024108887,-7.419200611114502,68.54930877685547,27.94670295715332,-16.94659423828125,17.51449966430664,15.228963851928711,17.613637924194336,2.478642463684082,13.028233528137207,6.4718804359436035,10.685154914855957,-2.030752658843994,9.65343189239502,10.485615730285645,9.737585067749023,1.461385726928711,8.511367797851562,3.232445240020752,8.078495979309082,1.8204185962677002,7.992183685302734,5.6865949630737305,7.932406902313232,1.4448215961456299,8.080617904663086,20.813059258043143,14.372930948270739,18.375966034638164,18.73286793406977,17.22462958390605,16.45670297643119,47.494004614588434
パノプティコン ⧸ キタニタツヤ – PANOPTICON ⧸ Tatsuya Kitani.mp3,107.666015625,6.0,0.5983110760939833,-12.684529304504395,1.6527767181396484,0.027909304946660995,0.11007722386923276,2513.139361253852,784.6441479213929,5280.6122955749415,1652.3959181678274,-18.759098052978516,-11.327960968017578,-6.727643013000487,76.62283325195312,28.615251541137695,-11.154386520385742,26.16558074951172,23.95258903503418,20.85024070739746,11.033205032348633,15.776687622070312,8.897265434265137,16.440153121948242,10.089324951171875,11.42616081237793,11.123921394348145,11.414824485778809,1.369568109512329,11.063056945800781,7.859135150909424,8.906927108764648,5.482698917388916,8.733771324157715,2.1949005126953125,10.224591255187988,2.0141398906707764,8.89096450805664,19.00930479373314,14.882264916944319,17.860834860283855,17.965609337634948,18.074861180331116,18.334252150714505,47.02223931589392
ピノキオピー - T氏の話を信じるな feat. 初音ミク・重音テト ⧸ Don’t Believe in T.mp3,143.5546875,0.0,0.5394697577742689,-13.472978591918945,1.8967022895812988,0.04017038270831108,0.13242002692355578,2919.515698343599,991.2900245500185,5934.866977402889,1794.260275125671,-17.129107093811033,-10.900174140930176,-8.367664623260499,59.993534088134766,35.13959503173828,1.0018510818481445,25.42687225341797,24.319799423217773,23.123655319213867,1.6903331279754639,17.049203872680664,7.804869651794434,16.928007125854492,4.828218460083008,13.214314460754395,2.936856985092163,12.864891052246094,2.0505714416503906,10.825666427612305,7.243775844573975,10.1283540725708,-1.6108379364013672,11.291056632995605,5.48916482925415,10.371474266052246,-1.311989665031433,11.71168041229248,20.663345173898403,13.225012326009628,17.55091673566209,18.876040206996016,18.21501491103343,17.892881577571924,47.5708035589854
ハチ  MV「パンダヒーロー」HACHI ⧸ Panda Hero.mp3,95.703125,3.0,0.8156035782366843,-12.564142227172852,1.2480711936950684,0.03481914848089218,0.1273286526547252,2500.854796200246,683.7303844390274,5106.322076030431,1526.0977120185473,-16.916175842285153,-9.58865737915039,-7.890220260620117,85.28202056884766,29.819658279418945,-24.00330924987793,27.699365615844727,30.30695343017578,18.071805953979492,14.416913986206055,11.396647453308105,9.142683982849121,10.648818016052246,6.581892013549805,9.052027702331543,11.216998100280762,9.301410675048828,7.17244815826416,6.985651969909668,6.49128532409668,6.712228775024414,-2.6108603477478027,6.169654369354248,3.3510563373565674,6.269258975982666,-2.1436002254486084,6.645397186279297,17.164984119699042,15.065530893667804,16.622245595682067,17.300852498117106,17.75792902623722,18.032805249200393,47.77314452981626
ハイドレート.mp3,92.28515625,10.0,0.7451283428733187,-15.211739540100098,1.3837836980819702,0.03585844486951828,0.09931503412695292,2343.572014937478,898.915839974527,4839.48862100405,1742.7075266449613,-20.93339309692383,-12.198586463928223,-9.150018501281739,82.78733825683594,36.1205940246582,-5.399731636047363,24.569841384887695,28.052637100219727,20.595523834228516,-2.61069655418396,15.124937057495117,5.195549011230469,15.540298461914062,0.7312197089195251,11.155353546142578,2.146481513977051,13.585881233215332,0.33949390053749084,9.433277130126953,3.115072727203369,10.570775985717773,-9.105121612548828,11.49107551574707,2.357912063598633,10.82055377960205,-7.311521053314209,9.519523620605469,21.039274994745167,16.578702976119125,20.169824379745183,19.12302715016002,18.71134505138082,18.599290607750714,47.968689807844
パメラ／バルーン (self cover).mp3,99.38401442307692,2.0,0.8273689981337445,-16.57601547241211,1.5003923177719116,0.03778257966041565,0.10024589686612637,2305.853217347327,801.2975928710591,4859.884968517067,1785.6433619543611,-25.011311721801757,-12.979784965515137,-10.0264422416687,81.55937957763672,32.1820182800293,-7.805248737335205,21.29312515258789,24.533742904663086,28.004850387573242,7.518470764160156,19.00328254699707,10.031704902648926,14.75062370300293,-0.13329893350601196,13.713631629943848,4.771108627319336,12.617227554321289,4.439281463623047,10.612903594970703,6.9688262939453125,10.821147918701172,2.629688262939453,9.248489379882812,6.989806175231934,8.513795852661133,2.222679376602173,9.193289756774902,19.481020820999674,14.516506651538442,18.413359446186668,17.379996088507205,18.90394479198162,18.415381610257445,46.551843720294
ビッケブランカ - Black Catcher ⧸ Vicke Blanka - Black Catcher.mp3,99.38401442307692,2.0,0.8118069842061605,-13.273273468017578,1.1265653371810913,0.047527264803647995,0.11640056128640777,2735.458994558634,773.2395176936958,6090.331125967767,1586.8616845972986,-15.71363697052002,-11.202386856079102,-9.42939739227295,72.89654541015625,26.45754051208496,8.159887313842773,15.06974983215332,29.620159149169922,12.037374496459961,12.153340339660645,9.008245468139648,5.534151077270508,7.957064628601074,1.705694317817688,7.024445533752441,9.028647422790527,7.7559590339660645,-0.04005641117691994,7.516510486602783,5.338293552398682,7.536262512207031,2.466555595397949,6.565494060516357,3.6406283378601074,6.119729518890381,1.0457202196121216,6.167874813079834,19.529615130213163,14.111082293446216,17.20377778866519,17.597913881536243,17.73111060786454,17.033483834867866,46.429634792825844
フォニイ ⧸ phony - kafu [オリジナル].mp3,112.34714673913044,4.0,0.6433032989441289,-13.172811508178711,1.5011110305786133,0.03210743889212608,0.10272603819701456,2868.127421405136,869.4292986927726,6551.965838022183,1551.3972863946185,-20.06293773651123,-11.245099067687988,-7.440008163452148,66.68289184570312,23.53326988220215,10.995248794555664,23.352447509765625,16.225669860839844,12.766498565673828,9.65664291381836,14.383152961730957,16.336414337158203,11.758667945861816,6.128191947937012,10.154882431030273,9.788519859313965,9.519444465637207,2.4188950061798096,9.231687545776367,5.1485395431518555,8.790728569030762,0.4091739356517792,8.184794425964355,4.776411533355713,8.954788208007812,-0.7675868272781372,8.100777626037598,21.753612930165534,14.217972405535026,18.016280934358903,18.411169884604337,17.749672438176326,16.192678624267923,46.44526241446875
フラットウッズのモンスターみたいに – Eve × Deu MV.mp3,151.99908088235293,3.0,0.5815890728301857,-13.150590896606445,1.3932138681411743,0.080515556037426,0.14065041988529964,2814.9186324810585,996.6329701573916,5752.3707426264045,1943.3410325332477,-14.85737657546997,-10.472134113311768,-7.7226990222930905,68.0541000366211,39.73817443847656,-6.228282928466797,21.310815811157227,25.788049697875977,16.456600189208984,3.9704365730285645,12.647069931030273,11.230833053588867,9.851142883300781,0.13699989020824432,9.221850395202637,7.080221176147461,8.119093894958496,2.9333689212799072,8.646870613098145,10.942404747009277,8.000945091247559,0.2560725808143616,7.293140411376953,2.229372501373291,7.657393932342529,-1.282571792602539,6.638041019439697,20.481939357763526,13.760554533837777,16.741305293487546,17.08342216335977,17.776879233326746,17.216309747778663,47.16933151775043
フィナーレ。.mp3,86.1328125,6.0,0.814311314931561,-16.351280212402344,1.2905558347702026,0.02743234671652317,0.10164726390352558,2588.964191238178,1208.7309923503817,5872.950100537849,2439.6364440918237,-29.885027503967287,-11.812408447265625,-6.742329692840573,79.23214721679688,47.46870040893555,11.231072425842285,23.586135864257812,12.05749797821045,25.607879638671875,9.323715209960938,15.668119430541992,3.301943302154541,14.648406982421875,4.913178443908691,10.878312110900879,-0.007248483132570982,12.615594863891602,2.264707088470459,11.56132984161377,9.303189277648926,9.242253303527832,-5.646002769470215,11.355459213256836,5.119889736175537,9.634488105773926,-2.7111077308654785,9.90394115447998,19.21179059544799,16.9771888112526,20.406896919768496,19.479970084212937,20.026965739240307,18.97749188523406,47.868463785802945
ホワイトノイズ.mp3,143.5546875,9.0,0.6662838663731527,-11.5623779296875,1.1143996715545654,0.02088831178843975,0.08124179931013935,2195.356536994626,615.841263034985,4906.50852316677,1483.973912913259,-14.055551910400391,-10.435658931732178,-7.726378250122069,88.24241638183594,22.918292999267578,3.2500884532928467,19.143903732299805,32.83363342285156,12.76545524597168,11.00937271118164,12.941649436950684,16.511577606201172,9.574169158935547,5.767183303833008,10.123367309570312,11.336373329162598,8.049095153808594,3.6692965030670166,7.504751682281494,5.729058742523193,7.1507368087768555,1.4292635917663574,6.620096206665039,5.11538028717041,7.286497116088867,-1.8235673904418945,6.366220951080322,19.27877782066801,14.862943647959138,18.195917104197722,18.325360020335637,17.86958838128791,16.509513195461672,47.688227211331636
ファティマ.mp3,117.45383522727273,8.0,0.7333997106178819,-12.00403881072998,1.1399449110031128,0.047150399535894394,0.1481079113075309,2925.864799015375,587.386523162876,5763.300992164659,1120.3749821212004,-13.692486572265626,-9.755716323852539,-8.523501205444335,58.72270202636719,19.124542236328125,-14.662153244018555,15.333551406860352,38.13471984863281,13.079315185546875,11.972868919372559,9.271503448486328,7.977518081665039,8.802595138549805,8.066848754882812,7.531044960021973,9.03514289855957,7.266110897064209,7.039692401885986,6.930552959442139,3.2822203636169434,6.310421466827393,1.863573431968689,5.908346652984619,5.027349472045898,6.234329700469971,-3.075148344039917,6.456320285797119,20.174594376946082,15.227902883626657,18.129277775278744,18.03130069198047,17.137957494403356,17.619370209731944,46.415980556097246
ファイトソング (Fight Song) - Eve Music Video.mp3,123.046875,8.0,0.8507860861338119,-15.50779914855957,1.1842058897018433,0.06411094963550568,0.1338999113504498,2708.347584415012,878.1376987749139,5475.908368124788,1804.1301555041691,-21.954215812683106,-10.771477699279785,-8.499503993988037,68.33084869384766,34.06593322753906,-12.087194442749023,21.89264678955078,32.80577087402344,16.982627868652344,10.910125732421875,11.493403434753418,3.40037202835083,11.476537704467773,2.00132417678833,9.34994125366211,7.471817970275879,9.642646789550781,-0.834637463092804,7.714573860168457,7.752437591552734,8.756572723388672,0.6335006356239319,6.759479522705078,2.9367082118988037,7.165248394012451,0.6754756569862366,6.962596893310547,19.405176455679566,13.28341688613755,15.886216033494199,15.834812253536285,17.241565889704862,17.975438977126952,46.26772083956229
フレデリック「オドループ」Music Video ｜ Frederic ＂oddloop＂.mp3,117.45383522727273,2.0,0.7194587626225059,-13.811328887939453,1.268340826034546,0.05000648647546768,0.09705663975963669,2228.429009325919,597.4177850965501,4671.542075262379,1385.2634359431497,-13.781612777709961,-9.640411376953125,-8.145488929748534,86.70260620117188,25.63431739807129,-5.073195934295654,18.834091186523438,33.943504333496094,13.749191284179688,9.28877067565918,9.888471603393555,5.928253650665283,9.809608459472656,4.02748441696167,9.531599998474121,5.163636207580566,7.519059658050537,-1.3923320770263672,7.008370876312256,5.890343189239502,7.944513320922852,-2.904926061630249,6.790081024169922,5.030895709991455,6.441883087158203,-0.09739389270544052,6.9578118324279785,19.591011702520028,14.3448380725742,17.90069080681177,17.47292403669085,18.307364898194333,18.538919539780093,46.61202260891796
ヤミナベ!!!! (feat. Hatsune Miku).mp3,135.99917763157896,3.0,0.691443132252292,-16.92148780822754,1.314866304397583,0.039284393191337585,0.12436623799151028,2712.907419611108,842.406458021376,5892.431143180295,1612.9493851441362,-22.135931396484374,-14.323579788208008,-11.367021942138672,77.61902618408203,34.053306579589844,3.652087450027466,18.90252113342285,26.49118423461914,16.159793853759766,0.37226659059524536,11.080761909484863,10.949378967285156,9.597704887390137,-0.4761642515659332,9.5890474319458,5.982587814331055,8.2434720993042,-0.2650785446166992,8.352409362792969,1.6422330141067505,7.962774276733398,-1.6298692226409912,7.748129367828369,2.8365559577941895,8.595836639404297,-3.7567505836486816,7.918859004974365,19.287608244444815,13.31552774422564,17.05501961728216,17.281173758383535,16.851365002647373,16.876393703656575,48.93859503353968
モエチャッカファイア ⧸ 弌誠：MUSIC VIDEO.mp3,161.4990234375,1.0,0.5697938918255362,-19.756746292114258,1.5617890357971191,0.034938741475343704,0.11134230653764522,2612.8542490307477,779.5806370965662,5656.462003078921,1680.4090502582408,-26.45017566680908,-17.485624313354492,-14.300475311279298,75.8785629272461,30.162336349487305,-8.639540672302246,40.877071380615234,20.64410972595215,17.0626277923584,2.7411141395568848,21.29472541809082,10.61172866821289,13.119744300842285,-1.2103586196899414,13.514297485351562,6.222749710083008,9.132000923156738,-3.9672908782958984,10.3825044631958,5.759249210357666,9.28825855255127,-2.8652889728546143,8.980904579162598,3.5905675888061523,7.8085713386535645,-1.9978547096252441,7.340785980224609,18.69701942271586,14.640177687191505,17.129803729020473,16.22024651612227,16.36368554697009,16.866431684253147,48.86070593704115
ミックスナッツ.mp3,151.99908088235293,6.0,0.5772336379083544,-12.612667083740234,1.2426977157592773,0.029173007234930992,0.09620560540093316,2362.332493605022,562.4780679935542,5358.1249713897705,1244.6632592261647,-14.498644351959229,-10.65456771850586,-8.438265323638916,86.90886688232422,22.151142120361328,-0.003195391735062003,15.563482284545898,24.935195922851562,13.534846305847168,12.09068775177002,10.090198516845703,13.075596809387207,8.641698837280273,-0.8858875632286072,8.16661262512207,7.681013107299805,7.5698370933532715,0.9665042161941528,8.08293628692627,8.481180191040039,8.103114128112793,-0.07657390087842941,7.024197101593018,3.391798496246338,7.298511028289795,-4.174622535705566,6.509173393249512,19.36140436093383,14.194341057316686,16.90623141059589,17.79396719682374,18.51585745292529,16.79680631322514,48.35086824262837
メビウス／めいちゃん.mp3,135.99917763157896,0.0,0.6938957579692612,-10.278875350952148,1.2673455476760864,0.04510562866926193,0.12330351597588704,2855.6674884563645,699.068999380577,6132.596287790535,1408.8966508933925,-11.905617237091064,-9.33201551437378,-7.411626815795898,67.28032684326172,27.716901779174805,-4.775850772857666,15.79480266571045,24.577539443969727,17.13069725036621,9.041598320007324,12.337335586547852,12.815472602844238,9.834917068481445,5.435265064239502,9.50027847290039,7.643232822418213,8.156867980957031,5.088456153869629,7.572795391082764,10.714544296264648,7.887821197509766,1.6651383638381958,6.7645039558410645,5.944828510284424,7.351646900177002,-2.563868761062622,6.834706783294678,19.959748802214115,13.291769983162904,16.156408925470256,16.075724998681476,17.023721939949137,16.486170652708587,48.14764515665728
メーベル ⧸ バルーン(cover) - Eve.mp3,117.45383522727273,9.0,0.5117437668002721,-16.102359771728516,1.4920668601989746,0.04441174119710922,0.17368762593227474,2916.45428303271,834.9561916519962,5574.585718645683,1515.3105068289356,-22.43592300415039,-13.758886337280273,-9.752583694458007,61.62651824951172,31.310909271240234,-11.136443138122559,20.957067489624023,43.92782211303711,19.9007625579834,6.145535469055176,12.182943344116211,-0.7985590100288391,15.880343437194824,3.7103121280670166,10.753507614135742,6.041638374328613,10.433684349060059,0.15436777472496033,10.596099853515625,7.071800708770752,9.613411903381348,-1.7200192213058472,8.692774772644043,0.17681314051151276,7.91900634765625,-5.030937194824219,8.05350112915039,18.56367788760859,14.47618149440307,17.879360487999143,18.157984436875832,19.405719023453894,19.792078893039502,48.58066168315897
モニタリング.mp3,129.19921875,0.0,0.6923842462364046,-13.43115520477295,1.738048791885376,0.041314635425806046,0.12244259890019699,2685.3301951693516,895.5977384890609,5564.178273632428,1779.2420673514332,-20.423950958251954,-10.99732494354248,-7.223748207092284,67.90044403076172,34.460906982421875,-4.104551792144775,30.536123275756836,27.05739974975586,21.18379020690918,1.1099151372909546,19.26365089416504,9.053264617919922,15.251708030700684,5.679190158843994,11.682472229003906,3.6552586555480957,11.648004531860352,5.0786285400390625,9.666958808898926,5.7553229331970215,8.539271354675293,1.7692421674728394,8.448979377746582,5.616973876953125,7.808778285980225,-2.0031518936157227,7.920930862426758,19.731538494873007,14.119218135901141,17.77516808014141,17.78934979602388,18.2511082244531,18.155570079684068,46.56006245347433
メーベル.mp3,117.45383522727273,9.0,0.4765994280315202,-15.436354637145996,1.5777578353881836,0.04196276515722275,0.17114559441896024,2964.587378437665,829.3452559323856,5873.162055619266,1655.3000324148136,-24.629055786132813,-13.822382926940918,-8.709521293640137,61.384132385253906,31.577463150024414,-6.109825134277344,22.934490203857422,37.350765228271484,19.57069969177246,4.916224956512451,12.409672737121582,-2.86215877532959,15.000444412231445,6.1809492111206055,10.732804298400879,6.762021064758301,10.298907279968262,2.4126124382019043,10.706096649169922,9.223274230957031,9.820235252380371,0.06977879256010056,8.759316444396973,2.869053363800049,7.863134384155273,-3.298550844192505,7.996525287628174,17.182385112925008,14.597841015034907,18.231589103402165,18.390857748035845,19.323575723165003,19.87530107226232,48.365151061399196
マカロニえんぴつ「然らば」MV.mp3,107.666015625,10.0,0.8076094420837483,-24.7095890045166,1.1542240381240845,0.08867098391056061,0.13272891294386538,2749.831483976245,942.2374019425547,5775.734420977194,1846.1643103580948,-44.86090850830078,-17.87848663330078,-15.724184036254883,66.74201965332031,31.28908348083496,0.5405120253562927,18.476078033447266,29.714744567871094,16.97694206237793,0.4736615717411041,10.11192512512207,1.7426925897598267,10.560481071472168,-5.076422691345215,9.231585502624512,0.6025287508964539,8.248662948608398,-5.11337423324585,8.584863662719727,1.6604502201080322,8.266383171081543,-6.439947128295898,7.810079574584961,-0.3483772575855255,7.623589992523193,-2.6384437084198,6.724515914916992,19.825683404767673,14.660540389581286,17.623756213433758,16.750594579986952,17.031517181552594,16.75359240245437,46.929371797991315
ヨルシカ - あぶく（OFFICIAL VIDEO）.mp3,107.666015625,0.0,0.3116100002350893,-12.17502212524414,1.5775741338729858,0.02030136249959469,0.08747345782935094,2349.630263537755,919.3278337906596,5240.1998952999775,2037.8342548199948,-15.410637664794923,-10.27804183959961,-8.120498657226562,82.27686309814453,31.598371505737305,18.583301544189453,24.000423431396484,33.86764907836914,14.735878944396973,9.49675464630127,12.549546241760254,12.597589492797852,12.23859691619873,9.397704124450684,10.1369047164917,0.8362239003181458,9.288349151611328,-1.142401933670044,8.858840942382812,2.6255226135253906,9.206835746765137,-4.246585845947266,8.021181106567383,0.7588942050933838,7.843112945556641,-5.984574317932129,8.085047721862793,19.389536527264145,16.782345251865017,19.234259522926784,18.7351474161947,17.988246336655454,17.82588197732007,47.19740889694684
ヨルシカ - 又三郎（OFFICIAL VIDEO）.mp3,99.38401442307692,1.0,0.8208621381450633,-21.036113739013672,1.3111411333084106,0.04977552220225334,0.1317009982551401,2746.788498793134,760.8185948371035,5703.984258367611,1409.92870162766,-27.718829345703124,-17.84866428375244,-15.561764430999755,68.25448608398438,27.3679141998291,-3.3167343139648438,17.25801658630371,32.0648193359375,13.657546997070312,1.6288011074066162,9.84514045715332,9.246844291687012,11.10805606842041,2.178126573562622,9.127349853515625,4.31036376953125,8.814990043640137,0.5483845472335815,7.610065460205078,5.659024715423584,8.200716972351074,-4.609302520751953,7.710896968841553,1.0638607740402222,7.679720878601074,-5.250402927398682,7.149843215942383,19.995870683089976,14.91885872736859,18.18554028808326,17.70751250031314,17.667402820316532,17.419730223742796,48.73395882559249
ヨルシカ - 千鳥（OFFICIAL VIDEO）.mp3,117.45383522727273,9.0,0.8316684006940358,-13.735822677612305,1.4288631677627563,0.026613492518663406,0.09577874678313085,2253.5974156362886,675.6969745882104,4857.299924686138,1534.2256161599673,-18.41458625793457,-11.903623580932617,-8.750175666809078,93.00763702392578,31.1276798248291,1.6118110418319702,21.06066131591797,28.29572296142578,14.958536148071289,4.694131851196289,10.079445838928223,9.145386695861816,12.91641616821289,3.3747260570526123,11.211861610412598,0.5869616866111755,10.677809715270996,0.9835907816886902,8.591089248657227,4.197178840637207,9.52994441986084,-0.5025726556777954,7.930462837219238,5.47975492477417,7.712919235229492,-2.817884683609009,7.284864902496338,18.957844948950793,15.127600282146782,18.481499149112125,18.365111911343114,18.69070252057728,18.392915823663394,48.08771212256807
ヨルシカ - 修羅（OFFICIAL VIDEO）.mp3,99.38401442307692,6.0,0.8380534411619252,-13.559682846069336,1.8693768978118896,0.025839393958449364,0.08337965523030856,1993.1676481629793,847.8344146467921,4250.502307783542,1745.3748466180787,-18.274585914611816,-10.994832992553711,-7.97547378540039,104.71498107910156,40.507659912109375,-3.6005427837371826,22.19112777709961,25.46747398376465,16.197956085205078,0.5405213236808777,12.273698806762695,8.694256782531738,10.766179084777832,-2.650169610977173,9.44853687286377,0.18065430223941803,8.759244918823242,-3.4527742862701416,8.455327987670898,2.100461959838867,8.9611177444458,-2.8826088905334473,9.942180633544922,2.5034472942352295,9.087799072265625,-4.875231742858887,10.43122386932373,17.113222859215632,15.38943793709264,18.34047230618292,18.378488123974282,18.121924089668692,17.493756617411258,48.06662379011172
ヨルシカ - 斜陽（OFFICIAL VIDEO）.mp3,123.046875,11.0,0.8416637558235767,-23.298538208007812,1.4514720439910889,0.033592671155929565,0.11804719482531405,2698.4926833558256,1053.9214933117598,5644.098639712841,1891.8264166374365,-34.365339279174805,-17.86682891845703,-13.83933973312378,71.41596221923828,34.90613555908203,-1.4955395460128784,21.688579559326172,26.372920989990234,18.21617889404297,9.96255111694336,13.617384910583496,7.032045841217041,13.876298904418945,5.749633312225342,12.353424072265625,4.788516998291016,10.950102806091309,1.010593056678772,8.439619064331055,3.651437997817993,9.89016342163086,-3.4573726654052734,10.456140518188477,0.3358409106731415,7.927911758422852,-4.957639694213867,9.558770179748535,21.102304705757486,17.81984740179451,20.22278825062392,19.172969323735888,18.89467504654217,18.34669362035493,47.75569702086557
ミュージック.mp3,135.99917763157896,5.0,0.8133377822049571,-13.620490074157715,1.441763997077942,0.014750795438885689,0.06506317818790439,2110.3304916715,867.6280617296152,4817.832055822026,2155.3241731410603,-19.088220024108885,-11.81129789352417,-8.14477071762085,91.95704650878906,32.31867599487305,22.773122787475586,20.878324508666992,23.05558967590332,15.582018852233887,5.08237361907959,14.627153396606445,14.522643089294434,10.196666717529297,2.3350419998168945,10.77514934539795,6.480368614196777,8.379250526428223,2.174525737762451,8.17061710357666,9.370935440063477,7.82795524597168,2.4739835262298584,7.379262447357178,3.635308265686035,7.146426677703857,-1.0805314779281616,7.171365737915039,22.394126526486136,15.130640417056709,18.538485089870424,18.778237324779813,18.25191729691514,16.678567903982344,47.886099595534816
ヨルシカ - 思想犯（OFFICIAL VIDEO）.mp3,99.38401442307692,0.0,0.7779664971908575,-20.586091995239258,1.317675232887268,0.03094387985765934,0.09417602048820281,2315.535962295627,750.553067672152,5058.005151821776,1513.7472293502167,-28.249046325683594,-16.912843704223633,-14.242603302001953,81.88418579101562,27.997089385986328,4.374893665313721,18.93934440612793,32.58220291137695,15.473248481750488,4.440659523010254,12.380602836608887,11.28646183013916,11.820265769958496,3.711595058441162,9.196542739868164,4.771427154541016,9.073531150817871,-2.3676421642303467,8.831336975097656,2.3313591480255127,8.744571685791016,-5.360165596008301,8.372639656066895,2.853130578994751,8.443399429321289,-5.85801362991333,8.311201095581055,20.23669501302727,16.37686973310776,19.956683722944785,19.138153714123053,18.239955828225582,17.302212266294546,47.95723023096779
ヨルシカ - 春ひさぎ（OFFICIAL VIDEO）.mp3,95.703125,1.0,0.57358330492526,-13.091156959533691,1.2908809185028076,0.02767813391983509,0.09517419263347705,2257.684135520819,859.174951022966,4915.197188585416,1814.4949719791682,-18.90265998840332,-10.43123722076416,-8.671583938598634,94.4164047241211,33.974586486816406,1.1460449695587158,21.61627769470215,29.909133911132812,13.942461013793945,5.896544933319092,14.911974906921387,11.970647811889648,10.540451049804688,5.105297088623047,8.450098991394043,4.743818759918213,9.251757621765137,-0.5432465076446533,7.158555507659912,4.882725238800049,7.570935249328613,-3.087646007537842,7.292226791381836,4.727151870727539,7.197758197784424,-2.3948965072631836,7.646334171295166,20.439516570434595,14.91834960964214,17.604579730537797,17.498236488665402,17.569459393054583,17.750830341508415,47.8921713644371
ヨルシカ - 茜（OFFCIAL VIDEO）.mp3,117.45383522727273,11.0,0.6501588030343883,-17.65769386291504,1.7491953372955322,0.028514554724097252,0.08247578959703103,2313.0982655564835,1006.659479017402,5285.910266808031,2342.556221406452,-30.378342056274413,-13.885661125183105,-9.303918933868408,81.88953399658203,33.36811065673828,18.568063735961914,22.21065330505371,29.7222843170166,18.28177261352539,14.599541664123535,13.525880813598633,9.00876522064209,13.586996078491211,9.66299057006836,11.580151557922363,1.6624972820281982,13.489019393920898,2.7472381591796875,9.630574226379395,1.729274868965149,9.494705200195312,-2.3617916107177734,10.01849365234375,0.7871525883674622,8.368622779846191,-3.890960454940796,9.824174880981445,20.173207549343637,16.118940464431653,19.801420813309388,18.788172631819684,18.773945056717324,17.750227974935406,46.622725362755794
ラヴィ (すりぃ ver.).mp3,92.28515625,4.0,0.7868591516788633,-9.692309379577637,1.5322716236114502,0.03499026596546173,0.11440312530234133,2677.338875395782,748.9797941707228,5711.033521717178,1365.7247983190714,-13.789522743225097,-8.305222034454346,-5.650015592575073,74.1570816040039,26.224821090698242,-7.698971271514893,18.712936401367188,21.790321350097656,15.078923225402832,2.857804298400879,11.194080352783203,12.072486877441406,12.423097610473633,4.327531337738037,10.01355266571045,10.379136085510254,9.332158088684082,0.6347317099571228,9.436638832092285,7.274203300476074,9.524776458740234,-1.747162938117981,8.032394409179688,7.314026832580566,8.741175651550293,-0.785129189491272,10.152937889099121,20.81267707649922,14.129026471368999,16.518453704755352,17.179168364956542,17.267074834379052,17.08648007512728,49.23347556433472
ラブソング feat. Eve (Lyric Video) ⧸ キタニタツヤ - Love Song feat. Eve.mp3,86.1328125,5.0,0.7632119696191606,-10.608376502990723,1.6549263000488281,0.02583651803433895,0.09169317716407131,2366.603110546303,853.9320757332824,5011.868200119346,1798.1114420035663,-14.586430549621582,-9.264256477355957,-6.717395067214966,87.17010498046875,31.76042366027832,-5.463168144226074,22.018388748168945,24.138822555541992,18.36345100402832,15.8984956741333,14.338857650756836,8.902449607849121,13.75240707397461,1.470100998878479,10.877039909362793,3.2841544151306152,11.614450454711914,4.895030498504639,10.476619720458984,5.7827887535095215,9.850053787231445,-1.3936858177185059,8.775818824768066,1.657051682472229,8.684234619140625,-3.167165517807007,7.8648271560668945,20.11664057018105,16.47143935407242,18.432154220375836,17.74356809995607,18.356578167507408,17.46145239446853,46.21192890900008
ヨルシカ - 言って。(Music Video).mp3,184.5703125,1.0,0.5748450656356934,-15.282087326049805,1.3876763582229614,0.04556628689169884,0.12163867597428926,2597.1408850299777,863.3922318602607,5397.368647592301,1663.0394770556977,-25.273208808898925,-11.030255317687988,-8.925863552093507,72.36207580566406,30.056110382080078,-2.1755661964416504,17.825674057006836,37.86560821533203,17.671680450439453,4.871527671813965,10.77338981628418,5.461832046508789,12.639565467834473,1.377051591873169,9.033574104309082,4.9333953857421875,12.358742713928223,-0.17066344618797302,8.148351669311523,0.2119063138961792,8.474359512329102,-0.3058914244174957,8.25635814666748,3.2111968994140625,9.124907493591309,-2.5000922679901123,8.735355377197266,19.862615963120952,14.889931192702676,18.476307332558104,17.814851428905364,17.702780976334463,17.653626057314266,47.55308980875643
ロスト・デリュージョン.mp3,129.19921875,4.0,0.739168434826568,-13.071123123168945,1.8243944644927979,0.04938894510269165,0.13527036858127023,2749.9053225929215,987.1076885606439,5680.449876028319,1992.4614945280834,-17.697306060791014,-11.662952899932861,-8.651728534698487,82.30509948730469,50.33855438232422,-15.29649829864502,39.016231536865234,-0.3307490050792694,26.351760864257812,-5.362592697143555,13.952192306518555,1.9208557605743408,21.48532485961914,-5.191658020019531,14.123003959655762,1.9869017601013184,11.452698707580566,-4.428720951080322,12.536075592041016,1.852459192276001,10.472467422485352,-2.1170833110809326,7.795139789581299,0.2364720106124878,8.552431106567383,-2.3279354572296143,7.895317554473877,17.80039203125769,14.117059234277015,16.50223124620685,17.147640662892265,17.631701609942436,17.829369902786045,45.464537411545045
ヨルシカ - 晴る（OFFICIAL VIDEO）.mp3,103.359375,3.0,0.8522324699766352,-22.423519134521484,1.6235474348068237,0.02870013378560543,0.1244622471249895,2603.4270395089434,914.253220443107,5299.837702739392,1837.3980712027762,-29.880608749389648,-18.815589904785156,-14.232563781738278,64.6646957397461,36.28539276123047,-7.211868762969971,24.617067337036133,32.680564880371094,18.39508628845215,5.774401664733887,14.715519905090332,3.6639890670776367,18.50284194946289,6.316555023193359,14.257017135620117,2.4936773777008057,13.060553550720215,2.030120372772217,10.77479076385498,5.176034927368164,11.068089485168457,-6.735337734222412,10.897782325744629,2.9220848083496094,10.287577629089355,-2.2356925010681152,10.533952713012695,20.191834259108294,16.698197693752615,20.01066173949626,19.641089740444347,19.568372334576004,20.025023652232917,47.736637046143336
ラブレター.mp3,99.38401442307692,2.0,0.48881962244780225,-12.106760025024414,1.198256254196167,0.025530122220516205,0.11415397329307302,2440.5356674193977,626.162962634273,5001.795411125703,1322.727581180887,-16.32655143737793,-10.145210266113281,-7.0959649085998535,87.56805419921875,23.09293556213379,-14.360018730163574,16.215078353881836,15.97028923034668,13.588949203491211,1.4819287061691284,10.498565673828125,1.0595375299453735,13.08665657043457,4.173784255981445,10.12441635131836,-3.760486364364624,12.046874046325684,2.29702091217041,9.160201072692871,-0.6119718551635742,10.369482040405273,-4.664676189422607,7.969483375549316,-3.3632631301879883,9.237161636352539,-2.609534740447998,8.977864265441895,18.19590437152504,15.34076437303697,19.066721090439128,20.19491119090432,19.761272032427986,18.78903288547313,46.75297396083604
ラブ＆デストロイ　Cover. LOLUET.mp3,143.5546875,2.0,0.751455299306101,-11.178709983825684,1.3198555707931519,0.04629138857126236,0.13498683411151158,2811.0124367970716,534.7004944751307,6139.27589906465,1210.636348968087,-14.466813087463379,-9.350446224212646,-7.096294641494751,71.54946899414062,19.567298889160156,-8.545639038085938,18.220624923706055,20.814973831176758,12.642110824584961,7.986502170562744,12.354634284973145,7.3908305168151855,9.9555025100708,5.68727445602417,9.35330867767334,10.629948616027832,8.120439529418945,3.780222177505493,7.343894004821777,10.022721290588379,7.118095397949219,-0.6990255117416382,6.516330242156982,1.9641622304916382,6.878664970397949,-4.430845737457275,6.895607948303223,17.952895109641908,14.574198654327787,16.900034772545638,16.889755357560155,16.913117519424063,16.754397528991902,48.380881717309684
ヨルシカ - 都落ち（OFFICIAL VIDEO）.mp3,117.45383522727273,10.0,0.7787634181995091,-22.507246017456055,1.7773032188415527,0.03506304696202278,0.08464553641115558,2111.854061300475,901.896150187061,4549.047757092467,1955.9043840054774,-35.34125518798828,-18.557086944580078,-13.472126007080078,87.73973846435547,38.375640869140625,5.639059066772461,20.47828483581543,25.12308692932129,18.99658966064453,0.8995236754417419,13.004807472229004,5.00652551651001,15.139379501342773,1.771681547164917,12.507638931274414,-4.159559726715088,13.48592758178711,-1.0947108268737793,9.444404602050781,2.5645179748535156,9.1498441696167,-3.6151654720306396,10.982930183410645,4.017613887786865,9.390430450439453,-3.477163076400757,9.918131828308105,18.02526801477719,17.801122596971236,21.708445079769316,20.059749566725866,19.34263643276648,18.29361225973679,47.31805139786661
ラストダンス - Eve MV.mp3,117.45383522727273,5.0,0.7073994942777478,-9.30226993560791,1.2674369812011719,0.028535855934023857,0.11433411826466885,2523.675145401048,629.967930493435,5122.541155471625,1456.9389095971094,-13.208756256103516,-7.92531943321228,-6.0951393127441404,79.90331268310547,25.409957885742188,-15.130813598632812,23.414751052856445,40.21649169921875,19.1475887298584,12.86878776550293,10.14918041229248,-0.013629443943500519,12.026787757873535,4.490635395050049,8.839570999145508,5.731869697570801,10.305920600891113,4.343851566314697,8.250046730041504,7.221164703369141,9.392072677612305,-2.3546695709228516,6.947246074676514,1.7738155126571655,7.333095550537109,1.6007087230682373,6.663259506225586,20.63247717143874,14.600030107319801,17.376101200977338,17.354643285297566,18.250685031046096,19.429752174477898,47.198944232600304
ラグトレイン.mp3,143.5546875,2.0,0.6039934044737969,-12.991747856140137,1.3576850891113281,0.03608439490199089,0.12005352020615939,2652.106062198549,735.8364193537778,5792.427663673642,1469.6661064909376,-17.84238929748535,-11.111760139465332,-8.376072883605957,79.55738830566406,29.253971099853516,8.35437297821045,16.424386978149414,25.809457778930664,13.510440826416016,-2.582350730895996,10.717829704284668,8.282692909240723,9.410517692565918,-3.089569330215454,8.752562522888184,3.3558731079101562,9.270272254943848,-1.139790415763855,8.70059871673584,1.6832410097122192,7.35081672668457,-6.62692403793335,7.29274845123291,1.8202192783355713,6.736841201782227,-2.4382779598236084,6.9503254890441895,18.781912770997742,14.11646746933482,17.82743460147645,16.942586415737377,16.97847009324739,16.506631515977016,47.9650364153876
不可幸力 ⧸ Vaundy ：MUSIC VIDEO.mp3,95.703125,11.0,0.5559788214519459,-13.712621688842773,1.497151494026184,0.03116108849644661,0.08005415370148435,2168.811303921926,858.8984357050381,4659.132717855673,1822.1073971093608,-18.794981384277342,-11.431097030639648,-8.200673484802246,95.31893920898438,35.85533905029297,-0.5837920308113098,21.457128524780273,27.80872917175293,16.019859313964844,12.136921882629395,15.123062133789062,2.784273386001587,13.19994831085205,0.43803858757019043,12.11769962310791,2.813598394393921,10.404407501220703,-0.055197544395923615,10.063210487365723,4.1143574714660645,9.773473739624023,-0.09044583886861801,8.842971801757812,5.724437236785889,9.813176155090332,-1.5341941118240356,8.032428741455078,22.279307831343043,15.320368713819681,18.830892724591592,17.793968120314602,17.868749935250346,17.425265445079436,47.07719943990671
ロールプレイングゲーム.mp3,161.4990234375,4.0,0.7821278330107637,-12.03492259979248,1.3435769081115723,0.05114630237221718,0.13022784860752665,2930.2880840682596,704.4900719018287,6219.417858269034,1422.7653261607404,-18.177149391174314,-9.021273136138916,-6.822231149673462,62.740814208984375,22.41349220275879,-3.1885035037994385,21.504714965820312,19.79618263244629,16.336336135864258,1.2868727445602417,12.886739730834961,6.117406845092773,12.321118354797363,4.542597770690918,10.443934440612793,8.149580001831055,10.323592185974121,-1.4634767770767212,8.360630989074707,10.461936950683594,9.418585777282715,2.0039892196655273,7.4258646965026855,7.001020908355713,7.8189473152160645,3.460695505142212,7.9212565422058105,21.12359037081011,13.70781956543719,17.030346139428023,16.951120524960405,17.200097432414566,17.745007733049064,48.62819520499517
ワールドイズマイン-初音ミク「マジカルミライ 2021」Live- (feat. 初音ミク).mp3,161.4990234375,8.0,0.5621147433041401,-19.60839080810547,1.0986474752426147,0.023400338366627693,0.11473873407097836,2450.5534621109823,450.2355994449739,4998.515994322074,894.2336312545194,-21.294706344604492,-18.57754135131836,-17.1227294921875,82.51492309570312,20.34470558166504,-13.123661041259766,15.182814598083496,38.47772216796875,16.592782974243164,2.284262180328369,10.883273124694824,9.515578269958496,11.052149772644043,2.2188239097595215,7.715317726135254,-0.10344362258911133,8.711023330688477,1.2428998947143555,6.691654682159424,3.7993524074554443,6.895478248596191,-1.5813366174697876,6.872937202453613,3.7787818908691406,6.7367262840271,-3.657824993133545,6.261990547180176,19.895142778480082,14.715822454951901,17.519414865128496,18.149771411363737,17.05044565176406,17.676460723751372,48.477481247338915
伊東歌詞太郎「修羅日記」Music Video（TVアニメ『異世界失格』オープニングテーマ）.mp3,135.99917763157896,10.0,0.727902588463216,-11.956273078918457,1.323454737663269,0.034002333879470825,0.1111841654539613,2535.6283092727112,680.4230495310198,5388.484941683833,1403.88640138037,-14.019124984741211,-10.075818061828613,-8.506241798400879,78.42706298828125,23.69266128540039,-3.4764058589935303,21.166906356811523,29.512338638305664,15.193482398986816,3.531247138977051,13.077033042907715,10.869588851928711,11.553674697875977,-3.170564651489258,9.96500015258789,2.5294322967529297,8.371930122375488,-4.797134876251221,8.027326583862305,5.761838912963867,8.543649673461914,-4.548690319061279,7.878915786743164,0.38386762142181396,7.879265785217285,-2.3328213691711426,7.539334774017334,21.22894832501532,14.769062421206739,18.85165254682647,18.874981720275073,18.691838291900353,17.61118608172271,48.9738838156208
伊東歌詞太郎「月影おくり」  Lyric Video #MV #わた婚アニメ.mp3,143.5546875,3.0,0.8762625838796849,-15.734809875488281,1.1837002038955688,0.02409384958446026,0.09815662121294681,2162.6923982948906,669.603651015865,4583.248417662244,1487.7560083982064,-24.21122646331787,-12.526845932006836,-9.299349784851074,95.1173095703125,29.21518898010254,-6.322754383087158,26.31431007385254,27.64085578918457,17.106128692626953,1.6125885248184204,13.31519603729248,5.993122577667236,11.732144355773926,7.996068000793457,9.064205169677734,6.75754976272583,8.925873756408691,-1.1746329069137573,9.097174644470215,8.139715194702148,8.247577667236328,-0.1991514265537262,7.140130043029785,1.9312384128570557,8.121628761291504,-0.5393946766853333,7.775116443634033,18.372978311301075,15.396895075761895,18.801786928718144,19.76531547414287,19.112649310699098,19.58172096188458,48.35813470199258
不規則性エントロピー.mp3,103.359375,8.0,0.8618104095571817,-12.92893123626709,1.1637287139892578,0.046225644648075104,0.11229487971874724,2699.9360291818452,791.7532344048029,5932.7787642436515,1622.4633212122658,-17.066930770874023,-10.486116409301758,-7.1103105545043945,76.23778533935547,29.859981536865234,12.836708068847656,18.588041305541992,27.702463150024414,15.487937927246094,-2.8482673168182373,8.932121276855469,6.924618244171143,10.299890518188477,1.8080544471740723,7.948631763458252,-1.1925835609436035,8.167691230773926,2.5193254947662354,8.071954727172852,4.97428560256958,6.641323089599609,-3.903975248336792,6.820775032043457,2.497312068939209,6.651508331298828,-3.456083059310913,7.030729293823242,20.063297873130626,14.249134338787636,18.44044976119314,18.418938743821087,17.27294419117832,16.741715965607103,47.71097886954214
僕にはどうしてわかるんだろう.mp3,161.4990234375,4.0,0.8016349827336118,-13.535383224487305,1.4060323238372803,0.026848256587982178,0.09829307030621817,2304.3345490755337,801.1825441626206,4890.9459097971385,1617.078388766339,-23.62944107055664,-10.180227279663086,-7.034089660644531,83.89080810546875,29.18520736694336,0.03306431323289871,21.307355880737305,34.628875732421875,14.367133140563965,3.449735641479492,13.105745315551758,9.468374252319336,11.138229370117188,-0.7116690874099731,11.01006031036377,3.2748899459838867,9.889509201049805,-3.7442972660064697,9.258269309997559,4.502376079559326,10.837891578674316,-1.340142846107483,8.859347343444824,2.157984495162964,8.173136711120605,-2.4208133220672607,8.112319946289062,20.56821520900188,15.754952031467383,19.63917399628389,18.70268123478984,18.483698053970283,18.293700409985412,49.10878435360549
優しい彗星.mp3,89.10290948275862,11.0,0.5895872742410122,-12.190481185913086,1.4918638467788696,0.018964344635605812,0.09745155892721037,2428.7746800807085,829.1753526245134,5155.489386581793,1699.5325558043637,-16.13189277648926,-10.884965419769287,-7.58348274230957,86.28313446044922,34.50127410888672,-7.731619834899902,29.601987838745117,19.225326538085938,22.059329986572266,5.739975929260254,14.649134635925293,3.5997586250305176,18.267459869384766,6.731292247772217,11.657276153564453,-1.7402726411819458,15.636013984680176,4.753674030303955,10.176831245422363,-4.3299336433410645,13.269338607788086,-3.751749038696289,9.298140525817871,-5.50811767578125,10.4611234664917,-3.8507330417633057,11.173638343811035,20.013788051428957,17.037280967071432,20.399825663964744,20.563803387360846,20.445243044092535,19.609017717986394,46.543976601208826
寝起きヤシの木.mp3,161.4990234375,1.0,0.38517472771282585,-17.416261672973633,1.9575361013412476,0.058504618704319,0.15278093317260139,3372.2164814183798,1134.0331072765505,6971.117859792284,1883.8487137675418,-21.679171752929687,-15.031081199645996,-9.439659118652344,46.658119201660156,36.194847106933594,14.362298011779785,20.140897750854492,22.349008560180664,14.690862655639648,11.586630821228027,13.345015525817871,18.552154541015625,12.389189720153809,8.090932846069336,11.225093841552734,10.883711814880371,11.183950424194336,1.8060367107391357,9.670759201049805,5.370400428771973,8.167173385620117,-5.35742712020874,8.199685096740723,-1.115291714668274,8.060911178588867,-3.226491689682007,7.065783977508545,21.667483748404692,14.625262790187104,16.02128230091417,16.917721953167433,16.99922685589903,16.445547887884818,47.34190145788024
僕ら.mp3,161.4990234375,0.0,0.8433894739394767,-12.882710456848145,1.1900337934494019,0.022988056764006615,0.10563501721601365,2372.0717462861094,678.5065895682573,4988.994843732029,1470.506556776144,-18.937959671020508,-10.247553825378418,-8.25849552154541,84.04412078857422,26.44988441467285,-9.47385025024414,19.38425636291504,29.823787689208984,16.197769165039062,9.86508560180664,11.515398979187012,2.0305700302124023,10.213753700256348,-0.7158562541007996,9.486898422241211,5.14619779586792,8.826504707336426,1.7176146507263184,8.751564979553223,4.975551128387451,9.24145221710205,-3.3341565132141113,7.794663429260254,2.2126338481903076,7.495990753173828,-4.217337131500244,7.344317436218262,20.621939239641563,16.621982098855913,20.338550293729746,19.096281891084974,18.789988859376596,17.96231459374293,48.306015257621226
合法的トビ方ノススメ.mp3,135.99917763157896,4.0,0.3549389711928948,-14.029268264770508,1.5116139650344849,0.044192999601364136,0.14085070818619094,2792.9458815315447,725.52570539294,5907.22784206801,1534.3663376071186,-19.774534606933592,-10.965031623840332,-8.495033836364746,75.10921478271484,25.979373931884766,-8.645059585571289,34.937191009521484,14.844988822937012,17.50058937072754,-6.068045616149902,17.65627098083496,-2.98637056350708,15.431989669799805,-4.746415615081787,13.120545387268066,6.694902420043945,13.297954559326172,-15.080267906188965,10.440693855285645,7.829543113708496,11.956610679626465,-3.205296277999878,8.792588233947754,5.744164943695068,10.05637264251709,5.657063007354736,9.950447082519531,15.456287947154886,14.364148670547811,18.122700546581818,17.646821533904312,17.056033536544607,18.460221206150386,49.40085418530029
君じゃなきゃダメみたい.mp3,129.19921875,2.0,0.8512151819052308,-13.552056312561035,1.3244775533676147,0.05445108562707901,0.14248810885782348,2827.3610430858116,658.1949752122115,5940.172739899385,1235.8040935380566,-18.39875106811523,-10.892343997955322,-8.914594268798828,68.00764465332031,21.367719650268555,-5.773458957672119,18.009984970092773,22.789840698242188,13.549337387084961,3.849252939224243,10.97547435760498,14.421359062194824,10.707356452941895,2.011065721511841,8.308114051818848,6.8579888343811035,7.505226135253906,1.173890471458435,7.45073127746582,5.130880355834961,8.1914644241333,-0.495022714138031,7.042943477630615,4.473996162414551,6.965087413787842,-1.4721044301986694,6.806498050689697,17.321051525378234,14.382382434085349,16.946744160760613,17.785083136450854,18.182101541996666,16.994543332560042,48.34046608953042
大人になっても ⧸ キタニタツヤ - Even as an Adult ⧸ Tatsuya Kitani.mp3,117.45383522727273,5.0,0.4967537429947011,-18.770421981811523,1.3043670654296875,0.10671864449977875,0.1303242738596963,2735.0897948892707,1095.0759997671425,5778.857535713885,2109.0182139633253,-26.6347562789917,-11.515737533569336,-7.994792890548706,56.905799865722656,33.718666076660156,-6.052349090576172,18.473522186279297,23.287065505981445,19.899761199951172,14.496780395507812,14.250629425048828,8.893570899963379,12.4212064743042,-0.05130444094538689,10.385249137878418,13.468466758728027,10.237607955932617,-6.610056400299072,11.536602973937988,8.206768989562988,9.291712760925293,0.9549921154975891,9.005326271057129,-0.42985936999320984,8.424066543579102,-0.1747111827135086,9.575798034667969,20.95649689909058,15.235989170395898,17.470763249327817,17.09693713880133,17.30273692415479,18.11654510310877,47.333902470970116
回夏.mp3,117.45383522727273,4.0,0.8400182525404162,-14.826491355895996,1.260550856590271,0.01906665600836277,0.0689547689119768,1903.1515909261566,758.5392767614832,4213.896311236886,1954.6522686734204,-19.94506950378418,-11.547667026519775,-10.161022663116455,116.66017150878906,37.6532096862793,6.4640302658081055,20.83367919921875,14.584006309509277,18.059524536132812,1.7970770597457886,14.764453887939453,-0.9201978445053101,14.295385360717773,0.9331727027893066,13.279179573059082,0.2845897078514099,12.39581298828125,-3.8183069229125977,10.466900825500488,3.872603416442871,10.847277641296387,-5.912595748901367,10.00295639038086,1.5747063159942627,9.735048294067383,-4.706594944000244,9.254657745361328,20.876283566511837,15.513397595400264,19.20109700629304,19.179853970349523,18.276868652438555,18.041152332639424,46.806085816494644
千本桜 (八奏絵巻ver.).mp3,151.99908088235293,11.0,0.8244134895313182,-11.451891899108887,1.4008697271347046,0.02733558788895607,0.11196111659277681,2595.7915642464677,737.5183701728838,5704.189282057607,1453.520570116556,-13.98689956665039,-10.181039333343506,-8.222482299804687,79.81193542480469,24.014442443847656,-1.4094858169555664,15.513690948486328,15.472591400146484,14.284624099731445,1.1306687593460083,9.99990463256836,13.5584716796875,10.926387786865234,10.838945388793945,9.017589569091797,6.802391529083252,8.942901611328125,4.633784770965576,8.213001251220703,10.362191200256348,8.650341987609863,-8.29450798034668,7.915300369262695,3.6476705074310303,7.525976657867432,0.4157855212688446,8.205681800842285,18.040461304742433,13.572781649586299,17.61262020956293,18.821172971127037,18.33539174518433,17.653779878690568,48.13494729415214
威風堂々 (feat. 東雲彰人 & 青柳冬弥 & KAITO).mp3,129.19921875,2.0,0.6782780145368472,-13.060807228088379,1.5271230936050415,0.04966270551085472,0.12980770563002483,2918.8558193332083,895.000055215132,6044.0121639645895,1620.6981588646872,-16.980373191833497,-11.381323337554932,-8.923026180267334,63.427982330322266,33.97359848022461,-2.821533441543579,18.227664947509766,25.972410202026367,17.191226959228516,4.651957988739014,14.334238052368164,10.582310676574707,11.695575714111328,5.590606212615967,10.797700881958008,10.745277404785156,9.027488708496094,-0.02268722467124462,8.09095573425293,9.310364723205566,9.465182304382324,1.4529002904891968,7.223307132720947,3.2300665378570557,7.612382888793945,-0.10681166499853134,7.626316547393799,22.032103223986915,15.051725019754358,17.145033154331962,16.684440037791155,17.00200537242624,17.419209810578142,48.21149231646961
太陽系デスコ ⧸ ナユタン星人(cover) - Eve.mp3,151.99908088235293,5.0,0.5743559470713141,-13.024112701416016,1.2827991247177124,0.04465239495038986,0.14652374082876557,2821.3090728967945,708.2678054698315,5673.40764107464,1592.8526104542202,-13.561001586914063,-11.604076385498047,-10.460896110534668,68.81891632080078,25.72524070739746,-14.944864273071289,20.131933212280273,27.83529281616211,15.041155815124512,6.618476390838623,9.85545539855957,7.364743232727051,10.284785270690918,7.710659027099609,8.611468315124512,5.748782157897949,7.673166275024414,4.3092041015625,7.706115245819092,14.492203712463379,7.34033203125,0.8018836975097656,6.309196472167969,7.278195381164551,6.615062713623047,-0.7845906615257263,5.885342121124268,19.50097679405467,14.377768834082312,17.409874592185353,18.162993050540585,18.47162438609,18.787038220823845,48.164904236322286
名前を呼ぶよ.mp3,161.4990234375,7.0,0.7851675109252437,-12.866618156433105,1.135317325592041,0.0315142460167408,0.08334895245710576,2094.761676565342,787.9418907104074,4532.667749389316,1765.5467986035046,-17.446523094177245,-9.709911346435547,-7.8058463573455805,88.74040222167969,30.077266693115234,3.5325429439544678,18.501380920410156,36.6290397644043,17.0140438079834,10.052862167358398,12.476518630981445,4.381852626800537,10.272491455078125,0.3954809904098511,8.617168426513672,10.505200386047363,8.135799407958984,0.4766785502433777,8.18474006652832,5.155926704406738,10.55246639251709,0.3922206461429596,7.272892475128174,3.1481165885925293,7.324423789978027,-5.6654767990112305,6.680729866027832,20.82271600613873,16.65976805570498,20.42936557619327,19.132637760229173,18.335910574427302,17.489248724840177,47.95337622813592
君に世界 - Eve MV.mp3,161.4990234375,10.0,0.6851362421420328,-18.65046501159668,1.1519335508346558,0.07156095653772354,0.07042557952567961,1732.81404791776,867.5437476955427,3698.973268220593,2081.476806750578,-27.630090713500977,-11.785654067993164,-8.649818420410156,103.99007415771484,43.936012268066406,4.569840908050537,22.20511817932129,23.159833908081055,16.182498931884766,11.307917594909668,11.577513694763184,3.8577945232391357,11.64859676361084,0.5836042761802673,9.346908569335938,-0.5464538931846619,9.394454956054688,1.8320661783218384,9.445805549621582,3.872842788696289,8.979544639587402,-2.771282434463501,7.507272243499756,-1.562158226966858,8.38314151763916,-2.42411208152771,7.388953685760498,19.81428352336624,17.097240279412116,20.305466470315594,20.546799008105975,20.806204322493233,19.232192628260186,45.09936583394047
夜に駆ける.mp3,129.19921875,10.0,0.6124913934528454,-12.393110275268555,1.4511479139328003,0.02424498274922371,0.10292543930978115,2553.063894337692,723.1852737002965,5252.411049933697,1316.6225374585993,-15.287156105041504,-10.978907585144043,-7.869660377502441,73.36397552490234,25.95635986328125,-10.791979789733887,20.31133460998535,35.169456481933594,17.974735260009766,7.219907760620117,13.186501502990723,7.563127517700195,13.686752319335938,9.055868148803711,10.986419677734375,3.951840400695801,12.456732749938965,9.768887519836426,9.646172523498535,4.146282196044922,10.336753845214844,-1.6338865756988525,8.507102012634277,4.920164108276367,9.349835395812988,-1.0037951469421387,10.185144424438477,21.39655476847351,15.855603092196295,19.48144426239726,19.7110502298475,19.156121233232966,19.278047026451794,47.579812620384025
幾田りら「百花繚乱」 Official Music Video.mp3,151.99908088235293,2.0,0.41358466522926324,-21.26606559753418,1.4349619150161743,0.0370335690677166,0.11863216247521927,2562.104743508558,823.2180426539827,5148.1379195358495,1524.8612266238163,-28.15396156311035,-17.85388946533203,-15.734448432922363,76.88617706298828,29.169403076171875,-17.282472610473633,21.949703216552734,22.33265495300293,18.36029815673828,2.119633674621582,13.108552932739258,8.182168960571289,13.585241317749023,8.871971130371094,12.326332092285156,2.881958484649658,13.819601058959961,8.360825538635254,10.55943489074707,4.3505473136901855,9.330265045166016,-1.5163077116012573,8.655197143554688,4.129364013671875,8.578017234802246,-0.4227033257484436,8.49852180480957,18.149976409718207,14.39972862584467,17.944161715592067,18.098364315506497,18.236969614638234,18.871122418531773,48.1780527058966
小さな恋のうた.mp3,112.34714673913044,5.0,0.822221524172875,-8.739377975463867,1.1175299882888794,0.03826546669006348,0.12053168209188225,2853.2668813910927,529.1987450660783,6004.7200179631745,940.341914541744,-10.06149787902832,-8.160582542419434,-6.919945287704468,66.2712631225586,19.770021438598633,-6.360939025878906,11.980979919433594,29.769908905029297,11.736186027526855,2.8433103561401367,10.699186325073242,14.190610885620117,7.732102394104004,2.9224884510040283,7.609882831573486,10.098950386047363,7.8994951248168945,3.7997519969940186,6.580230712890625,8.433934211730957,7.074045658111572,-0.013072706758975983,7.121772289276123,7.731613636016846,6.473160743713379,-0.638890266418457,6.9431304931640625,19.512718799635767,14.703146953531494,18.403088242762923,17.19732782285796,15.759739149565924,16.008502689347967,50.04993927484579
平行線 - Eve × suis from ヨルシカ MV.mp3,123.046875,8.0,0.8589012663022281,-15.468860626220703,1.207843542098999,0.0234715286642313,0.09045971019847973,2114.271509710047,929.3625735641164,4432.488011540593,1991.8412563373638,-24.103407669067384,-12.272665977478027,-7.870608329772948,98.39013671875,44.824745178222656,-7.741341590881348,28.304523468017578,28.803922653198242,18.6662654876709,12.13127613067627,14.22815990447998,2.151430368423462,12.937379837036133,5.7672343254089355,10.466257095336914,3.40240740776062,11.182839393615723,3.371302843093872,9.299378395080566,5.71072244644165,9.571964263916016,-0.603865385055542,8.26408863067627,1.6311254501342773,9.00242805480957,-2.0586206912994385,8.416337013244629,20.575719003662417,16.442528318232757,19.702657393194063,19.95135890938858,19.75962827221477,19.923895112395364,47.919858740738476
廻廻奇譚 - Eve MV.mp3,123.046875,10.0,0.6985670369773177,-13.240288734436035,1.2306585311889648,0.05873112007975578,0.12889001117231344,2715.850072880957,837.4001192477808,5737.956351655062,1825.5087458913013,-17.727834701538086,-9.855826377868652,-8.07063341140747,72.91791534423828,32.9731559753418,-3.1423373222351074,27.631128311157227,31.53784942626953,18.96566390991211,10.117539405822754,11.649048805236816,7.91502046585083,10.085363388061523,-0.602663516998291,9.118827819824219,4.115085601806641,9.249672889709473,1.7191061973571777,8.137331008911133,4.719754219055176,8.290486335754395,-0.8537758588790894,7.045809745788574,0.40759921073913574,7.146679401397705,-1.2308357954025269,7.644896030426025,18.876809694336483,14.032106293570768,17.235566098062986,16.92836130237332,17.955781148666148,16.68527588222139,46.83377795327755
懺悔参り.mp3,143.5546875,2.0,0.7680851217936564,-13.38347339630127,1.4113515615463257,0.019329337403178215,0.106005859375,2140.6788418268898,632.3793373402069,4379.302781628025,1337.432775903913,-19.846001815795898,-10.340111255645752,-8.102773189544678,95.83805847167969,36.125492095947266,-21.1765193939209,30.932588577270508,5.570900917053223,19.936586380004883,-9.269978523254395,20.684587478637695,9.309717178344727,16.174028396606445,-2.002617597579956,16.770631790161133,-8.583333969116211,16.132041931152344,1.7613798379898071,13.511292457580566,2.857273817062378,10.671239852905273,3.213301658630371,9.293130874633789,5.666698932647705,9.397391319274902,-2.993103265762329,8.737433433532715,18.611734904611378,15.00653930203067,19.262990720856845,20.61631492633989,21.159717377922817,19.977200047388667,48.59931645502431
忘れじの言の葉 (安次嶺希和子)  ／ダズビー COVER.mp3,135.99917763157896,2.0,0.8669980206888105,-19.145347595214844,1.1962589025497437,0.014781794510781765,0.09684082698691662,2108.4465196953256,769.6007650939534,4285.0716803740115,1584.9377593539136,-26.027888107299805,-16.73185634613037,-12.606509494781497,93.84309387207031,33.36335372924805,-13.232747077941895,18.549612045288086,28.592334747314453,21.37060546875,5.972882270812988,16.810901641845703,11.1112642288208,16.473955154418945,-5.362522125244141,13.398303985595703,-3.760014772415161,11.704263687133789,-7.240738391876221,12.576632499694824,-9.336155891418457,12.362471580505371,-5.764658451080322,12.997865676879883,-6.118550777435303,10.855843544006348,-3.1046292781829834,9.261090278625488,21.01707618548779,17.9466147821297,22.71197788979503,21.542011934905315,21.32556150663637,19.613503808395727,48.140795785377776
悪魔の子.mp3,117.45383522727273,5.0,0.69440915436678,-17.125898361206055,1.1906623840332031,0.01828113943338394,0.09937922652585152,2204.337511424175,878.9624932346151,4489.488394183089,1822.2742467141536,-28.404373168945312,-12.012812614440918,-8.364240646362305,90.25228118896484,34.459171295166016,-8.599658012390137,19.002214431762695,13.654444694519043,18.951053619384766,0.3024090528488159,12.264217376708984,3.227555513381958,14.388395309448242,5.974206924438477,10.882712364196777,-0.3995436131954193,11.250688552856445,1.4529842138290405,10.340699195861816,11.42426872253418,9.7129545211792,-0.8202980756759644,11.436580657958984,7.478156566619873,10.403791427612305,0.7080390453338623,10.759459495544434,19.951474276553856,15.046963309204415,21.266130628416686,20.932178756107774,20.53657520402245,20.315278348261888,48.349286568303604
愛美「HELP」MV (TVアニメ『Helck』第2クール OPテーマ).mp3,117.45383522727273,4.0,0.8111497529075591,-15.642985343933105,1.2948616743087769,0.04324372857809067,0.10324745285506227,2440.8349945360924,629.0506868552648,5505.325870352991,1466.9455233651813,-17.392616271972656,-12.910624504089355,-10.511878967285156,80.7105484008789,23.017866134643555,-1.3991538286209106,17.706363677978516,15.641898155212402,15.778429985046387,4.702178001403809,10.508934020996094,10.933099746704102,11.037673950195312,9.337223052978516,8.948274612426758,12.327004432678223,8.881413459777832,3.27610445022583,8.694489479064941,7.273562431335449,8.567047119140625,-1.559552788734436,7.482393264770508,3.304802894592285,7.657525062561035,-2.1656901836395264,7.166887283325195,19.054703112493137,15.184309288689574,17.81719507406821,18.669556207135415,17.950994895403742,16.86537390504372,46.861743902508486
怪獣.mp3,123.046875,6.0,0.8966043502777176,-11.333831787109375,1.3265047073364258,0.018639570102095604,0.09152590672087468,2156.237422662984,700.4177547205733,4622.404552320924,1603.4028713358002,-15.917755222320556,-8.76754379272461,-6.854195213317871,97.10893249511719,33.33332824707031,-1.795549988746643,20.116228103637695,26.149084091186523,14.7542085647583,2.6363303661346436,13.031768798828125,7.720609664916992,10.283651351928711,0.4766426384449005,9.888474464416504,3.019318103790283,9.213241577148438,-4.093467712402344,12.519331932067871,7.040066719055176,9.827409744262695,-2.612384796142578,8.634476661682129,0.6590446829795837,9.053325653076172,-1.4347915649414062,8.402994155883789,19.42213988529395,15.572177284855782,19.19468797343385,19.130394288197436,18.817950526136965,19.02132414388196,48.427135362488784
悪魔の踊り方.mp3,107.666015625,10.0,0.5623673497291017,-12.09184455871582,1.2458832263946533,0.049714598804712296,0.1658964722724255,3068.277210734171,949.4414407184403,6156.866330810619,1758.3579186356026,-15.454248237609864,-10.597115516662598,-8.465577697753906,61.67287063598633,38.542938232421875,0.3086144030094147,21.264636993408203,32.66893768310547,18.019977569580078,4.067482948303223,13.103876113891602,7.05727481842041,16.173160552978516,-1.2447187900543213,9.954130172729492,11.519685745239258,9.65063762664795,-7.644296646118164,10.763442993164062,6.810778617858887,9.29098129272461,2.102501153945923,10.488886833190918,5.384981632232666,8.645577430725098,-3.9337363243103027,8.063633918762207,19.993610480615274,15.590910175882506,18.13444067007954,17.6242020384821,17.957993261796602,17.309609378418198,51.11368348322882
月詠み『メデ』Music Video.mp3,112.34714673913044,1.0,0.6355983235793176,-10.025483131408691,1.3714298009872437,0.030471444129943848,0.10197404085231872,2486.618368870384,481.131869105912,5206.048427990741,1161.7904872608865,-11.142816352844239,-8.768488883972168,-7.179440212249756,77.32596588134766,18.679162979125977,-7.44312047958374,15.05617904663086,32.12505340576172,13.313699722290039,9.926673889160156,8.048319816589355,6.305479049682617,13.485052108764648,10.502264022827148,8.832608222961426,4.582284450531006,9.350197792053223,1.21941077709198,8.31467056274414,5.279443264007568,7.661043643951416,-4.424979209899902,8.357967376708984,4.154170513153076,7.655796527862549,-1.626878261566162,7.741729736328125,20.05385862074948,14.245289311049607,17.803669344144392,17.905753736843945,17.4216358745946,18.30230135494857,47.58083622077758
明日を鳴らせ.mp3,83.35433467741936,9.0,0.6983567374565218,-11.023777961730957,1.2168655395507812,0.030726030468940735,0.11516050382689252,2656.2557721347484,647.3481081607333,5541.215825300051,1365.1269116808526,-15.743666648864746,-8.9209623336792,-7.277597904205322,67.60555267333984,24.32525634765625,-13.067659378051758,17.27898597717285,31.06150245666504,13.673561096191406,10.98648452758789,10.243596076965332,14.14443588256836,10.047033309936523,7.802213668823242,6.9814019203186035,11.631000518798828,8.59580135345459,8.900534629821777,8.353229522705078,12.133186340332031,7.266882419586182,2.314979076385498,6.51200008392334,9.034164428710938,6.244894027709961,1.4056497812271118,6.435563087463379,20.476988953941174,14.493736246099866,16.493736334885735,16.483482013075594,17.362668435521755,17.54400453296965,49.45525375295046
次回予告 ⧸ キタニタツヤ - Preview of Me ⧸ Tatsuya Kitani.mp3,107.666015625,1.0,0.7325374323596704,-19.957597732543945,1.3616018295288086,0.04438398405909538,0.121265905725649,2648.9141275219413,703.0149895035736,5519.412621771449,1442.2198283957753,-23.27075481414795,-17.45527458190918,-14.485401153564453,73.6776351928711,27.080839157104492,-12.412728309631348,19.77393913269043,23.63145637512207,14.680625915527344,6.066593170166016,13.23553466796875,5.917500972747803,11.146049499511719,2.054744243621826,10.219470024108887,11.335566520690918,9.154973983764648,-3.4218878746032715,10.173331260681152,9.94603443145752,9.2289400100708,0.5407808423042297,8.875313758850098,2.7005653381347656,7.92446756362915,-0.2442452311515808,7.896082401275635,20.003538570740584,14.063974075981399,17.123552375791558,17.335176146228665,17.73955967542937,17.947895830023608,48.74333629723627
永遠 (Lyric Video) ⧸ キタニタツヤ - I Don't Want Eternity Eternally (Lyric Video) ⧸ Tatsuya Kitani.mp3,112.34714673913044,3.0,0.6447301458436959,-14.918808937072754,1.3272992372512817,0.040308307856321335,0.10881601018399423,2513.1898769569507,807.5722475755302,5359.897710316931,1673.6054928427068,-18.226224899291992,-12.922505378723145,-9.569667053222657,78.78753662109375,29.538732528686523,-5.844393253326416,21.583614349365234,18.092126846313477,17.15957260131836,5.5531325340271,15.859189987182617,5.3766326904296875,14.170315742492676,0.39777323603630066,11.191627502441406,7.75839900970459,9.8355131149292,-1.6151044368743896,11.412853240966797,10.250543594360352,8.796956062316895,-0.13422761857509613,8.7828369140625,4.3697333335876465,8.536635398864746,2.4198248386383057,7.20902681350708,19.58827727619376,14.471983333812329,17.88742318248422,17.947940424676812,17.448793674744536,17.410005836424148,47.75014996620428
死ぬな！.mp3,112.34714673913044,1.0,0.6353644074619115,-16.911941528320312,1.5270200967788696,0.024776220321655273,0.09392945425851004,2257.854922395598,822.6176185861832,4782.197570800781,1851.6951565327656,-21.932885551452635,-14.827885627746582,-11.94187660217285,97.57504272460938,34.64618682861328,-4.017509460449219,21.828567504882812,20.627439498901367,16.431102752685547,9.203776359558105,13.91148853302002,2.7941219806671143,14.265873908996582,5.229012489318848,11.073075294494629,4.330345153808594,9.325035095214844,-1.225738525390625,9.633429527282715,9.604121208190918,9.481673240661621,0.08690641820430756,7.835627555847168,0.9098817110061646,8.190506935119629,0.4021536111831665,8.301608085632324,20.08221269657371,14.740394439936699,17.74506424583247,17.33861845822501,17.60892921931067,18.29236416848226,46.89946660051886
東京ミッドナイト - Tokyo Midnight.mp3,135.99917763157896,3.0,0.7808257351828256,-10.641241073608398,1.2729955911636353,0.045577459037303925,0.13783066221841647,3016.973568640537,704.4839241881302,6293.2940779061155,1119.3238862495762,-13.472621631622314,-9.197176456451416,-7.487921714782714,59.36027145385742,22.371192932128906,-1.155394434928894,16.707128524780273,30.41921043395996,20.430273056030273,6.396578311920166,13.247279167175293,11.554883003234863,10.693451881408691,1.8838704824447632,10.272581100463867,5.980051517486572,10.390030860900879,2.336622953414917,9.1531343460083,5.381026744842529,7.778204917907715,-0.4064580500125885,8.074684143066406,1.832761287689209,8.563077926635742,-0.9111903309822083,8.036331176757812,19.173156824870087,15.030340397508509,18.030410107001117,17.504675780218463,17.732559393119033,16.853347825575582,47.70028839713134
星野源 – 異世界混合大舞踏会 (feat. おばけ) [Official Video].mp3,129.19921875,2.0,0.7730957419746606,-17.814306259155273,1.5229249000549316,0.0999569371342659,0.09841820388639404,2392.0714773376144,1058.4659139380497,5216.562478072598,2112.567767082306,-28.441765785217285,-11.784613132476807,-6.180403470993042,70.38164520263672,36.18672561645508,8.22691535949707,19.57989501953125,27.277875900268555,16.665966033935547,3.714989423751831,10.855794906616211,16.251205444335938,11.09504508972168,0.40559515357017517,8.9111909866333,6.504204273223877,9.197492599487305,3.1426868438720703,8.245284080505371,5.295928478240967,8.5520601272583,-0.0395280085504055,8.11209487915039,3.2861263751983643,7.765081405639648,-2.391446828842163,7.753673076629639,20.149070523304083,14.571182804619085,17.56022203143771,17.64556576479399,17.822412244705912,16.69699155898288,46.37045826578882
永遠甚だしい.mp3,151.99908088235293,0.0,0.8137325785041021,-12.16089153289795,1.2667487859725952,0.032472845166921616,0.12246173153601585,2620.7981372128356,685.0176619337336,5550.348650525611,1552.940276122475,-15.448866081237792,-10.33523941040039,-8.252816772460937,79.06438446044922,28.410388946533203,-7.316939353942871,18.542457580566406,28.198060989379883,16.790790557861328,4.916338920593262,13.352057456970215,2.6916067600250244,11.577902793884277,1.343589186668396,9.719524383544922,5.305112838745117,9.922541618347168,-6.734827995300293,8.574111938476562,7.947301864624023,10.15346908569336,-2.2120046615600586,8.183256149291992,4.61330509185791,8.032854080200195,0.13412164151668549,7.308399677276611,18.915298496935367,14.524385460622137,19.716330761724596,18.28585433816243,18.06532029189662,18.068236476624534,49.2202021480072
死んだ!.mp3,123.046875,11.0,0.5829920372845595,-12.71890926361084,1.5462181568145752,0.05452663078904152,0.12033539489707731,2726.4306125584294,852.3034193376105,5876.4688795126885,1579.3931926728721,-16.253241539001465,-10.664681434631348,-8.391671657562256,73.68982696533203,30.977113723754883,0.1824997514486313,20.033510208129883,16.439653396606445,17.92604637145996,2.470820665359497,12.440547943115234,9.72364330291748,12.146590232849121,1.1804296970367432,11.114839553833008,8.047201156616211,10.427048683166504,-2.6127326488494873,10.293033599853516,7.527373313903809,9.444633483886719,-0.2983672618865967,8.620336532592773,4.570580959320068,7.979794979095459,0.0766424611210823,8.065726280212402,20.17385064216505,14.665244573652657,17.283362964072598,17.218185625607006,16.90770861953654,16.17553056072606,48.25552753082563
百花繚乱.mp3,151.99908088235293,2.0,0.437366422228112,-11.304450988769531,1.4781310558319092,0.028800539672374725,0.11998929829177461,2596.9793993067883,808.8275228876644,5176.294735923332,1494.2593927555095,-15.727032947540282,-9.811867237091064,-7.94104733467102,76.31488037109375,28.686067581176758,-19.5452880859375,21.164981842041016,22.563800811767578,18.751739501953125,2.4523322582244873,13.219165802001953,8.146543502807617,13.87641429901123,9.834372520446777,12.064661979675293,3.0986671447753906,14.159343719482422,9.013726234436035,10.439141273498535,4.675238132476807,9.480249404907227,-1.598912000656128,8.886666297912598,4.484882354736328,8.645787239074707,-0.2988112270832062,8.68939208984375,18.39623340386341,14.729568425773715,18.38962136016891,18.498471726272598,18.46823275319384,19.11849792026006,48.535430568617706
日常.mp3,117.45383522727273,7.0,0.8647526680014381,-13.821078300476074,1.2231552600860596,0.021185826510190964,0.08334231602756191,2089.3717224206625,571.3570544855447,4579.421948833888,1385.7807760513856,-18.33527526855469,-11.997435569763184,-8.18159303665161,98.38208770751953,25.785886764526367,-4.496720314025879,18.20722198486328,23.840496063232422,13.543277740478516,7.025449752807617,13.35107421875,13.242403984069824,10.541762351989746,1.0810366868972778,10.664992332458496,5.533853530883789,9.752845764160156,-3.9232077598571777,9.361519813537598,6.163144588470459,8.885039329528809,-2.8683950901031494,9.067632675170898,-0.036184024065732956,8.936001777648926,-6.099282741546631,8.463772773742676,20.159384707552825,15.285945771406956,18.16120528112434,19.194487684588243,19.36347024482397,18.06528981320996,48.980306899408845
火種 ⧸ キタニタツヤ - HIDANE (Dancing Ember) ⧸ Tatsuya Kitani.mp3,123.046875,3.0,0.6769804197929394,-11.54633617401123,1.4742742776870728,0.037087567150592804,0.10249561421375539,2582.933596859427,897.4821056723698,5532.678529838401,1582.9579890341083,-15.99879264831543,-9.149823665618896,-6.470530748367309,73.85958862304688,27.11736488342285,2.837211847305298,19.508790969848633,30.941925048828125,17.017667770385742,6.785729885101318,16.03270149230957,5.663917064666748,13.08055305480957,-1.7058383226394653,11.660810470581055,7.2412428855896,10.52435302734375,-2.3837480545043945,11.952530860900879,10.348918914794922,9.098933219909668,2.6451478004455566,8.92319107055664,2.4035003185272217,9.291069030761719,-0.6838194727897644,8.453789710998535,20.936267695491427,14.68339895580798,18.504081052423167,18.148776895777967,17.823224353882757,18.562545369866246,49.23376132054192
睡魔.mp3,117.45383522727273,0.0,0.8405248964724279,-14.737004280090332,1.7159122228622437,0.018920263275504112,0.10044022005890052,2259.0142677297713,1190.2807817165183,4704.257657329653,2157.5079279482916,-24.553786849975587,-11.721752166748047,-7.2020982742309565,89.6783218383789,45.947349548339844,1.841880202293396,23.904165267944336,15.045323371887207,19.50752830505371,9.571730613708496,15.833780288696289,2.232858896255493,16.073246002197266,2.843852996826172,13.03276252746582,-0.8336411118507385,13.76476001739502,-1.2317941188812256,14.22612476348877,6.865537166595459,12.473999977111816,-8.095436096191406,11.622230529785156,0.6932394504547119,11.930525779724121,-2.3056859970092773,12.235550880432129,20.61496871396462,17.25897996705236,21.50107016221046,21.262151005411845,20.837959216238406,20.172157845792817,48.23634963124361
神山羊 - Endroll【Music Video】⧸ Yoh Kamiyama - Endroll.mp3,129.19921875,4.0,0.532001162717009,-12.137801170349121,1.0518428087234497,0.03648124635219574,0.10910620358910891,2540.9060206271533,1013.5275105171376,5743.799459449621,2315.5517788192833,-16.10665512084961,-10.118417739868164,-8.77895278930664,80.66776275634766,29.609155654907227,11.667866706848145,25.889814376831055,23.732284545898438,13.06450080871582,14.31568431854248,12.449800491333008,10.362276077270508,11.316372871398926,5.158834934234619,12.64523983001709,10.267006874084473,9.274422645568848,1.0207195281982422,7.814417362213135,4.9857635498046875,7.13131046295166,4.965454578399658,7.161056041717529,4.1989240646362305,8.237039566040039,-0.24331989884376526,7.793285369873047,19.30316191494264,14.101067080157893,16.345797531298043,16.66288723658175,17.271574149180804,16.50748751342928,46.07373664621365
神っぽいな.mp3,143.5546875,10.0,0.7187060673550443,-14.5313720703125,1.8011935949325562,0.04006914794445038,0.11734222650500963,2755.836135345738,1049.1230561316809,5913.62751896298,1831.7151436131123,-18.56489486694336,-12.115259170532227,-7.609538841247558,73.58540344238281,34.961002349853516,11.982348442077637,22.493621826171875,26.03293800354004,20.054187774658203,2.079683303833008,13.206748008728027,6.084969520568848,14.124014854431152,9.524812698364258,12.858172416687012,1.1457185745239258,10.603475570678711,4.022233963012695,9.576895713806152,4.072083950042725,10.246841430664062,-4.639638900756836,9.382818222045898,3.567899703979492,8.83407974243164,-2.8557357788085938,9.541000366210938,18.931877826340674,15.70343694150181,19.30128214818315,18.287696122901604,17.85498697113876,18.367221591003478,45.87456492177157
稲葉曇『ロストアンブレラ』Vo. 歌愛ユキ.mp3,135.99917763157896,1.0,0.3227544388136649,-11.983975410461426,1.493650197982788,0.032408781349658966,0.1115998213160307,2581.351408353503,691.2471321875594,5594.129764980448,1511.4266025721997,-15.068422508239745,-8.926544189453125,-7.278864002227781,80.1716079711914,27.391143798828125,-3.615159511566162,31.1933536529541,30.12308692932129,17.447284698486328,-0.7693871259689331,17.17486000061035,4.937216281890869,11.749791145324707,-6.1604533195495605,11.424530982971191,1.1043086051940918,10.973713874816895,-3.250828504562378,9.39453411102295,2.9908275604248047,9.652674674987793,-1.767248272895813,7.732085227966309,3.057939291000366,8.362615585327148,-2.1757290363311768,7.912176132202148,19.0976396213722,13.698151916644889,16.86175938525832,16.65435336314655,16.497706103378885,16.59240111847267,48.99920420539759
眠らされたリネージュ.mp3,135.99917763157896,11.0,0.6770420129195934,-12.523747444152832,1.2150059938430786,0.03260055556893349,0.10781245774286023,2373.6629547507273,635.1458749745531,5112.177161790756,1495.112416635485,-15.721893692016602,-10.409494400024414,-8.408348083496094,88.97607421875,23.922563552856445,-5.4501471519470215,17.505245208740234,16.326906204223633,12.914361000061035,0.5551573038101196,9.638002395629883,7.817623615264893,11.219483375549316,5.892834663391113,8.700241088867188,4.181254863739014,8.853903770446777,-4.478139400482178,9.80610466003418,7.2733612060546875,8.449007987976074,-5.950765132904053,10.12512493133545,4.1422929763793945,8.387146949768066,-1.6761435270309448,8.491146087646484,18.4684433191127,14.836449952376805,19.236177705860637,19.443556306855623,19.376726829442305,19.21844484122254,49.028570129589056
稲葉曇『私は雨』Vo. 歌愛ユキ.mp3,143.5546875,8.0,0.6477349578816949,-15.761138916015625,1.2462977170944214,0.043838538229465485,0.13325727103960397,2808.3611119147413,698.8657553835386,5977.8045313569755,1323.2311049371367,-21.60519618988037,-13.54035758972168,-10.738304138183594,71.2001953125,28.282392501831055,-5.751662731170654,17.98417091369629,19.274429321289062,13.353114128112793,-0.5337972640991211,11.607917785644531,9.857597351074219,10.444047927856445,-4.323582172393799,9.431523323059082,3.314335823059082,9.275846481323242,-0.21956105530261993,8.816555976867676,3.032886266708374,9.078789710998535,-2.3883566856384277,8.179478645324707,2.136705160140991,7.494367599487305,-1.752036690711975,7.608821868896484,20.9505389226966,15.37344180671052,18.3838655178198,18.08856468401367,17.906494981570123,16.456555663430184,48.10730837246833
米津玄師  - Flamingo ⧸ Kenshi Yonezu.mp3,112.34714673913044,10.0,0.69124625792497,-21.653461456298828,1.5701254606246948,0.13007554411888123,0.09010213825018705,2129.973577345761,1170.4073735212544,4623.7421277956655,2487.8139283502333,-84.97639465332031,-13.270624160766602,-8.80198335647583,78.63752746582031,43.7559928894043,4.949958801269531,23.100980758666992,13.668622970581055,20.91750717163086,2.5864412784576416,17.203601837158203,4.956040859222412,14.863218307495117,-2.8328208923339844,12.893210411071777,4.15514612197876,12.056787490844727,0.4905262291431427,11.531770706176758,4.473857879638672,11.538579940795898,-4.555288791656494,10.091354370117188,3.3963189125061035,8.141036033630371,-5.454168796539307,8.980888366699219,19.569569606914996,15.904464404810312,18.264897948832076,18.067097686506333,18.059987256681108,17.303046215132756,44.7325377543352
神のまにまに (feat. 天馬司 & 鳳えむ & 草薙寧々 & 神代類 & 初音ミク).mp3,135.99917763157896,11.0,0.7737961931340247,-12.96981143951416,1.2686376571655273,0.04082650691270828,0.12773826989359044,2741.9722781811815,544.6031306251062,5893.517577326503,1028.287746519544,-16.88824577331543,-11.002639770507812,-7.8567815780639645,75.27285766601562,19.063507080078125,3.878927230834961,15.282057762145996,18.307918548583984,14.593631744384766,-9.552083015441895,11.019877433776855,7.553687572479248,10.172955513000488,-2.917677640914917,8.199748039245605,0.9725911021232605,8.227497100830078,3.014284133911133,7.812994956970215,1.0310378074645996,7.225459098815918,-2.7041804790496826,6.776856422424316,3.8444249629974365,6.436680316925049,-0.7026418447494507,6.644384860992432,18.920791721377753,15.250649727982983,18.727644671027953,19.219989747966714,18.34784085165277,17.32641233734717,47.85383074780211
稲葉曇『ラグトレイン』Vo. 歌愛ユキ.mp3,143.5546875,2.0,0.6043301604058524,-12.20862865447998,1.3612583875656128,0.0350039042532444,0.11825440826092468,2617.7697151128905,741.4041341388778,5725.78035194423,1481.5562940182817,-16.74461898803711,-10.283631324768066,-7.674798965454102,80.5296630859375,29.57291030883789,8.241900444030762,16.46821403503418,26.32451057434082,13.646852493286133,-3.0053272247314453,10.758795738220215,8.707072257995605,9.580887794494629,-3.5163750648498535,8.824203491210938,3.6343419551849365,9.42273235321045,-1.3566886186599731,8.836297988891602,1.859641671180725,7.470251083374023,-6.741212368011475,7.432032585144043,1.8963165283203125,6.855964660644531,-2.4060347080230713,7.126474380493164,18.82307140844267,14.129897058158463,17.832193367590538,17.030637972916278,17.093626614053377,16.603972872158277,48.23016178700143
米津玄師  Kenshi Yonezu - Plazma.mp3,117.45383522727273,1.0,0.6810799603932313,-18.962934494018555,1.4354045391082764,0.06495876610279083,0.10610679127063713,2567.6879223392057,956.8044912347013,5895.297061320086,2129.873741740926,-42.92228317260742,-13.381095886230469,-9.25069808959961,79.71316528320312,37.485145568847656,4.158778667449951,24.015470504760742,8.028794288635254,14.069803237915039,7.67065954208374,13.336076736450195,7.652620315551758,12.068275451660156,0.2515929341316223,12.007291793823242,4.893745422363281,10.576103210449219,0.2652464807033539,8.752091407775879,3.4599454402923584,8.68818187713623,-2.2852590084075928,9.018610954284668,2.327011823654175,7.768319606781006,-4.178709030151367,8.281063079833984,19.908152668591672,14.116341460306517,16.851126348137836,17.103629682628398,18.229353591628687,17.499429070976596,46.626113191076136
米津玄師 - パプリカ  Kenshi Yonezu - PAPRIKA.mp3,103.359375,3.0,0.6794986250580041,-17.58162498474121,1.5460366010665894,0.0311674103140831,0.08872676530756207,2267.142674623308,955.1278381912757,4927.343711422474,2157.378946141928,-27.78206558227539,-14.521693706512451,-8.079575824737548,79.24275970458984,40.065059661865234,-2.124480724334717,30.667112350463867,4.838451385498047,21.39394187927246,-2.144132137298584,21.329336166381836,-1.5176788568496704,15.548530578613281,-6.8368306159973145,16.258777618408203,-0.8820226192474365,12.971856117248535,-8.652467727661133,12.997147560119629,-2.041043519973755,12.318845748901367,-5.891333103179932,13.35406494140625,-1.2590397596359253,11.599031448364258,-6.640376091003418,10.759984970092773,19.693800393245485,18.402505673122263,21.83615308768215,20.49397845247771,20.104107466506846,19.187679681622846,49.01738911538191
"米津玄師 - さよーならまたいつか！ Kenshi Yonezu - Sayonara, Mata Itsuka !.mp3",123.046875,1.0,0.7212757348901586,-16.170896530151367,1.475248098373413,0.05817529559135437,0.08093112802532176,2155.3912162500283,846.3587463771139,4931.959059789451,1982.0554148046308,-21.395421600341795,-12.311381340026855,-7.910409355163574,90.62926483154297,35.372249603271484,1.6831355094909668,22.01056671142578,10.538257598876953,17.590898513793945,8.147588729858398,13.535829544067383,5.73458194732666,12.216320991516113,-2.9004602432250977,12.104090690612793,2.442171335220337,10.340190887451172,-4.052894115447998,9.984993934631348,3.7885513305664062,10.242867469787598,-3.986145257949829,10.6273775100708,0.12905560433864594,8.720170974731445,-6.001401901245117,9.258525848388672,20.22229009470038,16.39033195706831,18.934004316469476,18.1614329638626,18.500801406704365,17.707760360723423,46.21885132354888
"米津玄師  - orion , Kenshi Yonezu.mp3",103.359375,9.0,0.8347560058009327,-15.2675142288208,1.2244746685028076,0.059927042573690414,0.10814541228855075,2378.95924909773,919.4918717269953,5159.912097659062,2028.7492610170905,-17.911815261840818,-11.075104713439941,-9.306801795959473,91.21408081054688,41.12969970703125,-12.737000465393066,25.921737670898438,5.258378028869629,16.7264347076416,5.875997066497803,15.657127380371094,8.827815055847168,12.84794807434082,-2.3329522609710693,11.873980522155762,6.088992595672607,10.456571578979492,-2.633699417114258,10.914102554321289,3.727417230606079,9.811375617980957,-2.6905298233032227,9.480849266052246,1.0289422273635864,8.783162117004395,-5.701670169830322,8.172432899475098,20.203310928918807,16.34612335997767,19.17116604533663,18.140405053984946,19.127959064644173,17.506058662760548,47.92840364160148
"米津玄師  - アイネクライネ , Kenshi Yonezu - Eine Kleine.mp3",86.1328125,7.0,0.8721160583876879,-11.121485710144043,1.2416883707046509,0.03896792232990265,0.08431222702053986,2024.0707541130337,673.4844354921939,4182.248121498608,1443.1263375410717,-13.699020195007323,-7.977473258972168,-6.36378870010376,97.18914794921875,28.877958297729492,-12.64490795135498,20.359264373779297,22.363941192626953,16.828887939453125,2.540332794189453,12.094063758850098,4.492377281188965,10.642332077026367,-1.4432141780853271,9.429731369018555,6.204382419586182,8.919417381286621,-1.2523293495178223,9.1465425491333,-0.16621482372283936,7.701183795928955,-4.423661708831787,7.6715087890625,3.883835792541504,8.342159271240234,-4.77893590927124,7.751521587371826,20.92647401093424,15.378811236783923,19.24427194636768,19.176576857512828,18.448580627569463,18.13404729305697,48.21721103904072
"米津玄師  - Flowerwall , Kenshi Yonezu.mp3",89.10290948275862,0.0,0.7849598588413663,-11.778812408447266,1.2178142070770264,0.04331047087907791,0.08502251327691038,1934.1612473889904,807.3475117007316,3968.3800596962496,1681.7974964138325,-10.345042896270751,-8.10852861404419,-6.625978994369507,105.52914428710938,35.695011138916016,-10.232057571411133,19.32565689086914,22.408679962158203,14.451194763183594,4.329642295837402,12.978626251220703,7.492621421813965,9.598437309265137,-0.5517321825027466,8.561528205871582,8.365254402160645,8.463693618774414,1.1619880199432373,7.792397499084473,4.203286647796631,7.173922061920166,-0.013254424557089806,7.656861305236816,7.779789924621582,7.0778584480285645,2.7355825901031494,6.577395439147949,21.430336981145626,15.821132047526225,19.557981938727334,18.717805953748407,18.76880890810952,17.958421075671538,47.94907630316428
米津玄師 - TEENAGE RIOT ⧸ Kenshi Yonezu.mp3,129.19921875,3.0,0.5229922640998419,-18.646387100219727,1.3919200897216797,0.11251760274171829,0.09047230736524604,2136.450127069246,988.3407372147063,4642.496936147423,2207.5442003141206,-51.34739532470699,-10.867364883422852,-7.965350151062013,80.44941711425781,39.04393768310547,-4.7880730628967285,21.58780860900879,25.32636070251465,20.199649810791016,7.989619255065918,13.867807388305664,5.868500232696533,11.561701774597168,0.8885326981544495,8.8246431350708,8.956043243408203,10.466133117675781,2.9889965057373047,8.70373249053955,7.474076747894287,8.264250755310059,-2.063394546508789,8.046050071716309,6.750484943389893,7.702271461486816,-2.667107582092285,7.756706237792969,19.01500003200427,13.965646548374831,16.957347764569604,16.815556275141418,17.07230062606262,16.762886007267173,45.641738292736974
"米津玄師 - LOSER , Kenshi Yonezu.mp3",123.046875,7.0,0.5432675621085115,-15.802366256713867,1.5451654195785522,0.043489035218954086,0.12347692172981128,2707.0654870987855,664.2902445607036,5549.95774839993,1274.851387736888,-20.053369522094727,-14.328614234924316,-10.85527877807617,69.94004821777344,23.724624633789062,-13.681815147399902,20.47968101501465,29.947050094604492,16.60972023010254,1.1278877258300781,14.080829620361328,7.490853309631348,11.57418155670166,-2.657841920852661,10.836382865905762,5.374415397644043,9.789915084838867,1.3939605951309204,9.959952354431152,4.656980514526367,8.504450798034668,-2.508336305618286,8.331184387207031,5.016051292419434,7.413412570953369,-3.158029794692993,7.645641803741455,19.093672184716027,14.482731655290452,16.93650385684125,16.63482758489716,16.839871891696955,16.6797315827209,48.89107852686518
米津玄師  Kenshi Yonezu  - Lemon.mp3,86.1328125,5.0,0.8176862879580304,-18.419803619384766,1.0895599126815796,0.08588584512472153,0.08262981097360958,1853.6043697718917,840.3413208685957,3860.0157797553543,2024.5871963959778,-25.98133087158203,-11.306196212768555,-8.744302940368652,102.9419937133789,44.39161682128906,-7.171582221984863,20.569189071655273,11.251227378845215,16.63201332092285,9.74100399017334,14.650947570800781,1.5488836765289307,10.83045482635498,-5.664653301239014,9.800764083862305,5.227217674255371,9.308575630187988,-3.7195441722869873,9.415162086486816,3.775258779525757,8.43493366241455,-5.463828086853027,8.836080551147461,2.9044642448425293,8.123091697692871,-5.290954113006592,8.27370834350586,19.73317844242911,16.474684686383394,19.769564457504547,19.10101987822975,20.21822133415573,18.90553829465706,46.83226938726972
米津玄師  - 馬と鹿   Kenshi Yonezu - Uma to Shika.mp3,92.28515625,9.0,0.7944256518517779,-18.546586990356445,1.227405071258545,0.0814167708158493,0.07082131569747264,1882.0790285086216,780.9376326036285,4056.545289341928,1754.9144054459402,-28.369603157043457,-12.247105598449707,-7.759765863418579,98.13700103759766,35.57503890991211,-8.45661449432373,19.055316925048828,16.352127075195312,17.51810646057129,2.0874032974243164,13.392964363098145,3.971895694732666,12.280810356140137,-0.0036611922550946474,10.612641334533691,3.904299020767212,10.602428436279297,-0.369596928358078,11.283283233642578,0.30089035630226135,8.682014465332031,-2.5196692943573,9.563480377197266,0.14548173546791077,8.372003555297852,-3.667973279953003,8.330986976623535,20.948379070795387,15.229358728879312,18.066235766008788,17.6617469478019,17.60659501105008,17.298016002686584,45.487630437090125
米津玄師 - カムパネルラ  Kenshi Yonezu - Campanella.mp3,172.265625,3.0,0.7290395790453175,-18.75452995300293,1.4629751443862915,0.10476167500019073,0.09344178808808065,2308.947966926129,1055.1277934485054,5178.362222265482,2389.526827474044,-33.9530086517334,-11.652569770812988,-7.419949769973755,79.57125854492188,42.15158462524414,1.4777607917785645,25.124235153198242,2.6483497619628906,18.253633499145508,-3.2922496795654297,15.901005744934082,1.5275362730026245,13.627074241638184,-4.361995220184326,12.981452941894531,1.5441622734069824,11.998838424682617,-3.5370655059814453,11.319467544555664,0.8517118096351624,10.3995943069458,-1.7713204622268677,9.836599349975586,3.186976432800293,9.15399169921875,-2.921236515045166,9.323702812194824,19.988425625492123,14.551693027330636,17.54973692724472,18.11735583860886,18.071516310438657,17.183667699104245,45.52357143276708
米津玄師  - Pale Blue ⧸ Kenshi Yonezu.mp3,89.10290948275862,3.0,0.6150328006585271,-22.18109893798828,1.2690027952194214,0.09167154878377914,0.0685572067052352,1896.5939643233141,961.4659642850687,4302.326671270391,2367.6751411631367,-43.7281021118164,-14.82647705078125,-8.954823493957516,92.1469955444336,42.03867721557617,4.1618452072143555,22.186355590820312,9.538207054138184,17.74164581298828,4.293851852416992,14.977149963378906,7.3194708824157715,12.199488639831543,2.827252149581909,11.916507720947266,3.898991584777832,11.40491771697998,-1.6299270391464233,10.060778617858887,1.231177568435669,9.718343734741211,-4.672945499420166,10.058853149414062,-2.3557729721069336,8.98709774017334,-6.487473487854004,8.708127975463867,20.939178367323454,16.231840994398162,18.836086157742944,19.249278980845553,18.90156773601786,17.864372524019977,45.473103687895396
米津玄師 - 毎日　Kenshi Yonezu - Mainichi ( Every Day ).mp3,107.666015625,5.0,0.7251437186447705,-22.88919448852539,1.3296465873718262,0.1503743678331375,0.08168117605524955,2065.096743328273,1110.8308700923494,4620.26025511378,2484.0641074905916,-86.02184295654297,-12.757236957550049,-8.122645854949951,80.49738311767578,46.4975471496582,-1.4664678573608398,17.802167892456055,10.903265953063965,14.510027885437012,6.876972675323486,12.696061134338379,7.681482315063477,11.264201164245605,-0.1911572515964508,10.356086730957031,4.889869213104248,9.592257499694824,-1.0930391550064087,9.513484954833984,3.230989456176758,8.223806381225586,-2.763840436935425,8.778194427490234,3.534794569015503,7.431029796600342,-5.027978897094727,8.278453826904297,19.40356759960425,14.283466529544034,16.626840935651032,16.317367785332834,17.077518734378803,16.405276183616916,43.99833442927114
緑黄色社会『ミチヲユケ』Official Video -「ファーストペンギン！」主題歌.mp3,151.99908088235293,6.0,0.4718779298947555,-11.66453742980957,1.3138725757598877,0.05173241347074509,0.1130633259930281,2620.434094104061,694.1902643591515,5612.002771187827,1517.472214333842,-12.732873916625977,-8.916004180908203,-7.500110626220702,73.11376953125,25.56328582763672,-3.8564140796661377,16.618865966796875,26.975418090820312,16.15472412109375,4.185242176055908,11.371782302856445,5.601980209350586,12.473431587219238,5.463921546936035,9.551356315612793,7.42574405670166,9.458523750305176,1.415083408355713,9.134397506713867,8.514309883117676,8.86623477935791,-2.800654411315918,8.118731498718262,4.552082061767578,7.43353796005249,-1.9751378297805786,7.6583356857299805,20.148851833179876,14.71884763330621,17.58716664098377,17.79173612335716,18.084596586224947,18.058948417470077,48.446177472587436
緑黄色社会『花になって』Official Video ⧸ Ryokuoushoku Shakai – Be a flower.mp3,129.19921875,10.0,0.5143031079769478,-10.951373100280762,1.2601577043533325,0.024777734652161598,0.10644599175695559,2364.524038363967,676.1824151937348,5007.386817503511,1548.4495614175066,-18.69512825012207,-8.904661178588867,-7.3510541915893555,92.30498504638672,32.091129302978516,-4.408125400543213,19.0324764251709,29.47938346862793,14.711170196533203,1.5890429019927979,10.092122077941895,3.0035006999969482,14.192787170410156,6.092861175537109,8.995165824890137,2.1482489109039307,9.515410423278809,0.49224936962127686,8.288140296936035,2.9361572265625,7.5229058265686035,-2.2789947986602783,8.730748176574707,4.051975727081299,7.734250545501709,0.5307357311248779,8.760591506958008,18.353400311298305,14.320935939597923,17.55536685098132,17.759568983287288,18.03489089368807,18.55675947813616,48.47019024302637
"米津玄師 - メトロノーム , Kenshi Yonezu - Metronome.mp3",89.10290948275862,1.0,0.8596002973583033,-15.735960006713867,1.4383517503738403,0.01418045163154602,0.07548068411823089,1618.1906084333907,755.4748024324564,3128.606897306991,1826.2049036417998,-25.56875686645508,-12.981252670288086,-8.999293899536132,129.59860229492188,37.21803665161133,-4.436184406280518,26.73508071899414,10.284363746643066,14.373827934265137,4.9729437828063965,15.139363288879395,1.5928056240081787,15.14090633392334,-5.4137396812438965,13.993492126464844,-3.535208225250244,12.94617748260498,-1.3161450624465942,11.921844482421875,-0.8401175141334534,9.832479476928711,-3.643385648727417,8.68410873413086,0.5542600154876709,7.565271377563477,1.9836061000823975,8.190888404846191,19.4215103781922,17.277836460625355,20.675110024890078,20.387590411718165,21.11635745698536,19.555772303794587,46.42417271394615
美少女無罪♡パイレーツ.mp3,112.34714673913044,10.0,0.6799406304189446,-11.001411437988281,1.5207926034927368,0.05866710841655731,0.14476173530190678,3141.3064763324223,605.6137262388565,6682.559284274861,1251.7238728854147,-13.434101581573486,-9.58488130569458,-7.434120845794678,59.78028869628906,21.659961700439453,-0.49613285064697266,18.17523956298828,17.04510498046875,13.917704582214355,2.696953296661377,11.926827430725098,9.289857864379883,11.378475189208984,3.390669584274292,9.185315132141113,6.0342326164245605,10.710262298583984,6.4229512214660645,9.46748161315918,2.145228624343872,9.822953224182129,-0.6954660415649414,8.255285263061523,8.553357124328613,8.632314682006836,-2.029214859008789,8.305305480957031,19.74336842115189,13.42053686616082,16.293940494479436,17.4288952356204,17.732856756383978,17.057571671362144,46.94806724576574
花めかない ⧸ 初音ミク.mp3,92.28515625,8.0,0.7501206744950666,-15.791732788085938,1.2630165815353394,0.03337942063808441,0.10343135736011362,2425.178543327144,640.1139040805552,5366.329736553188,1427.2950832429083,-20.503936386108396,-13.20991325378418,-10.389020919799805,87.33377838134766,24.975364685058594,3.7156388759613037,19.074125289916992,14.671975135803223,13.676264762878418,-4.539612293243408,12.409619331359863,10.390096664428711,10.135533332824707,0.7628301382064819,8.430889129638672,1.8552608489990234,9.619004249572754,2.3107802867889404,8.149270057678223,-0.3520541191101074,8.883523941040039,-3.4388768672943115,7.349705696105957,2.1870486736297607,7.4518656730651855,-2.9329802989959717,7.5077128410339355,20.025091144303687,14.216591879296683,17.892193193346262,19.04906626965767,18.091418642814215,16.66479464778868,47.04604885224796
約束 - Eve MV.mp3,161.4990234375,8.0,0.7262979897775315,-22.871910095214844,1.1705480813980103,0.041791945695877075,0.08355275670285385,2142.8248890581744,904.2971276379576,4608.0027525906735,1995.2391395436632,-38.98266372680664,-17.361003875732422,-13.172892761230468,89.70438385009766,37.0340461730957,1.4294941425323486,22.826396942138672,20.578739166259766,17.445871353149414,9.584392547607422,12.881553649902344,4.160284519195557,11.64876651763916,4.473489284515381,9.868024826049805,-0.06454739719629288,10.710038185119629,6.312435626983643,10.280194282531738,2.111973285675049,8.725433349609375,-0.6002532839775085,7.892026901245117,-2.7181382179260254,8.965046882629395,-4.270351886749268,8.514495849609375,20.24575902109239,17.51069018561698,18.806799639430366,19.102521035878038,19.195183803956596,18.59375187226119,45.84748102330274
菅原圭 - 孔雀 (Official Audio).mp3,129.19921875,5.0,0.7560816784015357,-10.76236343383789,1.3977922201156616,0.033485233783721924,0.11262879563578171,2662.291424057696,718.6229112928386,5727.292357828944,1564.4959976350235,-13.797334480285645,-9.24573040008545,-7.027450942993164,77.18045806884766,26.1885986328125,-6.745236396789551,18.96990203857422,18.598735809326172,14.960763931274414,9.687134742736816,10.719524383544922,8.145529747009277,12.565570831298828,5.343729019165039,8.645404815673828,6.387547492980957,8.970182418823242,0.6833969950675964,8.33934211730957,6.825131416320801,8.120760917663574,-3.131331443786621,8.454523086547852,2.7783260345458984,8.070765495300293,-1.2624088525772095,8.110063552856445,20.002056794825037,14.700235849697572,16.84253533659235,17.070694191629585,17.41355431235975,17.357408235592928,47.900250367674445
米津玄師 - 春雷   Kenshi Yonezu - Shunrai.mp3,123.046875,8.0,0.7577583821098828,-13.56312370300293,1.501721739768982,0.05688884109258652,0.09502361138227255,2192.8896400736594,812.5624934788394,4699.846499322774,1802.0215908262867,-13.641382217407227,-9.725996971130371,-7.787117385864258,93.21035766601562,38.628807067871094,-6.7740349769592285,23.34423828125,14.5684232711792,15.09017276763916,1.9936102628707886,13.224242210388184,5.379347801208496,11.085075378417969,-2.457684278488159,9.510586738586426,4.285703659057617,9.22179126739502,1.0983235836029053,9.334378242492676,5.720754623413086,9.908757209777832,-3.3050479888916016,8.495959281921387,4.02374792098999,7.106366157531738,-2.830962657928467,8.321268081665039,19.7003935791417,14.857401313202407,18.586274951854705,18.505104042180857,18.86091429281306,18.47031584407155,47.071336135048426
逃避行 - Eve MV.mp3,123.046875,11.0,0.7344353932778002,-16.01895523071289,1.7976185083389282,0.049128107726573944,0.07954418302424535,2109.234358384866,925.6207957235107,4662.534546604046,2078.04336410815,-22.469440460205078,-12.079721450805664,-8.631422233581542,92.1895980834961,41.169246673583984,6.81094217300415,25.34191131591797,20.554855346679688,22.321683883666992,6.601354598999023,13.741798400878906,7.761777400970459,15.513145446777344,-2.518307685852051,12.93775463104248,2.7759242057800293,11.592682838439941,1.672812819480896,10.578713417053223,3.376448631286621,10.026191711425781,-1.8554998636245728,8.64463996887207,-1.2077585458755493,8.92176628112793,-1.335378885269165,7.979192733764648,18.6482258778324,15.167947196931888,17.597813429529577,17.91531329246333,18.602709127105115,17.32394057284421,46.43035633435915
花嵐 - Eve MV.mp3,123.046875,5.0,0.60427999954057,-15.269195556640625,1.1296898126602173,0.04924200102686882,0.0814590883063504,1965.9585887752025,594.6010185833525,4208.66887471762,1418.0995535472337,-21.228897285461425,-10.755597591400146,-7.774151039123535,92.72119903564453,26.64080047607422,-9.504209518432617,16.01999282836914,29.71900749206543,13.750995635986328,11.368553161621094,10.379979133605957,13.774147033691406,11.26539134979248,2.456958770751953,9.214947700500488,6.969018936157227,8.554876327514648,0.7110599875450134,8.064153671264648,7.731773853302002,9.813913345336914,-1.533600091934204,8.060464859008789,-1.0760552883148193,8.031168937683105,-0.633650004863739,7.887391567230225,19.791460394114093,14.589112255748503,18.45690707848651,18.981506862199463,19.20040448515358,17.79003649019215,46.565910295224825
裏切り者のレクイエム.mp3,112.34714673913044,5.0,0.755526409593435,-14.78026294708252,1.139939785003662,0.04334679991006851,0.11661771292723264,2510.4240969753323,723.2138378280299,5355.829922004204,1423.524150478848,-20.33920955657959,-11.567151069641113,-9.017195510864257,82.39041137695312,27.498294830322266,-6.237144470214844,16.219532012939453,29.340625762939453,15.855880737304688,-2.3922388553619385,10.50216293334961,12.66121768951416,9.331671714782715,2.046825647354126,9.420029640197754,8.310802459716797,8.001736640930176,1.7821754217147827,7.303733825683594,5.425304412841797,7.494983196258545,-0.9874933362007141,6.873919486999512,6.076749801635742,7.926809310913086,0.6239053606987,7.308138370513916,19.41554892554934,14.414899079444625,16.262653603320057,16.45334681823483,16.767167438315102,17.126331740301296,48.97818330402148
蒼い炎.mp3,135.99917763157896,8.0,0.8147559821112478,-11.193379402160645,1.1671134233474731,0.018769947811961174,0.09788485909571401,2193.6616818548896,627.8067277784289,4640.195238830813,1328.4718175127982,-15.048293113708496,-9.826980590820312,-8.062771797180176,95.2537612915039,24.42841911315918,-7.0540080070495605,20.64371681213379,35.9199333190918,13.820545196533203,0.5267646908760071,12.57426643371582,8.354314804077148,11.727571487426758,3.471729040145874,10.336281776428223,13.332467079162598,9.691243171691895,-0.032355036586523056,9.00388240814209,8.975202560424805,9.723294258117676,-2.813857316970825,7.956691265106201,3.5030791759490967,8.419702529907227,0.9365677237510681,7.3260064125061035,19.756047551307038,15.539119626171955,17.764670320520718,18.921880147552763,18.21935668874708,18.457497654446318,50.70454876813072
軌跡.mp3,151.99908088235293,7.0,0.8325036470333559,-12.003867149353027,1.2138006687164307,0.03667087480425835,0.12146915715299278,2574.2344937835965,780.7033908811401,5515.424673672923,1599.0571561366241,-15.567926406860352,-9.214553833007812,-7.812995910644531,82.92646789550781,31.927255630493164,-8.682411193847656,20.741138458251953,21.445131301879883,15.514994621276855,6.674173355102539,12.8910493850708,4.735508441925049,11.921011924743652,0.6135092973709106,9.428018569946289,9.1234130859375,9.228631973266602,2.4960124492645264,8.618789672851562,9.719948768615723,9.540082931518555,1.9472075700759888,7.328114986419678,6.418640613555908,7.31926155090332,-1.2611455917358398,6.6526923179626465,20.332825571663786,14.672221493775465,17.562418876450128,17.682972471389718,17.956385826555856,17.67594099392753,48.01785013886893
鈴木このみ「Reweave」MV（TVアニメ『Re：ゼロから始める異世界生活』3rd season OPテーマ）.mp3,123.046875,6.0,0.8410040160445628,-12.382397651672363,1.2603853940963745,0.06572842597961426,0.1417781648497011,2791.85263176296,780.1856844996482,5798.132094696901,1632.799012901183,-16.79065704345703,-9.519132614135742,-7.808149337768555,72.478271484375,33.50739669799805,-6.813852787017822,18.815935134887695,22.758481979370117,15.826148986816406,5.394162654876709,10.895186424255371,5.448749542236328,10.257303237915039,6.128133296966553,7.747758388519287,7.144564628601074,9.32770824432373,4.785947799682617,8.440452575683594,5.223274230957031,8.224273681640625,-3.34983491897583,8.821881294250488,6.270331859588623,7.515136241912842,-1.5505353212356567,7.862217426300049,17.917993837645895,13.146262951514917,16.220828099226622,16.744191001746206,16.920762981787387,17.461390827333283,47.23065642107402
貴方の恋人になりたい.mp3,123.046875,5.0,0.8400841588942037,-12.734898567199707,1.5445458889007568,0.029200023040175438,0.11109572772550333,2682.4969667569007,822.7880524554687,5785.456787763129,1597.086052226376,-18.307683563232423,-10.784574508666992,-8.691920471191406,73.17232513427734,31.14236831665039,6.831820011138916,19.522008895874023,28.63271141052246,14.96970272064209,2.5429229736328125,11.902518272399902,7.71911096572876,12.25700855255127,4.7221903800964355,10.327305793762207,-2.6164650917053223,11.192882537841797,1.3032407760620117,10.487520217895508,0.28354179859161377,9.412111282348633,1.5721821784973145,9.117207527160645,1.708897590637207,9.115649223327637,1.3305079936981201,10.404178619384766,20.709751191520922,15.376841196038487,21.011414244595713,19.690779010743096,18.71100232883748,17.420420127986972,46.293300167839924
退屈を再演しないで - Eve MV.mp3,123.046875,4.0,0.7032029159048796,-13.94800090789795,1.4197509288787842,0.03170420974493027,0.09647590711582862,2314.880168080242,966.9386681927349,5013.560547376058,2162.828891096097,-20.398411178588866,-11.832290649414062,-7.015562725067139,94.10850524902344,40.32017135620117,-0.7968838214874268,26.381643295288086,20.354101181030273,18.988384246826172,8.898144721984863,13.893977165222168,-0.6128208637237549,14.058939933776855,-0.3302784562110901,10.631769180297852,3.593416929244995,9.304648399353027,1.976484775543213,10.846428871154785,4.573678970336914,9.881739616394043,-0.8884947896003723,8.089359283447266,-1.3996154069900513,8.65945816040039,-5.749576568603516,8.677755355834961,21.22346416932632,15.750556389160819,18.122934481623133,18.231703421735087,18.334411572297103,18.415117813855254,45.769865094352426
闇夜 - Eve MV ＂Dark night＂.mp3,161.4990234375,3.0,0.7910225634687758,-16.784820556640625,1.137948989868164,0.07701437175273895,0.07071757637331838,1775.1957001238898,784.7411364173656,3707.08134296957,1783.0207828154605,-29.701019287109375,-9.539314270019531,-7.516572952270508,100.49597930908203,39.380775451660156,-4.758877754211426,22.521944046020508,27.408021926879883,17.1048641204834,10.498674392700195,11.725608825683594,2.9811859130859375,11.244359970092773,6.528223037719727,9.667420387268066,2.361025810241699,9.900664329528809,0.8986698985099792,8.310626029968262,4.058051586151123,9.589065551757812,-0.9533866047859192,7.554252624511719,-1.7087206840515137,8.039666175842285,-0.4894377291202545,8.31555461883545,20.555968714757128,16.025164720989356,19.951749805298974,19.5262687658836,19.973377185307136,20.036073672297377,43.41577693970915
雨とペトラ.mp3,99.38401442307692,11.0,0.7249527953395092,-14.75079345703125,1.4443894624710083,0.06528224050998688,0.18369145970169676,3381.2581498843747,917.483587907357,7022.875639816811,1442.0475028508029,-18.68457565307617,-13.753985404968262,-9.642002487182618,47.73051452636719,25.8231143951416,7.949270725250244,22.655895233154297,28.801515579223633,17.136789321899414,10.161998748779297,11.615836143493652,3.7959976196289062,10.950430870056152,2.5032427310943604,9.582737922668457,9.569132804870605,10.565779685974121,5.373220443725586,9.180266380310059,6.000150680541992,8.805095672607422,-4.1324920654296875,8.00761890411377,0.12318689376115799,7.026550769805908,-2.335810422897339,7.234253406524658,18.951013259821394,15.217028147156704,16.98659800919693,17.96946067620583,17.966226388310705,17.55426414792005,47.48727053544308
蒼のワルツ - Eve MV.mp3,123.046875,10.0,0.8341057999193233,-15.774240493774414,1.1105402708053589,0.02615916170179844,0.08813389987810284,1970.737803174745,684.466350752101,4046.673359677224,1568.444592590709,-22.887678718566892,-13.14130163192749,-8.669572353363035,107.00238037109375,31.54328155517578,-12.004173278808594,21.495641708374023,22.024858474731445,17.713319778442383,9.315387725830078,11.119672775268555,1.215702772140503,10.943609237670898,-1.662261724472046,10.826269149780273,-2.474921703338623,13.160888671875,0.2464393824338913,9.414995193481445,2.259671926498413,9.503888130187988,-4.046000957489014,9.05373477935791,-0.7940528988838196,8.134668350219727,-1.7317389249801636,8.693384170532227,20.539590532289505,16.193946761279445,19.4927804577166,19.60566149388689,20.483918284321263,19.9873460992147,47.636638056099564
限界突破×サバイバー.mp3,123.046875,3.0,0.7736452341241332,-10.835145950317383,1.165894627571106,0.05544428154826164,0.14436114163004396,2798.309364942609,485.68140815856225,5631.460623716384,988.7478255369115,-11.435877418518066,-8.905908584594727,-7.557941961288452,66.7842788696289,16.13542938232422,-12.735054969787598,13.078643798828125,32.18826675415039,12.295430183410645,-0.069920614361763,8.764079093933105,11.01209831237793,7.839544773101807,5.1160759925842285,7.921004772186279,8.77737808227539,6.48525333404541,1.1406824588775635,6.748013973236084,7.677154541015625,8.077994346618652,-0.5761463642120361,6.900078296661377,5.384722709655762,6.8300628662109375,0.8918684124946594,6.2010884284973145,20.322062472281726,13.15070687318583,16.51119259779786,17.049570274588273,16.586072354723328,17.005590594375548,48.42843247349949
革命道中 - On The Way.mp3,123.046875,1.0,0.6463329606526151,-12.97851276397705,1.645382285118103,0.044266313314437866,0.1224520815590861,2825.2588344199444,826.5427632091745,6148.06085006479,1677.0684409201858,-17.358684921264647,-10.96905517578125,-7.438835716247558,70.95633697509766,31.72910499572754,-6.569581985473633,24.359777450561523,8.048091888427734,20.421588897705078,1.5363143682479858,12.851688385009766,5.726685047149658,13.496291160583496,-0.41847267746925354,11.602540969848633,8.251160621643066,10.151392936706543,-2.415955066680908,9.677470207214355,7.364572048187256,8.255789756774902,-4.058742523193359,8.042678833007812,3.938039541244507,8.093452453613281,-4.575861930847168,8.348808288574219,19.3049145653026,15.020899039069016,17.678841953058207,17.829040261660328,17.473500121578034,16.534245984265475,49.36692259926551
風が吹く街.mp3,99.38401442307692,7.0,0.803751505887052,-12.51130199432373,1.1227591037750244,0.03312380984425545,0.10346525216856851,2341.429901972402,694.6132951866629,4841.947184901632,1383.7226606383572,-16.81061134338379,-10.152641296386719,-8.050857543945312,81.11138153076172,28.028949737548828,-13.905510902404785,18.979833602905273,41.46100616455078,17.31760597229004,6.837194919586182,11.898764610290527,7.136779308319092,11.587997436523438,-1.905961036682129,7.995934963226318,6.141735553741455,12.192791938781738,2.1366217136383057,8.404585838317871,5.568447113037109,9.606607437133789,-3.103503942489624,7.622186183929443,2.226370096206665,8.587785720825195,-3.0305721759796143,7.145381450653076,21.07786268289763,15.075490329694375,18.941612344639875,18.221011396088766,17.60788070371456,18.02260458809489,49.46893353280665
飛ぶ時.mp3,143.5546875,2.0,0.8605710324177894,-11.859819412231445,1.2424702644348145,0.03565041348338127,0.10400502739541238,2472.820181266289,713.5779886364004,5274.852585074308,1372.9539309295824,-17.6602481842041,-9.372495174407959,-7.641235780715942,76.23059844970703,23.146047592163086,-2.2143194675445557,18.101259231567383,31.983549118041992,12.75198745727539,6.593155384063721,9.656230926513672,12.660673141479492,8.924560546875,-0.1844625473022461,8.879997253417969,4.144865989685059,7.926496982574463,-3.3077316284179688,8.140291213989258,3.6494405269622803,8.430228233337402,-1.5391844511032104,7.78709077835083,3.173189163208008,7.727020263671875,-2.3793177604675293,7.457248687744141,20.59082622098296,14.997469248757515,17.52865371068195,17.325047478215843,17.05538527509795,16.880489101617243,47.69118899429193
ꉈꀧ꒒꒒ꁄꍈꍈꀧ꒦ꉈ ꉣꅔꎡꅔꁕꁄ × 椎名林檎 - Ｗ●ＲＫ.mp3,143.5546875,5.0,0.33334425383069227,-17.709365844726562,1.3002523183822632,0.0688035860657692,0.14035641224604967,2741.6469977458837,837.1428423174951,5662.494557262275,1579.6755417354198,-24.12166137695312,-13.93220329284668,-10.293761253356934,70.59603881835938,29.82927894592285,-6.451850891113281,22.077869415283203,24.557920455932617,16.579910278320312,-1.9409663677215576,12.431696891784668,11.141708374023438,10.7605562210083,-2.956449031829834,9.611908912658691,5.575597286224365,8.493695259094238,-0.999677300453186,8.327143669128418,4.021541595458984,8.670654296875,-3.269164800643921,7.942739486694336,1.564393162727356,7.429481029510498,-3.939500570297241,7.310156345367432,19.43053061388472,13.121818122461683,15.779051126433137,16.556377191131155,16.701855564020185,16.34083824013137,48.6073345820621
青いカナリヤ (Acoustic ver.).mp3,123.046875,0.0,0.7380587114675624,-18.04075813293457,0.9935048222541809,0.004700885154306889,0.06583884778643305,1331.9552075568822,747.1526478300206,2309.7513064438335,1683.1484117300943,-27.34524002075195,-15.738825798034668,-10.360259819030759,142.82408142089844,39.70173263549805,11.183295249938965,20.372447967529297,1.2169727087020874,18.002872467041016,-7.396434783935547,13.151081085205078,-3.1312808990478516,14.17341423034668,-1.9913946390151978,11.999300003051758,-8.773799896240234,11.62189769744873,-6.969075679779053,11.448307037353516,-4.002857685089111,10.560017585754395,-15.073448181152344,12.078566551208496,-4.791672706604004,10.833619117736816,-8.109071731567383,10.073872566223145,20.444407941789926,19.721277885877647,23.95646605467826,25.311348287947116,24.296231864057283,22.68826827518642,49.89956654325919
